2025-07-20 11:18:38 - INFO - app - Iniciando Sistema Tía Glenda Backend
2025-07-20 11:18:38 - INFO - app - Iniciando Sistema Tía Glenda Backend
2025-07-20 11:18:51 - INFO - LoginService.login - Intento de autenticacion
2025-07-20 11:18:51 - INFO - LoginComponent.get_user_for_login - Busqueda para usuario: admin
2025-07-20 11:18:52 - INFO - LoginComponent.update_last_access - Actualizado para usuario ID: 1
2025-07-20 11:18:52 - INFO - LoginService.login - Autenticacion exitosa: admin
2025-07-20 11:18:54 - INFO - LoginComponent.get_user_by_id - Consulta para usuario ID: 1
2025-07-20 11:18:54 - INFO - PersonaService.create_persona - Iniciando
2025-07-20 11:18:54 - INFO - PersonaComponent.get_persona_by_id - Persona 22 encontrada
2025-07-20 11:18:54 - INFO - PersonaComponent.create_persona - Persona creada con ID: 22
2025-07-20 11:18:54 - INFO - PersonaService.create_persona - Persona creada exitosamente
2025-07-20 11:18:56 - INFO - LoginComponent.get_user_by_id - Consulta para usuario ID: 1
2025-07-20 11:18:56 - INFO - EspecialidadService.get_especialidades_activas - Iniciando
2025-07-20 11:18:56 - INFO - EspecialidadComponent.get_especialidades_activas - 41 especialidades activas encontradas
2025-07-20 11:18:56 - INFO - EspecialidadService.get_especialidades_activas - Especialidades activas obtenidas
2025-07-20 11:18:58 - INFO - LoginComponent.get_user_by_id - Consulta para usuario ID: 1
2025-07-20 11:18:58 - INFO - PersonalService.get_personal - Iniciando
2025-07-20 11:18:58 - INFO - PersonalComponent.get_all_personal - 7 miembros del personal encontrados
2025-07-20 11:18:58 - INFO - PersonalService.get_personal - Personal obtenido exitosamente
2025-07-20 11:19:00 - INFO - LoginComponent.get_user_by_id - Consulta para usuario ID: 1
2025-07-20 11:19:00 - INFO - PersonalService.create_personal - Iniciando
2025-07-20 11:19:01 - INFO - PersonalComponent.get_personal_by_id - Personal 8 encontrado
2025-07-20 11:19:01 - INFO - PersonalComponent.create_personal - Personal creado con ID: 8
2025-07-20 11:19:01 - INFO - PersonalService.create_personal - Personal creado exitosamente
2025-07-20 11:19:03 - INFO - LoginComponent.get_user_by_id - Consulta para usuario ID: 1
2025-07-20 11:19:03 - INFO - PersonalService.get_personal_by_id - ID: 8
2025-07-20 11:19:03 - INFO - PersonalComponent.get_personal_by_id - Personal 8 encontrado
2025-07-20 11:19:03 - INFO - PersonalService.get_personal_by_id - Personal 8 encontrado
2025-07-20 11:19:05 - INFO - LoginComponent.get_user_by_id - Consulta para usuario ID: 1
2025-07-20 11:19:05 - INFO - PersonalService.update_personal - ID: 8
2025-07-20 11:19:05 - INFO - PersonalComponent.get_personal_by_id - Personal 8 encontrado
2025-07-20 11:19:05 - INFO - PersonalComponent.update_personal - Personal 8 actualizado
2025-07-20 11:19:05 - INFO - PersonalService.update_personal - Personal 8 actualizado
2025-07-20 11:19:07 - INFO - LoginComponent.get_user_by_id - Consulta para usuario ID: 1
2025-07-20 11:19:07 - INFO - PersonalService.get_personal_especialidades - Personal ID: 8
2025-07-20 11:19:07 - INFO - PersonalComponent.get_personal_by_id - Personal 8 encontrado
2025-07-20 11:19:07 - INFO - PersonalService.get_personal_especialidades - 0 especialidades encontradas
2025-07-20 11:19:09 - INFO - LoginComponent.get_user_by_id - Consulta para usuario ID: 1
2025-07-20 11:19:09 - INFO - PersonalService.assign_especialidad - Personal ID: 8
2025-07-20 11:19:09 - INFO - PersonalComponent.assign_especialidad - Especialidad 36 asignada a personal 8
2025-07-20 11:19:09 - INFO - PersonalService.assign_especialidad - Especialidad 36 asignada a personal 8
2025-07-20 11:19:12 - INFO - LoginComponent.get_user_by_id - Consulta para usuario ID: 1
2025-07-20 11:19:12 - INFO - PersonalService.get_personal_especialidades - Personal ID: 8
2025-07-20 11:19:12 - INFO - PersonalComponent.get_personal_by_id - Personal 8 encontrado
2025-07-20 11:19:12 - INFO - PersonalService.get_personal_especialidades - 1 especialidades encontradas
2025-07-20 11:19:14 - INFO - LoginComponent.get_user_by_id - Consulta para usuario ID: 1
2025-07-20 11:19:14 - INFO - PersonalService.assign_especialidad - Personal ID: 8
2025-07-20 11:19:16 - INFO - LoginService.login - Intento de autenticacion
2025-07-20 11:19:16 - INFO - LoginComponent.get_user_for_login - Busqueda para usuario: admin
2025-07-20 11:19:16 - INFO - LoginComponent.get_user_by_id - Consulta para usuario ID: 1
2025-07-20 11:19:16 - INFO - PersonalService.remove_especialidad - Personal ID: 8, Especialidad ID: 36
2025-07-20 11:19:16 - INFO - LoginComponent.update_last_access - Actualizado para usuario ID: 1
2025-07-20 11:19:16 - INFO - LoginService.login - Autenticacion exitosa: admin
2025-07-20 11:19:16 - INFO - PersonalComponent.remove_especialidad - Especialidad 36 removida del personal 8
2025-07-20 11:19:16 - INFO - PersonalService.remove_especialidad - Especialidad 36 removida del personal 8
2025-07-20 11:19:18 - INFO - LoginComponent.get_user_by_id - Consulta para usuario ID: 1
2025-07-20 11:19:18 - INFO - PersonaService.create_persona - Iniciando
2025-07-20 11:19:18 - INFO - LoginComponent.get_user_by_id - Consulta para usuario ID: 1
2025-07-20 11:19:18 - INFO - PersonalService.get_personal_by_area - Área: terapeutico
2025-07-20 11:19:18 - INFO - PersonalComponent.get_personal_by_area - 3 personal de área terapeutico encontrado
2025-07-20 11:19:18 - INFO - PersonalService.get_personal_by_area - Personal de terapeutico obtenido
2025-07-20 11:19:18 - INFO - PersonaComponent.get_persona_by_id - Persona 23 encontrada
2025-07-20 11:19:18 - INFO - PersonaComponent.create_persona - Persona creada con ID: 23
2025-07-20 11:19:18 - INFO - PersonaService.create_persona - Persona creada exitosamente
2025-07-20 11:19:20 - INFO - LoginComponent.get_user_by_id - Consulta para usuario ID: 1
2025-07-20 11:19:20 - INFO - PersonalService.get_personal_by_area - Área: pedagogico
2025-07-20 11:19:20 - INFO - PersonalComponent.get_personal_by_area - 3 personal de área pedagogico encontrado
2025-07-20 11:19:20 - INFO - PersonalService.get_personal_by_area - Personal de pedagogico obtenido
2025-07-20 11:19:21 - INFO - LoginComponent.get_user_by_id - Consulta para usuario ID: 1
2025-07-20 11:19:21 - INFO - TutorService.get_tutores - Iniciando
2025-07-20 11:19:21 - INFO - TutorComponent.get_all_tutores - 6 tutores encontrados
2025-07-20 11:19:21 - INFO - TutorService.get_tutores - Tutores obtenidos exitosamente
2025-07-20 11:19:23 - INFO - LoginComponent.get_user_by_id - Consulta para usuario ID: 1
2025-07-20 11:19:23 - INFO - PersonalService.get_estadisticas - Iniciando
2025-07-20 11:19:23 - INFO - LoginComponent.get_user_by_id - Consulta para usuario ID: 1
2025-07-20 11:19:23 - INFO - TutorService.create_tutor - Iniciando
2025-07-20 11:19:23 - INFO - PersonalComponent.get_estadisticas_personal - Estadísticas obtenidas
2025-07-20 11:19:23 - INFO - PersonalService.get_estadisticas - Estadísticas obtenidas
2025-07-20 11:19:23 - INFO - TutorComponent.get_tutor_by_id - Tutor 7 encontrado
2025-07-20 11:19:23 - INFO - TutorComponent.create_tutor - Tutor creado con ID: 7
2025-07-20 11:19:23 - INFO - TutorService.create_tutor - Tutor creado exitosamente
2025-07-20 11:19:25 - INFO - LoginComponent.get_user_by_id - Consulta para usuario ID: 1
2025-07-20 11:19:25 - INFO - PersonalService.create_personal - Iniciando
2025-07-20 11:19:25 - INFO - LoginComponent.get_user_by_id - Consulta para usuario ID: 1
2025-07-20 11:19:25 - INFO - TutorService.get_tutor_by_id - ID: 7
2025-07-20 11:19:25 - INFO - TutorComponent.get_tutor_by_id - Tutor 7 encontrado
2025-07-20 11:19:25 - INFO - TutorService.get_tutor_by_id - Tutor 7 encontrado
2025-07-20 11:19:27 - INFO - LoginComponent.get_user_by_id - Consulta para usuario ID: 1
2025-07-20 11:19:27 - INFO - PersonalService.create_personal - Iniciando
2025-07-20 11:19:27 - INFO - LoginComponent.get_user_by_id - Consulta para usuario ID: 1
2025-07-20 11:19:27 - INFO - TutorService.update_tutor - ID: 7
2025-07-20 11:19:27 - INFO - TutorComponent.get_tutor_by_id - Tutor 7 encontrado
2025-07-20 11:19:27 - INFO - TutorComponent.update_tutor - Tutor 7 actualizado
2025-07-20 11:19:27 - INFO - TutorService.update_tutor - Tutor 7 actualizado
2025-07-20 11:19:29 - INFO - LoginComponent.get_user_by_id - Consulta para usuario ID: 1
2025-07-20 11:19:29 - INFO - PersonalService.create_personal - Iniciando
2025-07-20 11:19:29 - INFO - LoginComponent.get_user_by_id - Consulta para usuario ID: 1
2025-07-20 11:19:29 - INFO - TutorService.get_tutores_activos - Iniciando
2025-07-20 11:19:30 - INFO - TutorComponent.get_tutores_activos - 7 tutores activos encontrados
2025-07-20 11:19:30 - INFO - TutorService.get_tutores_activos - Tutores activos obtenidos
2025-07-20 11:19:31 - INFO - LoginComponent.get_user_by_id - Consulta para usuario ID: 1
2025-07-20 11:19:31 - INFO - PersonalService.get_personal_by_area - Área: area_inexistente
2025-07-20 11:19:32 - INFO - LoginComponent.get_user_by_id - Consulta para usuario ID: 1
2025-07-20 11:19:32 - INFO - TutorService.get_estadisticas - Iniciando
2025-07-20 11:19:32 - INFO - TutorComponent.get_estadisticas_tutores - Estadísticas obtenidas
2025-07-20 11:19:32 - INFO - TutorService.get_estadisticas - Estadísticas obtenidas
2025-07-20 11:19:33 - INFO - LoginComponent.get_user_by_id - Consulta para usuario ID: 1
2025-07-20 11:19:33 - INFO - PersonalService.delete_personal - ID: 8
2025-07-20 11:19:33 - INFO - PersonalComponent.deactivate_personal - Personal 8 desactivado
2025-07-20 11:19:33 - INFO - PersonalService.delete_personal - Personal 8 desactivado
2025-07-20 11:19:34 - INFO - LoginComponent.get_user_by_id - Consulta para usuario ID: 1
2025-07-20 11:19:34 - INFO - TutorService.get_personas_disponibles - Iniciando
2025-07-20 11:19:34 - INFO - TutorComponent.get_personas_disponibles_para_tutor - 16 personas disponibles
2025-07-20 11:19:34 - INFO - TutorService.get_personas_disponibles - Personas disponibles obtenidas
2025-07-20 11:19:36 - INFO - LoginComponent.get_user_by_id - Consulta para usuario ID: 1
2025-07-20 11:19:36 - INFO - TutorService.create_tutor - Iniciando
2025-07-20 11:19:38 - INFO - LoginComponent.get_user_by_id - Consulta para usuario ID: 1
2025-07-20 11:19:38 - INFO - TutorService.create_tutor - Iniciando
2025-07-20 11:19:40 - INFO - LoginComponent.get_user_by_id - Consulta para usuario ID: 1
2025-07-20 11:19:40 - INFO - TutorService.create_tutor - Iniciando
2025-07-20 11:19:42 - INFO - LoginComponent.get_user_by_id - Consulta para usuario ID: 1
2025-07-20 11:19:42 - INFO - TutorService.create_tutor - Iniciando
2025-07-20 11:19:45 - INFO - LoginComponent.get_user_by_id - Consulta para usuario ID: 1
2025-07-20 11:19:45 - INFO - TutorService.create_tutor - Iniciando
2025-07-20 11:19:47 - INFO - LoginComponent.get_user_by_id - Consulta para usuario ID: 1
2025-07-20 11:19:47 - INFO - TutorService.delete_tutor - ID: 7
2025-07-20 11:19:47 - INFO - TutorComponent.deactivate_tutor - Tutor 7 desactivado
2025-07-20 11:19:47 - INFO - TutorService.delete_tutor - Tutor 7 desactivado
2025-07-20 11:19:49 - INFO - LoginComponent.get_user_by_id - Consulta para usuario ID: 1
2025-07-20 11:19:49 - INFO - TutorService.delete_tutor - ID: 99999
2025-07-20 11:22:52 - INFO - app - Iniciando Sistema Tía Glenda Backend
2025-07-20 11:23:22 - INFO - app - Iniciando Sistema Tía Glenda Backend
2025-07-20 11:23:34 - INFO - app - Iniciando Sistema Tía Glenda Backend
2025-07-20 11:24:52 - INFO - app - Iniciando Sistema Tía Glenda Backend
2025-07-20 11:24:56 - INFO - LoginService.login - Intento de autenticacion
2025-07-20 11:24:56 - INFO - LoginComponent.get_user_for_login - Busqueda para usuario: admin
2025-07-20 11:24:57 - INFO - LoginComponent.update_last_access - Actualizado para usuario ID: 1
2025-07-20 11:24:57 - INFO - LoginService.login - Autenticacion exitosa: admin
2025-07-20 11:24:59 - INFO - LoginComponent.get_user_by_id - Consulta para usuario ID: 1
2025-07-20 11:24:59 - INFO - PersonaService.create_persona - Iniciando
2025-07-20 11:24:59 - INFO - PersonaComponent.get_persona_by_id - Persona 24 encontrada
2025-07-20 11:24:59 - INFO - PersonaComponent.create_persona - Persona creada con ID: 24
2025-07-20 11:24:59 - INFO - PersonaService.create_persona - Persona creada exitosamente
2025-07-20 11:25:01 - INFO - LoginComponent.get_user_by_id - Consulta para usuario ID: 1
2025-07-20 11:25:01 - INFO - TutorService.create_tutor - Iniciando
2025-07-20 11:25:01 - INFO - TutorComponent.get_tutor_by_id - Tutor 8 encontrado
2025-07-20 11:25:01 - INFO - TutorComponent.create_tutor - Tutor creado con ID: 8
2025-07-20 11:25:01 - INFO - TutorService.create_tutor - Tutor creado exitosamente
2025-07-20 11:25:04 - INFO - LoginComponent.get_user_by_id - Consulta para usuario ID: 1
2025-07-20 11:25:04 - INFO - PersonaService.create_persona - Iniciando
2025-07-20 11:25:04 - INFO - PersonaComponent.get_persona_by_id - Persona 25 encontrada
2025-07-20 11:25:04 - INFO - PersonaComponent.create_persona - Persona creada con ID: 25
2025-07-20 11:25:04 - INFO - PersonaService.create_persona - Persona creada exitosamente
2025-07-20 11:25:06 - INFO - LoginComponent.get_user_by_id - Consulta para usuario ID: 1
2025-07-20 11:25:06 - INFO - PacienteService.get_pacientes - Iniciando
2025-07-20 11:25:06 - INFO - PacienteComponent.get_all_pacientes - 6 pacientes encontrados
2025-07-20 11:25:06 - INFO - PacienteService.get_pacientes - Pacientes obtenidos exitosamente
2025-07-20 11:25:08 - INFO - LoginComponent.get_user_by_id - Consulta para usuario ID: 1
2025-07-20 11:25:08 - INFO - PacienteService.create_paciente - Iniciando
2025-07-20 11:25:08 - INFO - PacienteComponent.get_paciente_by_id - Paciente 7 encontrado
2025-07-20 11:25:08 - INFO - PacienteComponent.create_paciente - Paciente creado con ID: 7
2025-07-20 11:25:08 - INFO - PacienteService.create_paciente - Paciente creado exitosamente
2025-07-20 11:25:10 - INFO - LoginComponent.get_user_by_id - Consulta para usuario ID: 1
2025-07-20 11:25:10 - INFO - PacienteService.get_paciente_by_id - ID: 7
2025-07-20 11:25:11 - INFO - PacienteComponent.get_paciente_by_id - Paciente 7 encontrado
2025-07-20 11:25:11 - INFO - PacienteService.get_paciente_by_id - Paciente 7 encontrado
2025-07-20 11:25:13 - INFO - LoginComponent.get_user_by_id - Consulta para usuario ID: 1
2025-07-20 11:25:13 - INFO - PacienteService.update_paciente - ID: 7
2025-07-20 11:25:13 - INFO - PacienteComponent.get_paciente_by_id - Paciente 7 encontrado
2025-07-20 11:25:13 - INFO - PacienteComponent.update_paciente - Paciente 7 actualizado
2025-07-20 11:25:13 - INFO - PacienteService.update_paciente - Paciente 7 actualizado
2025-07-20 11:25:15 - INFO - LoginComponent.get_user_by_id - Consulta para usuario ID: 1
2025-07-20 11:25:15 - INFO - PacienteService.change_estado_paciente - ID: 7
2025-07-20 11:25:15 - INFO - PacienteComponent.change_estado_paciente - Paciente 7 cambió a estado inactivo
2025-07-20 11:25:15 - INFO - PacienteService.change_estado_paciente - Estado del paciente 7 cambiado
2025-07-20 11:25:17 - INFO - LoginComponent.get_user_by_id - Consulta para usuario ID: 1
2025-07-20 11:25:17 - INFO - PacienteService.get_pacientes_by_tutor - Tutor ID: 8
2025-07-20 11:25:17 - INFO - PacienteComponent.get_pacientes_by_tutor - 1 pacientes del tutor 8 encontrados
2025-07-20 11:25:17 - INFO - PacienteService.get_pacientes_by_tutor - Pacientes del tutor 8 obtenidos
2025-07-20 11:25:19 - INFO - LoginComponent.get_user_by_id - Consulta para usuario ID: 1
2025-07-20 11:25:19 - INFO - PacienteService.get_estadisticas - Iniciando
2025-07-20 11:25:20 - INFO - PacienteComponent.get_estadisticas_pacientes - Estadísticas obtenidas
2025-07-20 11:25:20 - INFO - PacienteService.get_estadisticas - Estadísticas obtenidas
2025-07-20 11:25:22 - INFO - LoginComponent.get_user_by_id - Consulta para usuario ID: 1
2025-07-20 11:25:22 - INFO - PacienteService.get_personas_disponibles - Iniciando
2025-07-20 11:25:22 - INFO - PacienteComponent.get_personas_disponibles_para_paciente - 18 personas disponibles
2025-07-20 11:25:22 - INFO - PacienteService.get_personas_disponibles - Personas disponibles obtenidas
2025-07-20 11:25:24 - INFO - LoginComponent.get_user_by_id - Consulta para usuario ID: 1
2025-07-20 11:25:24 - INFO - PacienteService.create_paciente - Iniciando
2025-07-20 11:25:26 - INFO - LoginComponent.get_user_by_id - Consulta para usuario ID: 1
2025-07-20 11:25:26 - INFO - PacienteService.create_paciente - Iniciando
2025-07-20 11:25:28 - INFO - LoginComponent.get_user_by_id - Consulta para usuario ID: 1
2025-07-20 11:25:28 - INFO - PacienteService.create_paciente - Iniciando
2025-07-20 11:25:30 - INFO - LoginComponent.get_user_by_id - Consulta para usuario ID: 1
2025-07-20 11:25:30 - INFO - PacienteService.create_paciente - Iniciando
2025-07-20 11:25:32 - INFO - LoginComponent.get_user_by_id - Consulta para usuario ID: 1
2025-07-20 11:25:32 - INFO - PacienteService.create_paciente - Iniciando
2025-07-20 11:25:34 - INFO - LoginComponent.get_user_by_id - Consulta para usuario ID: 1
2025-07-20 11:25:34 - INFO - PacienteService.change_estado_paciente - ID: 1
2025-07-20 11:25:37 - INFO - LoginComponent.get_user_by_id - Consulta para usuario ID: 1
2025-07-20 11:25:37 - INFO - PacienteService.change_estado_paciente - ID: 7
2025-07-20 11:25:37 - INFO - PacienteComponent.change_estado_paciente - Paciente 7 cambió a estado activo
2025-07-20 11:25:37 - INFO - PacienteService.change_estado_paciente - Estado del paciente 7 cambiado
2025-07-20 11:25:39 - INFO - LoginComponent.get_user_by_id - Consulta para usuario ID: 1
2025-07-20 11:25:39 - INFO - PacienteService.change_estado_paciente - ID: 7
2025-07-20 11:25:39 - INFO - PacienteComponent.change_estado_paciente - Paciente 7 cambió a estado alta
2025-07-20 11:25:39 - INFO - PacienteService.change_estado_paciente - Estado del paciente 7 cambiado
2025-07-20 11:25:41 - INFO - LoginComponent.get_user_by_id - Consulta para usuario ID: 1
2025-07-20 11:25:41 - INFO - PacienteService.change_estado_paciente - ID: 7
2025-07-20 11:25:41 - INFO - PacienteComponent.change_estado_paciente - Paciente 7 cambió a estado derivado
2025-07-20 11:25:41 - INFO - PacienteService.change_estado_paciente - Estado del paciente 7 cambiado
2025-07-20 11:31:03 - INFO - app - Iniciando Sistema Tía Glenda Backend
2025-07-20 11:32:21 - INFO - app - Iniciando Sistema Tía Glenda Backend
2025-07-20 11:33:48 - INFO - app - Iniciando Sistema Tía Glenda Backend
2025-07-20 11:34:30 - INFO - LoginService.login - Intento de autenticacion
2025-07-20 11:34:30 - INFO - LoginComponent.get_user_for_login - Busqueda para usuario: admin
2025-07-20 11:34:30 - INFO - LoginComponent.update_last_access - Actualizado para usuario ID: 1
2025-07-20 11:34:30 - INFO - LoginService.login - Autenticacion exitosa: admin
2025-07-20 11:34:33 - INFO - LoginComponent.get_user_by_id - Consulta para usuario ID: 1
2025-07-20 11:34:33 - INFO - PersonaService.create_persona - Iniciando
2025-07-20 11:34:33 - INFO - PersonaComponent.get_persona_by_id - Persona 26 encontrada
2025-07-20 11:34:33 - INFO - PersonaComponent.create_persona - Persona creada con ID: 26
2025-07-20 11:34:33 - INFO - PersonaService.create_persona - Persona creada exitosamente
2025-07-20 11:34:35 - INFO - LoginComponent.get_user_by_id - Consulta para usuario ID: 1
2025-07-20 11:34:35 - INFO - TutorService.get_tutores - Iniciando
2025-07-20 11:34:35 - INFO - TutorComponent.get_all_tutores - 8 tutores encontrados
2025-07-20 11:34:35 - INFO - TutorService.get_tutores - Tutores obtenidos exitosamente
2025-07-20 11:34:37 - INFO - LoginComponent.get_user_by_id - Consulta para usuario ID: 1
2025-07-20 11:34:37 - INFO - TutorService.create_tutor - Iniciando
2025-07-20 11:34:38 - INFO - TutorComponent.get_tutor_by_id - Tutor 9 encontrado
2025-07-20 11:34:38 - INFO - TutorComponent.create_tutor - Tutor creado con ID: 9
2025-07-20 11:34:38 - INFO - TutorService.create_tutor - Tutor creado exitosamente
2025-07-20 11:34:40 - INFO - LoginComponent.get_user_by_id - Consulta para usuario ID: 1
2025-07-20 11:34:40 - INFO - TutorService.get_tutor_by_id - ID: 9
2025-07-20 11:34:40 - INFO - TutorComponent.get_tutor_by_id - Tutor 9 encontrado
2025-07-20 11:34:40 - INFO - TutorService.get_tutor_by_id - Tutor 9 encontrado
2025-07-20 11:34:42 - INFO - LoginComponent.get_user_by_id - Consulta para usuario ID: 1
2025-07-20 11:34:42 - INFO - TutorService.update_tutor - ID: 9
2025-07-20 11:34:42 - INFO - TutorComponent.get_tutor_by_id - Tutor 9 encontrado
2025-07-20 11:34:42 - INFO - TutorComponent.update_tutor - Tutor 9 actualizado
2025-07-20 11:34:42 - INFO - TutorService.update_tutor - Tutor 9 actualizado
2025-07-20 11:34:45 - INFO - LoginComponent.get_user_by_id - Consulta para usuario ID: 1
2025-07-20 11:34:45 - INFO - TutorService.get_tutores_activos - Iniciando
2025-07-20 11:34:45 - INFO - TutorComponent.get_tutores_activos - 8 tutores activos encontrados
2025-07-20 11:34:45 - INFO - TutorService.get_tutores_activos - Tutores activos obtenidos
2025-07-20 11:34:47 - INFO - LoginComponent.get_user_by_id - Consulta para usuario ID: 1
2025-07-20 11:34:47 - INFO - TutorService.get_estadisticas - Iniciando
2025-07-20 11:34:47 - INFO - TutorComponent.get_estadisticas_tutores - Estadísticas obtenidas
2025-07-20 11:34:47 - INFO - TutorService.get_estadisticas - Estadísticas obtenidas
2025-07-20 11:34:49 - INFO - LoginComponent.get_user_by_id - Consulta para usuario ID: 1
2025-07-20 11:34:49 - INFO - TutorService.get_personas_disponibles - Iniciando
2025-07-20 11:34:49 - INFO - TutorComponent.get_personas_disponibles_para_tutor - 17 personas disponibles
2025-07-20 11:34:49 - INFO - TutorService.get_personas_disponibles - Personas disponibles obtenidas
2025-07-20 11:34:51 - INFO - LoginComponent.get_user_by_id - Consulta para usuario ID: 1
2025-07-20 11:34:51 - INFO - TutorService.create_tutor - Iniciando
2025-07-20 11:34:53 - INFO - LoginComponent.get_user_by_id - Consulta para usuario ID: 1
2025-07-20 11:34:53 - INFO - TutorService.create_tutor - Iniciando
2025-07-20 11:34:55 - INFO - LoginComponent.get_user_by_id - Consulta para usuario ID: 1
2025-07-20 11:34:55 - INFO - TutorService.create_tutor - Iniciando
2025-07-20 11:34:58 - INFO - LoginComponent.get_user_by_id - Consulta para usuario ID: 1
2025-07-20 11:34:58 - INFO - TutorService.create_tutor - Iniciando
2025-07-20 11:35:00 - INFO - LoginComponent.get_user_by_id - Consulta para usuario ID: 1
2025-07-20 11:35:00 - INFO - TutorService.create_tutor - Iniciando
2025-07-20 11:35:02 - INFO - LoginComponent.get_user_by_id - Consulta para usuario ID: 1
2025-07-20 11:35:02 - INFO - TutorService.delete_tutor - ID: 9
2025-07-20 11:35:02 - INFO - TutorComponent.deactivate_tutor - Tutor 9 desactivado
2025-07-20 11:35:02 - INFO - TutorService.delete_tutor - Tutor 9 desactivado
2025-07-20 11:35:04 - INFO - LoginComponent.get_user_by_id - Consulta para usuario ID: 1
2025-07-20 11:35:04 - INFO - TutorService.delete_tutor - ID: 99999
2025-07-20 11:35:07 - INFO - LoginComponent.get_user_by_id - Consulta para usuario ID: 1
2025-07-20 11:35:07 - INFO - TutorService.delete_tutor - ID: 9
2025-07-20 11:37:30 - INFO - app - Iniciando Sistema Tía Glenda Backend
2025-07-20 11:37:36 - INFO - LoginService.login - Intento de autenticacion
2025-07-20 11:37:36 - INFO - LoginComponent.get_user_for_login - Busqueda para usuario: admin
2025-07-20 11:37:37 - INFO - LoginComponent.update_last_access - Actualizado para usuario ID: 1
2025-07-20 11:37:37 - INFO - LoginService.login - Autenticacion exitosa: admin
2025-07-20 11:37:39 - INFO - LoginComponent.get_user_by_id - Consulta para usuario ID: 1
2025-07-20 11:37:39 - INFO - PersonaService.create_persona - Iniciando
2025-07-20 11:37:39 - INFO - PersonaComponent.get_persona_by_id - Persona 27 encontrada
2025-07-20 11:37:39 - INFO - PersonaComponent.create_persona - Persona creada con ID: 27
2025-07-20 11:37:39 - INFO - PersonaService.create_persona - Persona creada exitosamente
2025-07-20 11:37:41 - INFO - LoginComponent.get_user_by_id - Consulta para usuario ID: 1
2025-07-20 11:37:41 - INFO - TutorService.get_tutores - Iniciando
2025-07-20 11:37:41 - INFO - TutorComponent.get_all_tutores - 9 tutores encontrados
2025-07-20 11:37:41 - INFO - TutorService.get_tutores - Tutores obtenidos exitosamente
2025-07-20 11:37:43 - INFO - LoginComponent.get_user_by_id - Consulta para usuario ID: 1
2025-07-20 11:37:43 - INFO - TutorService.create_tutor - Iniciando
2025-07-20 11:37:44 - INFO - TutorComponent.get_tutor_by_id - Tutor 10 encontrado
2025-07-20 11:37:44 - INFO - TutorComponent.create_tutor - Tutor creado con ID: 10
2025-07-20 11:37:44 - INFO - TutorService.create_tutor - Tutor creado exitosamente
2025-07-20 11:37:46 - INFO - LoginComponent.get_user_by_id - Consulta para usuario ID: 1
2025-07-20 11:37:46 - INFO - TutorService.get_tutor_by_id - ID: 10
2025-07-20 11:37:46 - INFO - TutorComponent.get_tutor_by_id - Tutor 10 encontrado
2025-07-20 11:37:46 - INFO - TutorService.get_tutor_by_id - Tutor 10 encontrado
2025-07-20 11:37:48 - INFO - LoginComponent.get_user_by_id - Consulta para usuario ID: 1
2025-07-20 11:37:48 - INFO - TutorService.update_tutor - ID: 10
2025-07-20 11:37:48 - INFO - TutorComponent.get_tutor_by_id - Tutor 10 encontrado
2025-07-20 11:37:48 - INFO - TutorComponent.update_tutor - Tutor 10 actualizado
2025-07-20 11:37:48 - INFO - TutorService.update_tutor - Tutor 10 actualizado
2025-07-20 11:37:50 - INFO - LoginComponent.get_user_by_id - Consulta para usuario ID: 1
2025-07-20 11:37:50 - INFO - TutorService.get_tutores_activos - Iniciando
2025-07-20 11:37:50 - INFO - TutorComponent.get_tutores_activos - 8 tutores activos encontrados
2025-07-20 11:37:50 - INFO - TutorService.get_tutores_activos - Tutores activos obtenidos
2025-07-20 11:37:53 - INFO - LoginComponent.get_user_by_id - Consulta para usuario ID: 1
2025-07-20 11:37:53 - INFO - TutorService.get_estadisticas - Iniciando
2025-07-20 11:37:53 - INFO - TutorComponent.get_estadisticas_tutores - Estadísticas obtenidas
2025-07-20 11:37:53 - INFO - TutorService.get_estadisticas - Estadísticas obtenidas
2025-07-20 11:37:55 - INFO - LoginComponent.get_user_by_id - Consulta para usuario ID: 1
2025-07-20 11:37:55 - INFO - TutorService.get_personas_disponibles - Iniciando
2025-07-20 11:37:55 - INFO - TutorComponent.get_personas_disponibles_para_tutor - 17 personas disponibles
2025-07-20 11:37:55 - INFO - TutorService.get_personas_disponibles - Personas disponibles obtenidas
2025-07-20 11:37:57 - INFO - LoginComponent.get_user_by_id - Consulta para usuario ID: 1
2025-07-20 11:37:57 - INFO - TutorService.create_tutor - Iniciando
2025-07-20 11:37:59 - INFO - LoginComponent.get_user_by_id - Consulta para usuario ID: 1
2025-07-20 11:37:59 - INFO - TutorService.create_tutor - Iniciando
2025-07-20 11:38:01 - INFO - LoginComponent.get_user_by_id - Consulta para usuario ID: 1
2025-07-20 11:38:01 - INFO - TutorService.create_tutor - Iniciando
2025-07-20 11:38:03 - INFO - LoginComponent.get_user_by_id - Consulta para usuario ID: 1
2025-07-20 11:38:03 - INFO - TutorService.create_tutor - Iniciando
2025-07-20 11:38:06 - INFO - LoginComponent.get_user_by_id - Consulta para usuario ID: 1
2025-07-20 11:38:06 - INFO - TutorService.create_tutor - Iniciando
2025-07-20 11:38:08 - INFO - LoginComponent.get_user_by_id - Consulta para usuario ID: 1
2025-07-20 11:38:08 - INFO - TutorService.delete_tutor - ID: 10
2025-07-20 11:38:08 - INFO - TutorComponent.deactivate_tutor - Tutor 10 desactivado
2025-07-20 11:38:08 - INFO - TutorService.delete_tutor - Tutor 10 desactivado
2025-07-20 11:38:10 - INFO - LoginComponent.get_user_by_id - Consulta para usuario ID: 1
2025-07-20 11:38:10 - INFO - TutorService.delete_tutor - ID: 99999
2025-07-20 11:38:14 - INFO - LoginComponent.get_user_by_id - Consulta para usuario ID: 1
2025-07-20 11:38:14 - INFO - TutorService.delete_tutor - ID: 10
2025-07-20 11:39:39 - INFO - app - Iniciando Sistema Tía Glenda Backend
2025-07-20 11:39:46 - INFO - LoginService.login - Intento de autenticacion
2025-07-20 11:39:46 - INFO - LoginComponent.get_user_for_login - Busqueda para usuario: admin
2025-07-20 11:39:47 - INFO - LoginComponent.update_last_access - Actualizado para usuario ID: 1
2025-07-20 11:39:47 - INFO - LoginService.login - Autenticacion exitosa: admin
2025-07-20 11:39:49 - INFO - LoginComponent.get_user_by_id - Consulta para usuario ID: 1
2025-07-20 11:39:49 - INFO - PersonaService.create_persona - Iniciando
2025-07-20 11:39:49 - INFO - PersonaComponent.get_persona_by_id - Persona 28 encontrada
2025-07-20 11:39:49 - INFO - PersonaComponent.create_persona - Persona creada con ID: 28
2025-07-20 11:39:49 - INFO - PersonaService.create_persona - Persona creada exitosamente
2025-07-20 11:39:51 - INFO - LoginComponent.get_user_by_id - Consulta para usuario ID: 1
2025-07-20 11:39:51 - INFO - TutorService.get_tutores - Iniciando
2025-07-20 11:39:51 - INFO - TutorComponent.get_all_tutores - 10 tutores encontrados
2025-07-20 11:39:51 - INFO - TutorService.get_tutores - Tutores obtenidos exitosamente
2025-07-20 11:39:53 - INFO - LoginComponent.get_user_by_id - Consulta para usuario ID: 1
2025-07-20 11:39:53 - INFO - TutorService.create_tutor - Iniciando
2025-07-20 11:39:54 - INFO - TutorComponent.get_tutor_by_id - Tutor 11 encontrado
2025-07-20 11:39:54 - INFO - TutorComponent.create_tutor - Tutor creado con ID: 11
2025-07-20 11:39:54 - INFO - TutorService.create_tutor - Tutor creado exitosamente
2025-07-20 11:39:56 - INFO - LoginComponent.get_user_by_id - Consulta para usuario ID: 1
2025-07-20 11:39:56 - INFO - TutorService.get_tutor_by_id - ID: 11
2025-07-20 11:39:56 - INFO - TutorComponent.get_tutor_by_id - Tutor 11 encontrado
2025-07-20 11:39:56 - INFO - TutorService.get_tutor_by_id - Tutor 11 encontrado
2025-07-20 11:39:58 - INFO - LoginComponent.get_user_by_id - Consulta para usuario ID: 1
2025-07-20 11:39:58 - INFO - TutorService.update_tutor - ID: 11
2025-07-20 11:39:58 - INFO - TutorComponent.get_tutor_by_id - Tutor 11 encontrado
2025-07-20 11:39:58 - INFO - TutorComponent.update_tutor - Tutor 11 actualizado
2025-07-20 11:39:58 - INFO - TutorService.update_tutor - Tutor 11 actualizado
2025-07-20 11:40:00 - INFO - LoginComponent.get_user_by_id - Consulta para usuario ID: 1
2025-07-20 11:40:00 - INFO - TutorService.get_tutores_activos - Iniciando
2025-07-20 11:40:00 - INFO - TutorComponent.get_tutores_activos - 8 tutores activos encontrados
2025-07-20 11:40:00 - INFO - TutorService.get_tutores_activos - Tutores activos obtenidos
2025-07-20 11:40:03 - INFO - LoginComponent.get_user_by_id - Consulta para usuario ID: 1
2025-07-20 11:40:03 - INFO - TutorService.get_estadisticas - Iniciando
2025-07-20 11:40:03 - INFO - TutorComponent.get_estadisticas_tutores - Estadísticas obtenidas
2025-07-20 11:40:03 - INFO - TutorService.get_estadisticas - Estadísticas obtenidas
2025-07-20 11:40:05 - INFO - LoginComponent.get_user_by_id - Consulta para usuario ID: 1
2025-07-20 11:40:05 - INFO - TutorService.get_personas_disponibles - Iniciando
2025-07-20 11:40:05 - INFO - TutorComponent.get_personas_disponibles_para_tutor - 17 personas disponibles
2025-07-20 11:40:05 - INFO - TutorService.get_personas_disponibles - Personas disponibles obtenidas
2025-07-20 11:40:07 - INFO - LoginComponent.get_user_by_id - Consulta para usuario ID: 1
2025-07-20 11:40:07 - INFO - TutorService.create_tutor - Iniciando
2025-07-20 11:40:09 - INFO - LoginComponent.get_user_by_id - Consulta para usuario ID: 1
2025-07-20 11:40:09 - INFO - TutorService.create_tutor - Iniciando
2025-07-20 11:40:11 - INFO - LoginComponent.get_user_by_id - Consulta para usuario ID: 1
2025-07-20 11:40:11 - INFO - TutorService.create_tutor - Iniciando
2025-07-20 11:40:14 - INFO - LoginComponent.get_user_by_id - Consulta para usuario ID: 1
2025-07-20 11:40:14 - INFO - TutorService.create_tutor - Iniciando
2025-07-20 11:40:16 - INFO - LoginComponent.get_user_by_id - Consulta para usuario ID: 1
2025-07-20 11:40:16 - INFO - TutorService.create_tutor - Iniciando
2025-07-20 11:40:18 - INFO - LoginComponent.get_user_by_id - Consulta para usuario ID: 1
2025-07-20 11:40:18 - INFO - TutorService.delete_tutor - ID: 11
2025-07-20 11:40:18 - INFO - TutorComponent.deactivate_tutor - Tutor 11 desactivado
2025-07-20 11:40:18 - INFO - TutorService.delete_tutor - Tutor 11 desactivado
2025-07-20 11:40:20 - INFO - LoginComponent.get_user_by_id - Consulta para usuario ID: 1
2025-07-20 11:40:20 - INFO - TutorService.delete_tutor - ID: 99999
2025-07-20 11:41:57 - INFO - app - Iniciando Sistema Tía Glenda Backend
2025-07-20 11:42:04 - INFO - LoginService.login - Intento de autenticacion
2025-07-20 11:42:04 - INFO - LoginComponent.get_user_for_login - Busqueda para usuario: admin
2025-07-20 11:42:04 - INFO - LoginComponent.update_last_access - Actualizado para usuario ID: 1
2025-07-20 11:42:04 - INFO - LoginService.login - Autenticacion exitosa: admin
2025-07-20 11:42:06 - INFO - LoginComponent.get_user_by_id - Consulta para usuario ID: 1
2025-07-20 11:42:06 - INFO - PersonaService.create_persona - Iniciando
2025-07-20 11:42:07 - INFO - PersonaComponent.get_persona_by_id - Persona 29 encontrada
2025-07-20 11:42:07 - INFO - PersonaComponent.create_persona - Persona creada con ID: 29
2025-07-20 11:42:07 - INFO - PersonaService.create_persona - Persona creada exitosamente
2025-07-20 11:42:09 - INFO - LoginComponent.get_user_by_id - Consulta para usuario ID: 1
2025-07-20 11:42:09 - INFO - TutorService.create_tutor - Iniciando
2025-07-20 11:42:09 - INFO - TutorComponent.get_tutor_by_id - Tutor 12 encontrado
2025-07-20 11:42:09 - INFO - TutorComponent.create_tutor - Tutor creado con ID: 12
2025-07-20 11:42:09 - INFO - TutorService.create_tutor - Tutor creado exitosamente
2025-07-20 11:42:11 - INFO - LoginComponent.get_user_by_id - Consulta para usuario ID: 1
2025-07-20 11:42:11 - INFO - PersonaService.create_persona - Iniciando
2025-07-20 11:42:11 - INFO - PersonaComponent.get_persona_by_id - Persona 30 encontrada
2025-07-20 11:42:11 - INFO - PersonaComponent.create_persona - Persona creada con ID: 30
2025-07-20 11:42:11 - INFO - PersonaService.create_persona - Persona creada exitosamente
2025-07-20 11:42:14 - INFO - LoginComponent.get_user_by_id - Consulta para usuario ID: 1
2025-07-20 11:42:14 - INFO - PacienteService.get_pacientes - Iniciando
2025-07-20 11:42:14 - INFO - PacienteComponent.get_all_pacientes - 7 pacientes encontrados
2025-07-20 11:42:14 - INFO - PacienteService.get_pacientes - Pacientes obtenidos exitosamente
2025-07-20 11:42:16 - INFO - LoginComponent.get_user_by_id - Consulta para usuario ID: 1
2025-07-20 11:42:16 - INFO - PacienteService.create_paciente - Iniciando
2025-07-20 11:42:16 - INFO - PacienteComponent.get_paciente_by_id - Paciente 8 encontrado
2025-07-20 11:42:16 - INFO - PacienteComponent.create_paciente - Paciente creado con ID: 8
2025-07-20 11:42:16 - INFO - PacienteService.create_paciente - Paciente creado exitosamente
2025-07-20 11:42:19 - INFO - LoginComponent.get_user_by_id - Consulta para usuario ID: 1
2025-07-20 11:42:19 - INFO - PacienteService.get_paciente_by_id - ID: 8
2025-07-20 11:42:19 - INFO - PacienteComponent.get_paciente_by_id - Paciente 8 encontrado
2025-07-20 11:42:19 - INFO - PacienteService.get_paciente_by_id - Paciente 8 encontrado
2025-07-20 11:42:21 - INFO - LoginComponent.get_user_by_id - Consulta para usuario ID: 1
2025-07-20 11:42:21 - INFO - PacienteService.update_paciente - ID: 8
2025-07-20 11:42:21 - INFO - PacienteComponent.get_paciente_by_id - Paciente 8 encontrado
2025-07-20 11:42:21 - INFO - PacienteComponent.update_paciente - Paciente 8 actualizado
2025-07-20 11:42:21 - INFO - PacienteService.update_paciente - Paciente 8 actualizado
2025-07-20 11:42:23 - INFO - LoginComponent.get_user_by_id - Consulta para usuario ID: 1
2025-07-20 11:42:23 - INFO - PacienteService.change_estado_paciente - ID: 8
2025-07-20 11:42:23 - INFO - PacienteComponent.change_estado_paciente - Paciente 8 cambió a estado inactivo
2025-07-20 11:42:23 - INFO - PacienteService.change_estado_paciente - Estado del paciente 8 cambiado
2025-07-20 11:42:25 - INFO - LoginComponent.get_user_by_id - Consulta para usuario ID: 1
2025-07-20 11:42:25 - INFO - PacienteService.change_estado_paciente - ID: 8
2025-07-20 11:42:25 - INFO - PacienteComponent.change_estado_paciente - Paciente 8 cambió a estado activo
2025-07-20 11:42:25 - INFO - PacienteService.change_estado_paciente - Estado del paciente 8 cambiado
2025-07-20 11:42:28 - INFO - LoginComponent.get_user_by_id - Consulta para usuario ID: 1
2025-07-20 11:42:28 - INFO - PacienteService.change_estado_paciente - ID: 8
2025-07-20 11:42:28 - INFO - PacienteComponent.change_estado_paciente - Paciente 8 cambió a estado alta
2025-07-20 11:42:28 - INFO - PacienteService.change_estado_paciente - Estado del paciente 8 cambiado
2025-07-20 11:42:30 - INFO - LoginComponent.get_user_by_id - Consulta para usuario ID: 1
2025-07-20 11:42:30 - INFO - PacienteService.get_pacientes_by_tutor - Tutor ID: 12
2025-07-20 11:42:30 - INFO - PacienteComponent.get_pacientes_by_tutor - 1 pacientes del tutor 12 encontrados
2025-07-20 11:42:30 - INFO - PacienteService.get_pacientes_by_tutor - Pacientes del tutor 12 obtenidos
2025-07-20 11:42:32 - INFO - LoginComponent.get_user_by_id - Consulta para usuario ID: 1
2025-07-20 11:42:32 - INFO - PacienteService.get_estadisticas - Iniciando
2025-07-20 11:42:32 - INFO - PacienteComponent.get_estadisticas_pacientes - Estadísticas obtenidas
2025-07-20 11:42:32 - INFO - PacienteService.get_estadisticas - Estadísticas obtenidas
2025-07-20 11:42:34 - INFO - LoginComponent.get_user_by_id - Consulta para usuario ID: 1
2025-07-20 11:42:34 - INFO - PacienteService.get_personas_disponibles - Iniciando
2025-07-20 11:42:34 - INFO - PacienteComponent.get_personas_disponibles_para_paciente - 22 personas disponibles
2025-07-20 11:42:34 - INFO - PacienteService.get_personas_disponibles - Personas disponibles obtenidas
2025-07-20 11:42:37 - INFO - LoginComponent.get_user_by_id - Consulta para usuario ID: 1
2025-07-20 11:42:37 - INFO - PacienteService.create_paciente - Iniciando
2025-07-20 11:42:39 - INFO - LoginComponent.get_user_by_id - Consulta para usuario ID: 1
2025-07-20 11:42:39 - INFO - PacienteService.create_paciente - Iniciando
2025-07-20 11:42:41 - INFO - LoginComponent.get_user_by_id - Consulta para usuario ID: 1
2025-07-20 11:42:41 - INFO - PacienteService.create_paciente - Iniciando
2025-07-20 11:42:43 - INFO - LoginComponent.get_user_by_id - Consulta para usuario ID: 1
2025-07-20 11:42:43 - INFO - PacienteService.create_paciente - Iniciando
2025-07-20 11:42:45 - INFO - LoginComponent.get_user_by_id - Consulta para usuario ID: 1
2025-07-20 11:42:45 - INFO - PacienteService.change_estado_paciente - ID: 1
2025-07-20 11:44:32 - INFO - app - Iniciando Sistema Tía Glenda Backend
2025-07-20 11:44:43 - INFO - LoginService.login - Intento de autenticacion
2025-07-20 11:44:43 - INFO - LoginComponent.get_user_for_login - Busqueda para usuario: admin
2025-07-20 11:44:44 - INFO - LoginComponent.update_last_access - Actualizado para usuario ID: 1
2025-07-20 11:44:44 - INFO - LoginService.login - Autenticacion exitosa: admin
2025-07-20 11:44:46 - INFO - LoginComponent.get_user_by_id - Consulta para usuario ID: 1
2025-07-20 11:44:46 - INFO - PersonaService.get_personas - Iniciando
2025-07-20 11:44:46 - INFO - PersonaComponent.get_all_personas - 30 personas encontradas
2025-07-20 11:44:46 - INFO - PersonaService.get_personas - Personas obtenidas exitosamente
2025-07-20 11:44:48 - INFO - LoginComponent.get_user_by_id - Consulta para usuario ID: 1
2025-07-20 11:44:48 - INFO - PersonaService.create_persona - Iniciando
2025-07-20 11:44:48 - INFO - PersonaComponent.get_persona_by_id - Persona 31 encontrada
2025-07-20 11:44:48 - INFO - PersonaComponent.create_persona - Persona creada con ID: 31
2025-07-20 11:44:48 - INFO - PersonaService.create_persona - Persona creada exitosamente
2025-07-20 11:44:50 - INFO - LoginComponent.get_user_by_id - Consulta para usuario ID: 1
2025-07-20 11:44:50 - INFO - PersonaService.get_persona - ID: 31
2025-07-20 11:44:50 - INFO - PersonaComponent.get_persona_by_id - Persona 31 encontrada
2025-07-20 11:44:50 - INFO - PersonaService.get_persona - Persona 31 encontrada
2025-07-20 11:44:56 - INFO - LoginComponent.get_user_by_id - Consulta para usuario ID: 1
2025-07-20 11:44:56 - INFO - PersonaService.get_personas - Iniciando
2025-07-20 11:44:56 - INFO - PersonaComponent.get_all_personas - 31 personas encontradas
2025-07-20 11:44:56 - INFO - PersonaService.get_personas - Personas obtenidas exitosamente
2025-07-20 11:44:58 - INFO - LoginComponent.get_user_by_id - Consulta para usuario ID: 1
2025-07-20 11:44:58 - INFO - PersonaService.create_persona - Iniciando
2025-07-20 11:44:58 - INFO - PersonaComponent.get_persona_by_id - Persona 32 encontrada
2025-07-20 11:44:58 - INFO - PersonaComponent.create_persona - Persona creada con ID: 32
2025-07-20 11:44:58 - INFO - PersonaService.create_persona - Persona creada exitosamente
2025-07-20 11:45:00 - INFO - LoginComponent.get_user_by_id - Consulta para usuario ID: 1
2025-07-20 11:45:00 - INFO - PersonaService.get_persona - ID: 32
2025-07-20 11:45:00 - INFO - PersonaComponent.get_persona_by_id - Persona 32 encontrada
2025-07-20 11:45:00 - INFO - PersonaService.get_persona - Persona 32 encontrada
2025-07-20 11:45:10 - INFO - LoginComponent.get_user_by_id - Consulta para usuario ID: 1
2025-07-20 11:45:10 - INFO - PersonaService.create_persona - Iniciando
2025-07-20 11:45:12 - INFO - LoginComponent.get_user_by_id - Consulta para usuario ID: 1
2025-07-20 11:45:12 - INFO - PersonaService.create_persona - Iniciando
2025-07-20 11:45:14 - INFO - LoginComponent.get_user_by_id - Consulta para usuario ID: 1
2025-07-20 11:45:14 - INFO - PersonaService.create_persona - Iniciando
2025-07-20 11:45:16 - INFO - LoginComponent.get_user_by_id - Consulta para usuario ID: 1
2025-07-20 11:45:16 - INFO - PersonaService.create_persona - Iniciando
2025-07-20 11:45:18 - INFO - LoginComponent.get_user_by_id - Consulta para usuario ID: 1
2025-07-20 11:45:18 - INFO - PersonaService.create_persona - Iniciando
2025-07-20 11:45:20 - INFO - LoginComponent.get_user_by_id - Consulta para usuario ID: 1
2025-07-20 11:45:20 - INFO - PersonaService.get_persona - ID: 32
2025-07-20 11:45:20 - INFO - PersonaComponent.get_persona_by_id - Persona 32 encontrada
2025-07-20 11:45:20 - INFO - PersonaService.get_persona - Persona 32 encontrada
2025-07-20 11:45:23 - INFO - LoginComponent.get_user_by_id - Consulta para usuario ID: 1
2025-07-20 11:45:23 - INFO - PersonaService.create_persona - Iniciando
2025-07-20 11:45:25 - INFO - LoginComponent.get_user_by_id - Consulta para usuario ID: 1
2025-07-20 11:45:25 - INFO - PersonaService.delete_persona - ID: 32
2025-07-20 11:45:25 - INFO - PersonaComponent.deactivate_persona - Persona 32 desactivada
2025-07-20 11:45:25 - INFO - PersonaService.delete_persona - Persona 32 desactivada
2025-07-20 11:45:27 - INFO - LoginComponent.get_user_by_id - Consulta para usuario ID: 1
2025-07-20 11:45:27 - INFO - PersonaService.delete_persona - ID: 99999
2025-07-20 11:46:48 - INFO - app - Iniciando Sistema Tía Glenda Backend
2025-07-20 11:46:55 - INFO - LoginService.login - Intento de autenticacion
2025-07-20 11:46:55 - INFO - LoginComponent.get_user_for_login - Busqueda para usuario: admin
2025-07-20 11:46:55 - INFO - LoginComponent.update_last_access - Actualizado para usuario ID: 1
2025-07-20 11:46:55 - INFO - LoginService.login - Autenticacion exitosa: admin
2025-07-20 11:46:58 - INFO - LoginComponent.get_user_by_id - Consulta para usuario ID: 1
2025-07-20 11:46:58 - INFO - PersonaService.get_personas - Iniciando
2025-07-20 11:46:58 - INFO - PersonaComponent.get_all_personas - 32 personas encontradas
2025-07-20 11:46:58 - INFO - PersonaService.get_personas - Personas obtenidas exitosamente
2025-07-20 11:47:00 - INFO - LoginComponent.get_user_by_id - Consulta para usuario ID: 1
2025-07-20 11:47:00 - INFO - PersonaService.create_persona - Iniciando
2025-07-20 11:47:00 - INFO - PersonaComponent.get_persona_by_id - Persona 33 encontrada
2025-07-20 11:47:00 - INFO - PersonaComponent.create_persona - Persona creada con ID: 33
2025-07-20 11:47:00 - INFO - PersonaService.create_persona - Persona creada exitosamente
2025-07-20 11:47:02 - INFO - LoginComponent.get_user_by_id - Consulta para usuario ID: 1
2025-07-20 11:47:02 - INFO - PersonaService.get_persona - ID: 33
2025-07-20 11:47:02 - INFO - PersonaComponent.get_persona_by_id - Persona 33 encontrada
2025-07-20 11:47:02 - INFO - PersonaService.get_persona - Persona 33 encontrada
2025-07-20 11:47:07 - INFO - LoginComponent.get_user_by_id - Consulta para usuario ID: 1
2025-07-20 11:47:07 - INFO - PersonaService.update_persona - ID: 33
2025-07-20 11:47:07 - INFO - PersonaComponent.get_persona_by_id - Persona 33 encontrada
2025-07-20 11:47:07 - INFO - PersonaComponent.update_persona - Persona 33 actualizada
2025-07-20 11:47:07 - INFO - PersonaService.update_persona - Persona 33 actualizada
2025-07-20 11:47:15 - INFO - LoginComponent.get_user_by_id - Consulta para usuario ID: 1
2025-07-20 11:47:15 - INFO - PersonaService.create_persona - Iniciando
2025-07-20 11:47:17 - INFO - LoginComponent.get_user_by_id - Consulta para usuario ID: 1
2025-07-20 11:47:17 - INFO - PersonaService.create_persona - Iniciando
2025-07-20 11:47:20 - INFO - LoginComponent.get_user_by_id - Consulta para usuario ID: 1
2025-07-20 11:47:20 - INFO - PersonaService.create_persona - Iniciando
2025-07-20 11:47:22 - INFO - LoginComponent.get_user_by_id - Consulta para usuario ID: 1
2025-07-20 11:47:22 - INFO - PersonaService.create_persona - Iniciando
2025-07-20 11:47:24 - INFO - LoginComponent.get_user_by_id - Consulta para usuario ID: 1
2025-07-20 11:47:24 - INFO - PersonaService.create_persona - Iniciando
2025-07-20 11:47:26 - INFO - LoginComponent.get_user_by_id - Consulta para usuario ID: 1
2025-07-20 11:47:26 - INFO - PersonaService.get_persona - ID: 33
2025-07-20 11:47:26 - INFO - PersonaComponent.get_persona_by_id - Persona 33 encontrada
2025-07-20 11:47:26 - INFO - PersonaService.get_persona - Persona 33 encontrada
2025-07-20 11:47:28 - INFO - LoginComponent.get_user_by_id - Consulta para usuario ID: 1
2025-07-20 11:47:28 - INFO - PersonaService.create_persona - Iniciando
2025-07-20 11:47:30 - INFO - LoginComponent.get_user_by_id - Consulta para usuario ID: 1
2025-07-20 11:47:30 - INFO - PersonaService.delete_persona - ID: 33
2025-07-20 11:47:31 - INFO - PersonaComponent.deactivate_persona - Persona 33 desactivada
2025-07-20 11:47:31 - INFO - PersonaService.delete_persona - Persona 33 desactivada
2025-07-20 11:47:33 - INFO - LoginComponent.get_user_by_id - Consulta para usuario ID: 1
2025-07-20 11:47:33 - INFO - PersonaService.delete_persona - ID: 99999
2025-07-20 11:48:50 - INFO - app - Iniciando Sistema Tía Glenda Backend
2025-07-20 11:48:56 - INFO - LoginService.login - Intento de autenticacion
2025-07-20 11:48:56 - INFO - LoginComponent.get_user_for_login - Busqueda para usuario: admin
2025-07-20 11:48:56 - INFO - LoginComponent.update_last_access - Actualizado para usuario ID: 1
2025-07-20 11:48:56 - INFO - LoginService.login - Autenticacion exitosa: admin
2025-07-20 11:48:58 - INFO - LoginComponent.get_user_by_id - Consulta para usuario ID: 1
2025-07-20 11:48:58 - INFO - PersonaService.get_personas - Iniciando
2025-07-20 11:48:58 - INFO - PersonaComponent.get_all_personas - 33 personas encontradas
2025-07-20 11:48:58 - INFO - PersonaService.get_personas - Personas obtenidas exitosamente
2025-07-20 11:49:00 - INFO - LoginComponent.get_user_by_id - Consulta para usuario ID: 1
2025-07-20 11:49:00 - INFO - PersonaService.create_persona - Iniciando
2025-07-20 11:49:01 - INFO - PersonaComponent.get_persona_by_id - Persona 34 encontrada
2025-07-20 11:49:01 - INFO - PersonaComponent.create_persona - Persona creada con ID: 34
2025-07-20 11:49:01 - INFO - PersonaService.create_persona - Persona creada exitosamente
2025-07-20 11:49:03 - INFO - LoginComponent.get_user_by_id - Consulta para usuario ID: 1
2025-07-20 11:49:03 - INFO - PersonaService.get_persona - ID: 34
2025-07-20 11:49:03 - INFO - PersonaComponent.get_persona_by_id - Persona 34 encontrada
2025-07-20 11:49:03 - INFO - PersonaService.get_persona - Persona 34 encontrada
2025-07-20 11:49:05 - INFO - LoginComponent.get_user_by_id - Consulta para usuario ID: 1
2025-07-20 11:49:05 - INFO - PersonaService.update_persona - ID: 34
2025-07-20 11:49:05 - INFO - PersonaComponent.get_persona_by_id - Persona 34 encontrada
2025-07-20 11:49:05 - INFO - PersonaComponent.update_persona - Persona 34 actualizada
2025-07-20 11:49:05 - INFO - PersonaService.update_persona - Persona 34 actualizada
2025-07-20 11:49:07 - INFO - LoginComponent.get_user_by_id - Consulta para usuario ID: 1
2025-07-20 11:49:07 - INFO - PersonaService.get_personas_disponibles - Iniciando
2025-07-20 11:49:07 - INFO - PersonaComponent.get_personas_disponibles_para_usuario - 24 personas disponibles
2025-07-20 11:49:07 - INFO - PersonaService.get_personas_disponibles - Personas disponibles obtenidas
2025-07-20 11:49:10 - INFO - LoginComponent.get_user_by_id - Consulta para usuario ID: 1
2025-07-20 11:49:10 - INFO - PersonaService.create_persona - Iniciando
2025-07-20 11:49:12 - INFO - LoginComponent.get_user_by_id - Consulta para usuario ID: 1
2025-07-20 11:49:12 - INFO - PersonaService.create_persona - Iniciando
2025-07-20 11:49:14 - INFO - LoginComponent.get_user_by_id - Consulta para usuario ID: 1
2025-07-20 11:49:14 - INFO - PersonaService.create_persona - Iniciando
2025-07-20 11:49:16 - INFO - LoginComponent.get_user_by_id - Consulta para usuario ID: 1
2025-07-20 11:49:16 - INFO - PersonaService.create_persona - Iniciando
2025-07-20 11:49:18 - INFO - LoginComponent.get_user_by_id - Consulta para usuario ID: 1
2025-07-20 11:49:18 - INFO - PersonaService.create_persona - Iniciando
2025-07-20 11:49:20 - INFO - LoginComponent.get_user_by_id - Consulta para usuario ID: 1
2025-07-20 11:49:20 - INFO - PersonaService.get_persona - ID: 34
2025-07-20 11:49:20 - INFO - PersonaComponent.get_persona_by_id - Persona 34 encontrada
2025-07-20 11:49:20 - INFO - PersonaService.get_persona - Persona 34 encontrada
2025-07-20 11:49:22 - INFO - LoginComponent.get_user_by_id - Consulta para usuario ID: 1
2025-07-20 11:49:22 - INFO - PersonaService.create_persona - Iniciando
2025-07-20 11:49:25 - INFO - LoginComponent.get_user_by_id - Consulta para usuario ID: 1
2025-07-20 11:49:25 - INFO - PersonaService.delete_persona - ID: 34
2025-07-20 11:49:25 - INFO - PersonaComponent.deactivate_persona - Persona 34 desactivada
2025-07-20 11:49:25 - INFO - PersonaService.delete_persona - Persona 34 desactivada
2025-07-20 11:49:27 - INFO - LoginComponent.get_user_by_id - Consulta para usuario ID: 1
2025-07-20 11:49:27 - INFO - PersonaService.delete_persona - ID: 99999
2025-07-20 11:52:35 - INFO - app - Iniciando Sistema Tía Glenda Backend
2025-07-20 11:52:46 - INFO - LoginService.login - Intento de autenticacion
2025-07-20 11:52:46 - INFO - LoginComponent.get_user_for_login - Busqueda para usuario: admin
2025-07-20 11:52:46 - INFO - LoginComponent.update_last_access - Actualizado para usuario ID: 1
2025-07-20 11:52:46 - INFO - LoginService.login - Autenticacion exitosa: admin
2025-07-20 11:52:48 - INFO - LoginComponent.get_user_by_id - Consulta para usuario ID: 1
2025-07-20 11:52:48 - INFO - EspecialidadService.get_especialidades - Iniciando
2025-07-20 11:52:48 - INFO - EspecialidadComponent.get_all_especialidades - 41 especialidades encontradas
2025-07-20 11:52:48 - INFO - EspecialidadService.get_especialidades - Especialidades obtenidas exitosamente
2025-07-20 11:52:50 - INFO - LoginComponent.get_user_by_id - Consulta para usuario ID: 1
2025-07-20 11:52:50 - INFO - EspecialidadService.create_especialidad - Iniciando
2025-07-20 11:52:51 - INFO - EspecialidadComponent.get_especialidad_by_id - Especialidad 42 encontrada
2025-07-20 11:52:51 - INFO - EspecialidadComponent.create_especialidad - Especialidad creada con ID: 42
2025-07-20 11:52:51 - INFO - EspecialidadService.create_especialidad - Especialidad creada exitosamente
2025-07-20 11:52:53 - INFO - LoginComponent.get_user_by_id - Consulta para usuario ID: 1
2025-07-20 11:52:53 - INFO - EspecialidadService.get_especialidad - ID: 42
2025-07-20 11:52:53 - INFO - EspecialidadComponent.get_especialidad_by_id - Especialidad 42 encontrada
2025-07-20 11:52:53 - INFO - EspecialidadService.get_especialidad - Especialidad 42 encontrada
2025-07-20 11:52:55 - INFO - LoginComponent.get_user_by_id - Consulta para usuario ID: 1
2025-07-20 11:52:55 - INFO - EspecialidadService.update_especialidad - ID: 42
2025-07-20 11:52:55 - INFO - EspecialidadComponent.get_especialidad_by_id - Especialidad 42 encontrada
2025-07-20 11:52:55 - INFO - EspecialidadComponent.update_especialidad - Especialidad 42 actualizada
2025-07-20 11:52:55 - INFO - EspecialidadService.update_especialidad - Especialidad 42 actualizada
2025-07-20 11:52:57 - INFO - LoginComponent.get_user_by_id - Consulta para usuario ID: 1
2025-07-20 11:52:57 - INFO - EspecialidadService.get_especialidades_by_area - Área: terapeutico
2025-07-20 11:52:57 - INFO - EspecialidadComponent.get_especialidades_by_area - 22 especialidades de área terapeutico encontradas
2025-07-20 11:52:57 - INFO - EspecialidadService.get_especialidades_by_area - Especialidades de terapeutico obtenidas
2025-07-20 11:52:59 - INFO - LoginComponent.get_user_by_id - Consulta para usuario ID: 1
2025-07-20 11:52:59 - INFO - EspecialidadService.get_especialidades_by_area - Área: pedagogico
2025-07-20 11:53:00 - INFO - EspecialidadComponent.get_especialidades_by_area - 20 especialidades de área pedagogico encontradas
2025-07-20 11:53:00 - INFO - EspecialidadService.get_especialidades_by_area - Especialidades de pedagogico obtenidas
2025-07-20 11:53:02 - INFO - LoginComponent.get_user_by_id - Consulta para usuario ID: 1
2025-07-20 11:53:02 - INFO - EspecialidadService.get_especialidades_activas - Iniciando
2025-07-20 11:53:02 - INFO - EspecialidadComponent.get_especialidades_activas - 42 especialidades activas encontradas
2025-07-20 11:53:02 - INFO - EspecialidadService.get_especialidades_activas - Especialidades activas obtenidas
2025-07-20 11:53:04 - INFO - LoginComponent.get_user_by_id - Consulta para usuario ID: 1
2025-07-20 11:53:04 - INFO - EspecialidadService.get_estadisticas - Iniciando
2025-07-20 11:53:04 - INFO - EspecialidadComponent.get_estadisticas_especialidades - Estadísticas obtenidas
2025-07-20 11:53:04 - INFO - EspecialidadService.get_estadisticas - Estadísticas obtenidas
2025-07-20 11:53:06 - INFO - LoginComponent.get_user_by_id - Consulta para usuario ID: 1
2025-07-20 11:53:06 - INFO - EspecialidadService.create_especialidad - Iniciando
2025-07-20 11:53:09 - INFO - LoginComponent.get_user_by_id - Consulta para usuario ID: 1
2025-07-20 11:53:09 - INFO - EspecialidadService.create_especialidad - Iniciando
2025-07-20 11:53:11 - INFO - LoginComponent.get_user_by_id - Consulta para usuario ID: 1
2025-07-20 11:53:11 - INFO - EspecialidadService.create_especialidad - Iniciando
2025-07-20 11:53:13 - INFO - LoginComponent.get_user_by_id - Consulta para usuario ID: 1
2025-07-20 11:53:13 - INFO - EspecialidadService.create_especialidad - Iniciando
2025-07-20 11:53:15 - INFO - LoginComponent.get_user_by_id - Consulta para usuario ID: 1
2025-07-20 11:53:15 - INFO - EspecialidadService.create_especialidad - Iniciando
2025-07-20 11:53:17 - INFO - LoginComponent.get_user_by_id - Consulta para usuario ID: 1
2025-07-20 11:53:17 - INFO - EspecialidadService.create_especialidad - Iniciando
2025-07-20 11:53:19 - INFO - LoginComponent.get_user_by_id - Consulta para usuario ID: 1
2025-07-20 11:53:19 - INFO - EspecialidadService.create_especialidad - Iniciando
2025-07-20 11:53:27 - INFO - LoginComponent.get_user_by_id - Consulta para usuario ID: 1
2025-07-20 11:53:27 - INFO - EspecialidadService.get_especialidades - Iniciando
2025-07-20 11:53:27 - INFO - EspecialidadComponent.get_all_especialidades - 42 especialidades encontradas
2025-07-20 11:53:27 - INFO - EspecialidadService.get_especialidades - Especialidades obtenidas exitosamente
2025-07-20 11:54:36 - INFO - app - Iniciando Sistema Tía Glenda Backend
2025-07-20 11:54:43 - INFO - LoginService.login - Intento de autenticacion
2025-07-20 11:54:43 - INFO - LoginComponent.get_user_for_login - Busqueda para usuario: admin
2025-07-20 11:54:44 - INFO - LoginComponent.update_last_access - Actualizado para usuario ID: 1
2025-07-20 11:54:44 - INFO - LoginService.login - Autenticacion exitosa: admin
2025-07-20 11:54:46 - INFO - LoginComponent.get_user_by_id - Consulta para usuario ID: 1
2025-07-20 11:54:46 - INFO - EspecialidadService.get_especialidades - Iniciando
2025-07-20 11:54:46 - INFO - EspecialidadComponent.get_all_especialidades - 42 especialidades encontradas
2025-07-20 11:54:46 - INFO - EspecialidadService.get_especialidades - Especialidades obtenidas exitosamente
2025-07-20 11:54:48 - INFO - LoginComponent.get_user_by_id - Consulta para usuario ID: 1
2025-07-20 11:54:48 - INFO - EspecialidadService.create_especialidad - Iniciando
2025-07-20 11:54:48 - INFO - EspecialidadComponent.get_especialidad_by_id - Especialidad 43 encontrada
2025-07-20 11:54:48 - INFO - EspecialidadComponent.create_especialidad - Especialidad creada con ID: 43
2025-07-20 11:54:48 - INFO - EspecialidadService.create_especialidad - Especialidad creada exitosamente
2025-07-20 11:54:50 - INFO - LoginComponent.get_user_by_id - Consulta para usuario ID: 1
2025-07-20 11:54:50 - INFO - EspecialidadService.get_especialidad - ID: 43
2025-07-20 11:54:50 - INFO - EspecialidadComponent.get_especialidad_by_id - Especialidad 43 encontrada
2025-07-20 11:54:50 - INFO - EspecialidadService.get_especialidad - Especialidad 43 encontrada
2025-07-20 11:54:53 - INFO - LoginComponent.get_user_by_id - Consulta para usuario ID: 1
2025-07-20 11:54:53 - INFO - EspecialidadService.update_especialidad - ID: 43
2025-07-20 11:54:53 - INFO - EspecialidadComponent.get_especialidad_by_id - Especialidad 43 encontrada
2025-07-20 11:54:53 - INFO - EspecialidadComponent.update_especialidad - Especialidad 43 actualizada
2025-07-20 11:54:53 - INFO - EspecialidadService.update_especialidad - Especialidad 43 actualizada
2025-07-20 11:54:55 - INFO - LoginComponent.get_user_by_id - Consulta para usuario ID: 1
2025-07-20 11:54:55 - INFO - EspecialidadService.get_especialidades_by_area - Área: terapeutico
2025-07-20 11:54:55 - INFO - EspecialidadComponent.get_especialidades_by_area - 23 especialidades de área terapeutico encontradas
2025-07-20 11:54:55 - INFO - EspecialidadService.get_especialidades_by_area - Especialidades de terapeutico obtenidas
2025-07-20 11:54:57 - INFO - LoginComponent.get_user_by_id - Consulta para usuario ID: 1
2025-07-20 11:54:57 - INFO - EspecialidadService.get_especialidades_by_area - Área: pedagogico
2025-07-20 11:54:57 - INFO - EspecialidadComponent.get_especialidades_by_area - 20 especialidades de área pedagogico encontradas
2025-07-20 11:54:57 - INFO - EspecialidadService.get_especialidades_by_area - Especialidades de pedagogico obtenidas
2025-07-20 11:54:59 - INFO - LoginComponent.get_user_by_id - Consulta para usuario ID: 1
2025-07-20 11:54:59 - INFO - EspecialidadService.get_especialidades_activas - Iniciando
2025-07-20 11:54:59 - INFO - EspecialidadComponent.get_especialidades_activas - 43 especialidades activas encontradas
2025-07-20 11:54:59 - INFO - EspecialidadService.get_especialidades_activas - Especialidades activas obtenidas
2025-07-20 11:55:02 - INFO - LoginComponent.get_user_by_id - Consulta para usuario ID: 1
2025-07-20 11:55:02 - INFO - EspecialidadService.get_estadisticas - Iniciando
2025-07-20 11:55:02 - INFO - EspecialidadComponent.get_estadisticas_especialidades - Estadísticas obtenidas
2025-07-20 11:55:02 - INFO - EspecialidadService.get_estadisticas - Estadísticas obtenidas
2025-07-20 11:55:04 - INFO - LoginComponent.get_user_by_id - Consulta para usuario ID: 1
2025-07-20 11:55:04 - INFO - EspecialidadService.create_especialidad - Iniciando
2025-07-20 11:55:06 - INFO - LoginComponent.get_user_by_id - Consulta para usuario ID: 1
2025-07-20 11:55:06 - INFO - EspecialidadService.create_especialidad - Iniciando
2025-07-20 11:55:08 - INFO - LoginComponent.get_user_by_id - Consulta para usuario ID: 1
2025-07-20 11:55:08 - INFO - EspecialidadService.create_especialidad - Iniciando
2025-07-20 11:55:10 - INFO - LoginComponent.get_user_by_id - Consulta para usuario ID: 1
2025-07-20 11:55:10 - INFO - EspecialidadService.create_especialidad - Iniciando
2025-07-20 11:55:12 - INFO - LoginComponent.get_user_by_id - Consulta para usuario ID: 1
2025-07-20 11:55:12 - INFO - EspecialidadService.create_especialidad - Iniciando
2025-07-20 11:55:15 - INFO - LoginComponent.get_user_by_id - Consulta para usuario ID: 1
2025-07-20 11:55:15 - INFO - EspecialidadService.create_especialidad - Iniciando
2025-07-20 11:55:17 - INFO - LoginComponent.get_user_by_id - Consulta para usuario ID: 1
2025-07-20 11:55:17 - INFO - EspecialidadService.create_especialidad - Iniciando
2025-07-20 11:55:19 - INFO - LoginComponent.get_user_by_id - Consulta para usuario ID: 1
2025-07-20 11:55:19 - INFO - EspecialidadService.update_especialidad - ID: 43
2025-07-20 11:55:19 - INFO - EspecialidadComponent.get_especialidad_by_id - Especialidad 43 encontrada
2025-07-20 11:55:19 - INFO - EspecialidadComponent.update_especialidad - Especialidad 43 actualizada
2025-07-20 11:55:19 - INFO - EspecialidadService.update_especialidad - Especialidad 43 actualizada
2025-07-20 11:55:21 - INFO - LoginComponent.get_user_by_id - Consulta para usuario ID: 1
2025-07-20 11:55:21 - INFO - EspecialidadService.update_especialidad - ID: 43
2025-07-20 11:55:21 - INFO - EspecialidadComponent.get_especialidad_by_id - Especialidad 43 encontrada
2025-07-20 11:55:21 - INFO - EspecialidadComponent.update_especialidad - Especialidad 43 actualizada
2025-07-20 11:55:21 - INFO - EspecialidadService.update_especialidad - Especialidad 43 actualizada
2025-07-20 11:55:23 - INFO - LoginComponent.get_user_by_id - Consulta para usuario ID: 1
2025-07-20 11:55:23 - INFO - EspecialidadService.get_especialidades - Iniciando
2025-07-20 11:55:23 - INFO - EspecialidadComponent.get_all_especialidades - 43 especialidades encontradas
2025-07-20 11:55:23 - INFO - EspecialidadService.get_especialidades - Especialidades obtenidas exitosamente
2025-07-20 11:56:26 - INFO - app - Iniciando Sistema Tía Glenda Backend
2025-07-20 11:56:35 - INFO - LoginService.login - Intento de autenticacion
2025-07-20 11:56:35 - INFO - LoginComponent.get_user_for_login - Busqueda para usuario: admin
2025-07-20 11:56:35 - INFO - LoginComponent.update_last_access - Actualizado para usuario ID: 1
2025-07-20 11:56:35 - INFO - LoginService.login - Autenticacion exitosa: admin
2025-07-20 11:56:38 - INFO - LoginComponent.get_user_by_id - Consulta para usuario ID: 1
2025-07-20 11:56:38 - INFO - PersonaService.create_persona - Iniciando
2025-07-20 11:56:41 - INFO - LoginComponent.get_user_by_id - Consulta para usuario ID: 1
2025-07-20 11:56:41 - INFO - PersonaService.create_persona - Iniciando
2025-07-20 11:56:45 - INFO - LoginComponent.get_user_by_id - Consulta para usuario ID: 1
2025-07-20 11:56:45 - INFO - PersonalService.get_personal_by_area - Área: terapeutico
2025-07-20 11:56:45 - INFO - PersonalComponent.get_personal_by_area - 3 personal de área terapeutico encontrado
2025-07-20 11:56:45 - INFO - PersonalService.get_personal_by_area - Personal de terapeutico obtenido
2025-07-20 11:56:48 - INFO - LoginComponent.get_user_by_id - Consulta para usuario ID: 1
2025-07-20 11:56:48 - INFO - PersonalService.get_personal_by_area - Área: pedagogico
2025-07-20 11:56:48 - INFO - PersonalComponent.get_personal_by_area - 3 personal de área pedagogico encontrado
2025-07-20 11:56:48 - INFO - PersonalService.get_personal_by_area - Personal de pedagogico obtenido
2025-07-20 11:56:50 - INFO - LoginComponent.get_user_by_id - Consulta para usuario ID: 1
2025-07-20 11:56:50 - INFO - PersonalService.get_estadisticas - Iniciando
2025-07-20 11:56:50 - INFO - PersonalComponent.get_estadisticas_personal - Estadísticas obtenidas
2025-07-20 11:56:50 - INFO - PersonalService.get_estadisticas - Estadísticas obtenidas
2025-07-20 11:56:52 - INFO - LoginComponent.get_user_by_id - Consulta para usuario ID: 1
2025-07-20 11:56:52 - INFO - PersonalService.create_personal - Iniciando
2025-07-20 11:56:54 - INFO - LoginComponent.get_user_by_id - Consulta para usuario ID: 1
2025-07-20 11:56:54 - INFO - PersonalService.create_personal - Iniciando
2025-07-20 11:56:56 - INFO - LoginComponent.get_user_by_id - Consulta para usuario ID: 1
2025-07-20 11:56:56 - INFO - PersonalService.create_personal - Iniciando
2025-07-20 11:56:57 - INFO - PersonalComponent.get_personal_by_id - Personal 9 encontrado
2025-07-20 11:56:57 - INFO - PersonalComponent.create_personal - Personal creado con ID: 9
2025-07-20 11:56:57 - INFO - PersonalService.create_personal - Personal creado exitosamente
2025-07-20 11:57:00 - INFO - LoginComponent.get_user_by_id - Consulta para usuario ID: 1
2025-07-20 11:57:00 - INFO - PersonalService.create_personal - Iniciando
2025-07-20 11:57:02 - INFO - LoginComponent.get_user_by_id - Consulta para usuario ID: 1
2025-07-20 11:57:02 - INFO - PersonalService.create_personal - Iniciando
2025-07-20 11:57:04 - INFO - LoginComponent.get_user_by_id - Consulta para usuario ID: 1
2025-07-20 11:57:04 - INFO - PersonalService.create_personal - Iniciando
2025-07-20 11:57:06 - INFO - LoginComponent.get_user_by_id - Consulta para usuario ID: 1
2025-07-20 11:57:06 - INFO - PersonalService.create_personal - Iniciando
2025-07-20 11:57:08 - INFO - LoginComponent.get_user_by_id - Consulta para usuario ID: 1
2025-07-20 11:57:08 - INFO - PersonalService.create_personal - Iniciando
2025-07-20 11:57:10 - INFO - LoginComponent.get_user_by_id - Consulta para usuario ID: 1
2025-07-20 11:57:10 - INFO - PersonalService.create_personal - Iniciando
2025-07-20 11:57:56 - INFO - app - Iniciando Sistema Tía Glenda Backend
2025-07-20 11:58:02 - INFO - LoginService.login - Intento de autenticacion
2025-07-20 11:58:02 - INFO - LoginComponent.get_user_for_login - Busqueda para usuario: admin
2025-07-20 11:58:02 - INFO - LoginComponent.update_last_access - Actualizado para usuario ID: 1
2025-07-20 11:58:02 - INFO - LoginService.login - Autenticacion exitosa: admin
2025-07-20 11:58:04 - INFO - LoginComponent.get_user_by_id - Consulta para usuario ID: 1
2025-07-20 11:58:04 - INFO - PersonaService.create_persona - Iniciando
2025-07-20 11:58:05 - INFO - PersonaComponent.get_persona_by_id - Persona 35 encontrada
2025-07-20 11:58:05 - INFO - PersonaComponent.create_persona - Persona creada con ID: 35
2025-07-20 11:58:05 - INFO - PersonaService.create_persona - Persona creada exitosamente
2025-07-20 11:58:07 - INFO - LoginComponent.get_user_by_id - Consulta para usuario ID: 1
2025-07-20 11:58:07 - INFO - EspecialidadService.get_especialidades_activas - Iniciando
2025-07-20 11:58:07 - INFO - EspecialidadComponent.get_especialidades_activas - 43 especialidades activas encontradas
2025-07-20 11:58:07 - INFO - EspecialidadService.get_especialidades_activas - Especialidades activas obtenidas
2025-07-20 11:58:09 - INFO - LoginComponent.get_user_by_id - Consulta para usuario ID: 1
2025-07-20 11:58:09 - INFO - PersonalService.get_personal - Iniciando
2025-07-20 11:58:09 - INFO - PersonalComponent.get_all_personal - 9 miembros del personal encontrados
2025-07-20 11:58:09 - INFO - PersonalService.get_personal - Personal obtenido exitosamente
2025-07-20 11:58:11 - INFO - LoginComponent.get_user_by_id - Consulta para usuario ID: 1
2025-07-20 11:58:11 - INFO - PersonalService.create_personal - Iniciando
2025-07-20 11:58:11 - INFO - PersonalComponent.get_personal_by_id - Personal 11 encontrado
2025-07-20 11:58:11 - INFO - PersonalComponent.create_personal - Personal creado con ID: 11
2025-07-20 11:58:11 - INFO - PersonalService.create_personal - Personal creado exitosamente
2025-07-20 11:58:14 - INFO - LoginComponent.get_user_by_id - Consulta para usuario ID: 1
2025-07-20 11:58:14 - INFO - PersonalService.get_personal_by_id - ID: 11
2025-07-20 11:58:14 - INFO - PersonalComponent.get_personal_by_id - Personal 11 encontrado
2025-07-20 11:58:14 - INFO - PersonalService.get_personal_by_id - Personal 11 encontrado
2025-07-20 11:58:16 - INFO - LoginComponent.get_user_by_id - Consulta para usuario ID: 1
2025-07-20 11:58:16 - INFO - PersonalService.update_personal - ID: 11
2025-07-20 11:58:16 - INFO - PersonalComponent.get_personal_by_id - Personal 11 encontrado
2025-07-20 11:58:16 - INFO - PersonalComponent.update_personal - Personal 11 actualizado
2025-07-20 11:58:16 - INFO - PersonalService.update_personal - Personal 11 actualizado
2025-07-20 11:58:18 - INFO - LoginComponent.get_user_by_id - Consulta para usuario ID: 1
2025-07-20 11:58:18 - INFO - PersonalService.get_personal_especialidades - Personal ID: 11
2025-07-20 11:58:18 - INFO - PersonalComponent.get_personal_by_id - Personal 11 encontrado
2025-07-20 11:58:18 - INFO - PersonalService.get_personal_especialidades - 0 especialidades encontradas
2025-07-20 11:58:21 - INFO - LoginComponent.get_user_by_id - Consulta para usuario ID: 1
2025-07-20 11:58:21 - INFO - PersonalService.assign_especialidad - Personal ID: 11
2025-07-20 11:58:21 - INFO - PersonalComponent.assign_especialidad - Especialidad 36 asignada a personal 11
2025-07-20 11:58:21 - INFO - PersonalService.assign_especialidad - Especialidad 36 asignada a personal 11
2025-07-20 11:58:23 - INFO - LoginComponent.get_user_by_id - Consulta para usuario ID: 1
2025-07-20 11:58:23 - INFO - PersonalService.get_personal_especialidades - Personal ID: 11
2025-07-20 11:58:23 - INFO - PersonalComponent.get_personal_by_id - Personal 11 encontrado
2025-07-20 11:58:23 - INFO - PersonalService.get_personal_especialidades - 1 especialidades encontradas
2025-07-20 11:58:25 - INFO - LoginComponent.get_user_by_id - Consulta para usuario ID: 1
2025-07-20 11:58:25 - INFO - PersonalService.assign_especialidad - Personal ID: 11
2025-07-20 11:58:28 - INFO - LoginComponent.get_user_by_id - Consulta para usuario ID: 1
2025-07-20 11:58:28 - INFO - PersonalService.remove_especialidad - Personal ID: 11, Especialidad ID: 36
2025-07-20 11:58:28 - INFO - PersonalComponent.remove_especialidad - Especialidad 36 removida del personal 11
2025-07-20 11:58:28 - INFO - PersonalService.remove_especialidad - Especialidad 36 removida del personal 11
2025-07-20 11:58:30 - INFO - LoginComponent.get_user_by_id - Consulta para usuario ID: 1
2025-07-20 11:58:30 - INFO - PersonalService.get_personal_by_area - Área: terapeutico
2025-07-20 11:58:30 - INFO - PersonalComponent.get_personal_by_area - 3 personal de área terapeutico encontrado
2025-07-20 11:58:30 - INFO - PersonalService.get_personal_by_area - Personal de terapeutico obtenido
2025-07-20 11:58:32 - INFO - LoginComponent.get_user_by_id - Consulta para usuario ID: 1
2025-07-20 11:58:32 - INFO - PersonalService.get_personal_by_area - Área: pedagogico
2025-07-20 11:58:32 - INFO - PersonalComponent.get_personal_by_area - 3 personal de área pedagogico encontrado
2025-07-20 11:58:32 - INFO - PersonalService.get_personal_by_area - Personal de pedagogico obtenido
2025-07-20 11:58:34 - INFO - LoginComponent.get_user_by_id - Consulta para usuario ID: 1
2025-07-20 11:58:34 - INFO - PersonalService.get_estadisticas - Iniciando
2025-07-20 11:58:34 - INFO - PersonalComponent.get_estadisticas_personal - Estadísticas obtenidas
2025-07-20 11:58:34 - INFO - PersonalService.get_estadisticas - Estadísticas obtenidas
2025-07-20 11:58:37 - INFO - LoginComponent.get_user_by_id - Consulta para usuario ID: 1
2025-07-20 11:58:37 - INFO - PersonalService.create_personal - Iniciando
2025-07-20 11:58:39 - INFO - LoginComponent.get_user_by_id - Consulta para usuario ID: 1
2025-07-20 11:58:39 - INFO - PersonalService.create_personal - Iniciando
2025-07-20 11:58:41 - INFO - LoginComponent.get_user_by_id - Consulta para usuario ID: 1
2025-07-20 11:58:41 - INFO - PersonalService.create_personal - Iniciando
2025-07-20 11:58:43 - INFO - LoginComponent.get_user_by_id - Consulta para usuario ID: 1
2025-07-20 11:58:43 - INFO - PersonalService.create_personal - Iniciando
2025-07-20 11:58:45 - INFO - LoginComponent.get_user_by_id - Consulta para usuario ID: 1
2025-07-20 11:58:45 - INFO - PersonalService.create_personal - Iniciando
2025-07-20 11:58:47 - INFO - LoginComponent.get_user_by_id - Consulta para usuario ID: 1
2025-07-20 11:58:47 - INFO - PersonalService.create_personal - Iniciando
2025-07-20 12:00:45 - INFO - app - Iniciando Sistema Tía Glenda Backend
2025-07-20 12:01:27 - INFO - LoginService.login - Intento de autenticacion
2025-07-20 12:01:27 - INFO - LoginComponent.get_user_for_login - Busqueda para usuario: admin
2025-07-20 12:01:27 - INFO - LoginComponent.update_last_access - Actualizado para usuario ID: 1
2025-07-20 12:01:27 - INFO - LoginService.login - Autenticacion exitosa: admin
2025-07-20 12:01:30 - INFO - LoginComponent.get_user_by_id - Consulta para usuario ID: 1
2025-07-20 12:01:30 - INFO - PersonaService.create_persona - Iniciando
2025-07-20 12:01:30 - INFO - PersonaComponent.get_persona_by_id - Persona 36 encontrada
2025-07-20 12:01:30 - INFO - PersonaComponent.create_persona - Persona creada con ID: 36
2025-07-20 12:01:30 - INFO - PersonaService.create_persona - Persona creada exitosamente
2025-07-20 12:01:32 - INFO - LoginComponent.get_user_by_id - Consulta para usuario ID: 1
2025-07-20 12:01:32 - INFO - RolService.get_roles - Iniciando
2025-07-20 12:01:32 - INFO - RolService.get_roles - 4 roles encontrados
2025-07-20 12:01:35 - INFO - LoginComponent.get_user_by_id - Consulta para usuario ID: 1
2025-07-20 12:01:35 - INFO - UsuarioService.get_usuarios - Iniciando
2025-07-20 12:01:35 - INFO - UsuarioComponent.get_all_usuarios - 8 usuarios encontrados
2025-07-20 12:01:35 - INFO - UsuarioService.get_usuarios - Usuarios obtenidos exitosamente
2025-07-20 12:01:37 - INFO - LoginComponent.get_user_by_id - Consulta para usuario ID: 1
2025-07-20 12:01:37 - INFO - UsuarioService.create_usuario - Iniciando
2025-07-20 12:01:37 - INFO - UsuarioComponent.get_usuario_by_id - Usuario 9 encontrado
2025-07-20 12:01:37 - INFO - UsuarioComponent.create_usuario - Usuario creado con ID: 9
2025-07-20 12:01:37 - INFO - UsuarioService.create_usuario - Usuario creado exitosamente
2025-07-20 12:01:39 - INFO - LoginComponent.get_user_by_id - Consulta para usuario ID: 1
2025-07-20 12:01:39 - INFO - UsuarioService.get_usuario - ID: 9
2025-07-20 12:01:39 - INFO - UsuarioComponent.get_usuario_by_id - Usuario 9 encontrado
2025-07-20 12:01:39 - INFO - UsuarioService.get_usuario - Usuario 9 encontrado
2025-07-20 12:01:41 - INFO - LoginComponent.get_user_by_id - Consulta para usuario ID: 1
2025-07-20 12:01:41 - INFO - UsuarioService.update_usuario - ID: 9
2025-07-20 12:01:42 - INFO - UsuarioComponent.get_usuario_by_id - Usuario 9 encontrado
2025-07-20 12:01:42 - INFO - UsuarioComponent.update_usuario - Usuario 9 actualizado
2025-07-20 12:01:42 - INFO - UsuarioService.update_usuario - Usuario 9 actualizado
2025-07-20 12:01:44 - INFO - LoginComponent.get_user_by_id - Consulta para usuario ID: 1
2025-07-20 12:01:44 - INFO - LoginService.verify_token - Token verificado correctamente
2025-07-20 12:01:46 - INFO - LoginComponent.get_user_by_id - Consulta para usuario ID: 1
2025-07-20 12:01:46 - INFO - Información solicitada para usuario: admin
2025-07-20 12:01:48 - INFO - LoginComponent.get_user_by_id - Consulta para usuario ID: 1
2025-07-20 12:01:48 - INFO - Logout solicitado
2025-07-20 12:01:50 - INFO - LoginComponent.get_user_by_id - Consulta para usuario ID: 1
2025-07-20 12:01:50 - INFO - RolService.get_roles - Iniciando
2025-07-20 12:01:50 - INFO - RolService.get_roles - 4 roles encontrados
2025-07-20 12:01:53 - INFO - LoginComponent.get_user_by_id - Consulta para usuario ID: 1
2025-07-20 12:01:53 - INFO - UsuarioService.create_usuario - Iniciando
2025-07-20 12:01:55 - INFO - LoginComponent.get_user_by_id - Consulta para usuario ID: 1
2025-07-20 12:01:55 - INFO - UsuarioService.create_usuario - Iniciando
2025-07-20 12:01:57 - INFO - LoginComponent.get_user_by_id - Consulta para usuario ID: 1
2025-07-20 12:01:57 - INFO - UsuarioService.create_usuario - Iniciando
2025-07-20 12:01:59 - INFO - LoginComponent.get_user_by_id - Consulta para usuario ID: 1
2025-07-20 12:01:59 - INFO - UsuarioService.create_usuario - Iniciando
2025-07-20 12:02:01 - INFO - LoginComponent.get_user_by_id - Consulta para usuario ID: 1
2025-07-20 12:02:01 - INFO - UsuarioService.create_usuario - Iniciando
2025-07-20 12:02:03 - INFO - LoginComponent.get_user_by_id - Consulta para usuario ID: 1
2025-07-20 12:02:03 - INFO - UsuarioService.create_usuario - Iniciando
2025-07-20 12:02:05 - INFO - LoginComponent.get_user_by_id - Consulta para usuario ID: 1
2025-07-20 12:02:05 - INFO - UsuarioService.create_usuario - Iniciando
2025-07-20 12:02:08 - INFO - LoginComponent.get_user_by_id - Consulta para usuario ID: 1
2025-07-20 12:02:08 - INFO - UsuarioService.create_usuario - Iniciando
2025-07-20 12:02:10 - INFO - LoginComponent.get_user_by_id - Consulta para usuario ID: 1
2025-07-20 12:02:10 - INFO - UsuarioService.create_usuario - Iniciando
2025-07-20 12:05:32 - INFO - app - Iniciando Sistema Tía Glenda Backend
2025-07-20 12:05:53 - INFO - LoginService.login - Intento de autenticacion
2025-07-20 12:05:53 - INFO - LoginComponent.get_user_for_login - Busqueda para usuario: admin
2025-07-20 12:05:54 - INFO - LoginComponent.update_last_access - Actualizado para usuario ID: 1
2025-07-20 12:05:54 - INFO - LoginService.login - Autenticacion exitosa: admin
2025-07-20 12:05:56 - INFO - LoginComponent.get_user_by_id - Consulta para usuario ID: 1
2025-07-20 12:05:56 - INFO - RolService.get_roles - Iniciando
2025-07-20 12:05:56 - INFO - RolService.get_roles - 4 roles encontrados
2025-07-20 12:06:03 - INFO - LoginComponent.get_user_by_id - Consulta para usuario ID: 1
2025-07-20 12:06:03 - INFO - UsuarioService.get_usuarios - Iniciando
2025-07-20 12:06:03 - INFO - UsuarioComponent.get_all_usuarios - 9 usuarios encontrados
2025-07-20 12:06:03 - INFO - UsuarioService.get_usuarios - Usuarios obtenidos exitosamente
2025-07-20 12:06:05 - INFO - LoginComponent.get_user_by_id - Consulta para usuario ID: 1
2025-07-20 12:06:05 - INFO - RolService.get_roles - Iniciando
2025-07-20 12:06:05 - INFO - RolService.get_roles - 4 roles encontrados
2025-07-20 12:06:07 - INFO - LoginComponent.get_user_by_id - Consulta para usuario ID: 1
2025-07-20 12:06:07 - INFO - RolService.get_roles - Iniciando
2025-07-20 12:06:07 - INFO - RolService.get_roles - 4 roles encontrados
2025-07-20 12:06:09 - INFO - LoginComponent.get_user_by_id - Consulta para usuario ID: 1
2025-07-20 12:06:09 - INFO - RolService.get_roles - Iniciando
2025-07-20 12:06:09 - INFO - RolService.get_roles - 4 roles encontrados
2025-07-20 12:06:11 - INFO - LoginComponent.get_user_by_id - Consulta para usuario ID: 1
2025-07-20 12:06:11 - INFO - RolService.get_roles - Iniciando
2025-07-20 12:06:12 - INFO - RolService.get_roles - 4 roles encontrados
2025-07-20 12:06:14 - INFO - LoginComponent.get_user_by_id - Consulta para usuario ID: 1
2025-07-20 12:06:14 - INFO - RolService.get_roles - Iniciando
2025-07-20 12:06:14 - INFO - RolService.get_roles - 4 roles encontrados
2025-07-20 12:09:55 - INFO - app - Iniciando Sistema Tía Glenda Backend
2025-07-20 12:10:35 - INFO - LoginService.login - Intento de autenticacion
2025-07-20 12:10:35 - INFO - LoginComponent.get_user_for_login - Busqueda para usuario: admin
2025-07-20 12:10:36 - INFO - LoginComponent.update_last_access - Actualizado para usuario ID: 1
2025-07-20 12:10:36 - INFO - LoginService.login - Autenticacion exitosa: admin
2025-07-20 12:10:38 - INFO - LoginService.login - Intento de autenticacion
2025-07-20 12:10:38 - INFO - LoginComponent.get_user_for_login - Busqueda para usuario: usuario_inexistente
2025-07-20 12:10:38 - INFO - LoginService.login - Usuario no encontrado: usuario_inexistente
2025-07-20 12:10:40 - INFO - LoginService.login - Intento de autenticacion
2025-07-20 12:10:40 - INFO - LoginComponent.get_user_for_login - Busqueda para usuario: admin
2025-07-20 12:10:40 - INFO - LoginService.login - Contrasena incorrecta para: admin
2025-07-20 12:10:42 - INFO - LoginService.login - Intento de autenticacion
2025-07-20 12:10:44 - INFO - LoginService.login - Intento de autenticacion
2025-07-20 12:10:46 - INFO - LoginService.login - Intento de autenticacion
2025-07-20 12:10:48 - INFO - LoginService.login - Intento de autenticacion
2025-07-20 12:10:51 - INFO - LoginService.login - Intento de autenticacion
2025-07-20 12:10:53 - INFO - LoginService.login - Intento de autenticacion
2025-07-20 12:10:56 - INFO - LoginService.login - Intento de autenticacion
2025-07-20 12:10:56 - INFO - LoginComponent.get_user_for_login - Busqueda para usuario: usuario_inexistente
2025-07-20 12:10:56 - INFO - LoginService.login - Usuario no encontrado: usuario_inexistente
2025-07-20 12:10:58 - INFO - LoginService.login - Intento de autenticacion
2025-07-20 12:10:58 - INFO - LoginComponent.get_user_for_login - Busqueda para usuario: admin
2025-07-20 12:10:58 - INFO - LoginService.login - Contrasena incorrecta para: admin
2025-07-20 12:11:00 - INFO - LoginService.login - Intento de autenticacion
2025-07-20 12:11:02 - INFO - LoginService.login - Intento de autenticacion
2025-07-20 12:11:04 - INFO - LoginService.login - Intento de autenticacion
2025-07-20 12:11:06 - INFO - LoginService.login - Intento de autenticacion
2025-07-20 12:11:08 - INFO - LoginService.login - Intento de autenticacion
2025-07-20 12:11:10 - INFO - LoginService.login - Intento de autenticacion
2025-07-20 12:11:13 - INFO - LoginComponent.get_user_by_id - Consulta para usuario ID: 1
2025-07-20 12:11:13 - INFO - LoginService.verify_token - Token verificado correctamente
2025-07-20 12:11:21 - INFO - LoginComponent.get_user_by_id - Consulta para usuario ID: 1
2025-07-20 12:11:21 - INFO - Información solicitada para usuario: admin
2025-07-20 12:11:23 - INFO - LoginComponent.get_user_by_id - Consulta para usuario ID: 1
2025-07-20 12:11:23 - INFO - Logout solicitado
2025-07-20 12:11:26 - INFO - LoginService.login - Intento de autenticacion
2025-07-20 12:11:26 - INFO - LoginComponent.get_user_for_login - Busqueda para usuario: admin
2025-07-20 12:11:26 - INFO - LoginComponent.update_last_access - Actualizado para usuario ID: 1
2025-07-20 12:11:26 - INFO - LoginService.login - Autenticacion exitosa: admin
2025-07-20 12:11:28 - INFO - LoginComponent.get_user_by_id - Consulta para usuario ID: 1
2025-07-20 12:11:28 - INFO - LoginService.verify_token - Token verificado correctamente
2025-07-20 12:11:30 - INFO - LoginComponent.get_user_by_id - Consulta para usuario ID: 1
2025-07-20 12:11:30 - INFO - Información solicitada para usuario: admin
2025-07-20 12:11:32 - INFO - LoginComponent.get_user_by_id - Consulta para usuario ID: 1
2025-07-20 12:11:32 - INFO - RolService.get_roles - Iniciando
2025-07-20 12:11:32 - INFO - RolService.get_roles - 4 roles encontrados
2025-07-20 12:11:34 - INFO - LoginComponent.get_user_by_id - Consulta para usuario ID: 1
2025-07-20 12:11:34 - INFO - Logout solicitado
2025-07-20 12:11:37 - INFO - LoginService.login - Intento de autenticacion
2025-07-20 12:11:37 - INFO - LoginComponent.get_user_for_login - Busqueda para usuario: usuario_inexistente
2025-07-20 12:11:37 - INFO - LoginService.login - Usuario no encontrado: usuario_inexistente
2025-07-20 12:11:39 - INFO - LoginService.login - Intento de autenticacion
2025-07-20 12:11:39 - INFO - LoginService.login - Intento de autenticacion
2025-07-20 12:11:39 - INFO - LoginService.login - Intento de autenticacion
2025-07-20 12:11:39 - INFO - LoginService.login - Intento de autenticacion
2025-07-20 12:11:39 - INFO - LoginService.login - Intento de autenticacion
2025-07-20 12:11:39 - INFO - LoginComponent.get_user_for_login - Busqueda para usuario: admin
2025-07-20 12:11:39 - INFO - LoginComponent.get_user_for_login - Busqueda para usuario: admin
2025-07-20 12:11:39 - INFO - LoginComponent.get_user_for_login - Busqueda para usuario: admin
2025-07-20 12:11:39 - INFO - LoginComponent.get_user_for_login - Busqueda para usuario: admin
2025-07-20 12:11:39 - INFO - LoginComponent.get_user_for_login - Busqueda para usuario: admin
2025-07-20 12:11:39 - INFO - LoginComponent.update_last_access - Actualizado para usuario ID: 1
2025-07-20 12:11:39 - INFO - LoginService.login - Autenticacion exitosa: admin
2025-07-20 12:11:39 - INFO - LoginComponent.update_last_access - Actualizado para usuario ID: 1
2025-07-20 12:11:39 - INFO - LoginService.login - Autenticacion exitosa: admin
2025-07-20 12:11:39 - INFO - LoginComponent.update_last_access - Actualizado para usuario ID: 1
2025-07-20 12:11:39 - INFO - LoginService.login - Autenticacion exitosa: admin
2025-07-20 12:11:39 - INFO - LoginComponent.update_last_access - Actualizado para usuario ID: 1
2025-07-20 12:11:39 - INFO - LoginService.login - Autenticacion exitosa: admin
2025-07-20 12:11:39 - INFO - LoginComponent.update_last_access - Actualizado para usuario ID: 1
2025-07-20 12:11:39 - INFO - LoginService.login - Autenticacion exitosa: admin
2025-07-20 12:12:14 - INFO - app - Iniciando Sistema Tía Glenda Backend
2025-07-20 12:12:20 - INFO - LoginService.login - Intento de autenticacion
2025-07-20 12:12:20 - INFO - LoginComponent.get_user_for_login - Busqueda para usuario: admin
2025-07-20 12:12:20 - INFO - LoginComponent.update_last_access - Actualizado para usuario ID: 1
2025-07-20 12:12:20 - INFO - LoginService.login - Autenticacion exitosa: admin
2025-07-20 12:12:22 - INFO - LoginService.login - Intento de autenticacion
2025-07-20 12:12:22 - INFO - LoginComponent.get_user_for_login - Busqueda para usuario: usuario_inexistente
2025-07-20 12:12:22 - INFO - LoginService.login - Usuario no encontrado: usuario_inexistente
2025-07-20 12:12:25 - INFO - LoginService.login - Intento de autenticacion
2025-07-20 12:12:25 - INFO - LoginComponent.get_user_for_login - Busqueda para usuario: admin
2025-07-20 12:12:25 - INFO - LoginService.login - Contrasena incorrecta para: admin
2025-07-20 12:12:27 - INFO - LoginService.login - Intento de autenticacion
2025-07-20 12:12:29 - INFO - LoginService.login - Intento de autenticacion
2025-07-20 12:12:31 - INFO - LoginService.login - Intento de autenticacion
2025-07-20 12:12:33 - INFO - LoginService.login - Intento de autenticacion
2025-07-20 12:12:35 - INFO - LoginService.login - Intento de autenticacion
2025-07-20 12:12:37 - INFO - LoginService.login - Intento de autenticacion
2025-07-20 12:12:40 - INFO - LoginComponent.get_user_by_id - Consulta para usuario ID: 1
2025-07-20 12:12:40 - INFO - LoginService.verify_token - Token verificado correctamente
2025-07-20 12:12:48 - INFO - LoginComponent.get_user_by_id - Consulta para usuario ID: 1
2025-07-20 12:12:48 - INFO - Información solicitada para usuario: admin
2025-07-20 12:12:50 - INFO - LoginComponent.get_user_by_id - Consulta para usuario ID: 1
2025-07-20 12:12:50 - INFO - Logout solicitado
2025-07-20 12:12:52 - INFO - LoginService.login - Intento de autenticacion
2025-07-20 12:12:53 - INFO - LoginComponent.get_user_for_login - Busqueda para usuario: admin
2025-07-20 12:12:53 - INFO - LoginComponent.update_last_access - Actualizado para usuario ID: 1
2025-07-20 12:12:53 - INFO - LoginService.login - Autenticacion exitosa: admin
2025-07-20 12:12:55 - INFO - LoginComponent.get_user_by_id - Consulta para usuario ID: 1
2025-07-20 12:12:55 - INFO - LoginService.verify_token - Token verificado correctamente
2025-07-20 12:12:57 - INFO - LoginComponent.get_user_by_id - Consulta para usuario ID: 1
2025-07-20 12:12:57 - INFO - Información solicitada para usuario: admin
2025-07-20 12:12:59 - INFO - LoginComponent.get_user_by_id - Consulta para usuario ID: 1
2025-07-20 12:12:59 - INFO - RolService.get_roles - Iniciando
2025-07-20 12:12:59 - INFO - RolService.get_roles - 4 roles encontrados
2025-07-20 12:13:01 - INFO - LoginComponent.get_user_by_id - Consulta para usuario ID: 1
2025-07-20 12:13:01 - INFO - Logout solicitado
2025-07-20 12:13:04 - INFO - LoginService.login - Intento de autenticacion
2025-07-20 12:13:04 - INFO - LoginComponent.get_user_for_login - Busqueda para usuario: usuario_inexistente
2025-07-20 12:13:04 - INFO - LoginService.login - Usuario no encontrado: usuario_inexistente
2025-07-20 12:13:06 - INFO - LoginService.login - Intento de autenticacion
2025-07-20 12:13:06 - INFO - LoginService.login - Intento de autenticacion
2025-07-20 12:13:06 - INFO - LoginService.login - Intento de autenticacion
2025-07-20 12:13:06 - INFO - LoginService.login - Intento de autenticacion
2025-07-20 12:13:06 - INFO - LoginComponent.get_user_for_login - Busqueda para usuario: admin
2025-07-20 12:13:06 - INFO - LoginComponent.get_user_for_login - Busqueda para usuario: admin
2025-07-20 12:13:06 - INFO - LoginComponent.get_user_for_login - Busqueda para usuario: admin
2025-07-20 12:13:06 - INFO - LoginComponent.get_user_for_login - Busqueda para usuario: admin
2025-07-20 12:13:06 - INFO - LoginComponent.get_user_for_login - Busqueda para usuario: admin
2025-07-20 12:13:06 - INFO - LoginComponent.update_last_access - Actualizado para usuario ID: 1
2025-07-20 12:13:06 - INFO - LoginService.login - Autenticacion exitosa: admin
2025-07-20 12:13:06 - INFO - LoginComponent.update_last_access - Actualizado para usuario ID: 1
2025-07-20 12:13:06 - INFO - LoginService.login - Autenticacion exitosa: admin
2025-07-20 12:13:06 - INFO - LoginComponent.update_last_access - Actualizado para usuario ID: 1
2025-07-20 12:13:06 - INFO - LoginService.login - Autenticacion exitosa: admin
2025-07-20 12:13:06 - INFO - LoginComponent.update_last_access - Actualizado para usuario ID: 1
2025-07-20 12:13:06 - INFO - LoginService.login - Autenticacion exitosa: admin
2025-07-20 12:13:06 - INFO - LoginComponent.update_last_access - Actualizado para usuario ID: 1
2025-07-20 12:13:06 - INFO - LoginService.login - Autenticacion exitosa: admin
2025-07-20 12:13:30 - INFO - app - Iniciando Sistema Tía Glenda Backend
2025-07-20 12:13:48 - INFO - LoginService.login - Intento de autenticacion
2025-07-20 12:13:49 - INFO - LoginComponent.get_user_for_login - Busqueda para usuario: admin
2025-07-20 12:13:49 - INFO - LoginComponent.update_last_access - Actualizado para usuario ID: 1
2025-07-20 12:13:49 - INFO - LoginService.login - Autenticacion exitosa: admin
2025-07-20 12:13:51 - INFO - LoginComponent.get_user_by_id - Consulta para usuario ID: 1
2025-07-20 12:13:51 - INFO - PersonaService.get_personas - Iniciando
2025-07-20 12:13:51 - INFO - PersonaComponent.get_all_personas - 36 personas encontradas
2025-07-20 12:13:51 - INFO - PersonaService.get_personas - Personas obtenidas exitosamente
2025-07-20 12:13:53 - INFO - LoginComponent.get_user_by_id - Consulta para usuario ID: 1
2025-07-20 12:13:53 - INFO - EspecialidadService.get_especialidades - Iniciando
2025-07-20 12:13:53 - INFO - EspecialidadComponent.get_all_especialidades - 43 especialidades encontradas
2025-07-20 12:13:53 - INFO - EspecialidadService.get_especialidades - Especialidades obtenidas exitosamente
2025-07-20 12:13:55 - INFO - LoginComponent.get_user_by_id - Consulta para usuario ID: 1
2025-07-20 12:13:55 - INFO - PersonalService.get_personal - Iniciando
2025-07-20 12:13:56 - INFO - PersonalComponent.get_all_personal - 10 miembros del personal encontrados
2025-07-20 12:13:56 - INFO - PersonalService.get_personal - Personal obtenido exitosamente
2025-07-20 12:13:58 - INFO - LoginComponent.get_user_by_id - Consulta para usuario ID: 1
2025-07-20 12:13:58 - INFO - UsuarioService.get_usuarios - Iniciando
2025-07-20 12:13:58 - INFO - UsuarioComponent.get_all_usuarios - 9 usuarios encontrados
2025-07-20 12:13:58 - INFO - UsuarioService.get_usuarios - Usuarios obtenidos exitosamente
2025-07-20 12:14:00 - INFO - LoginComponent.get_user_by_id - Consulta para usuario ID: 1
2025-07-20 12:14:00 - INFO - RolService.get_roles - Iniciando
2025-07-20 12:14:00 - INFO - RolService.get_roles - 4 roles encontrados
2025-07-20 12:14:02 - INFO - LoginComponent.get_user_by_id - Consulta para usuario ID: 1
2025-07-20 12:14:02 - INFO - TutorService.get_tutores - Iniciando
2025-07-20 12:14:02 - INFO - TutorComponent.get_all_tutores - 12 tutores encontrados
2025-07-20 12:14:02 - INFO - TutorService.get_tutores - Tutores obtenidos exitosamente
2025-07-20 12:14:04 - INFO - LoginComponent.get_user_by_id - Consulta para usuario ID: 1
2025-07-20 12:14:04 - INFO - PacienteService.get_pacientes - Iniciando
2025-07-20 12:14:04 - INFO - PacienteComponent.get_all_pacientes - 8 pacientes encontrados
2025-07-20 12:14:04 - INFO - PacienteService.get_pacientes - Pacientes obtenidos exitosamente
2025-07-20 12:15:40 - INFO - LoginService.login - Intento de autenticacion
2025-07-20 12:15:40 - INFO - LoginComponent.get_user_for_login - Busqueda para usuario: admin
2025-07-20 12:15:40 - INFO - LoginComponent.update_last_access - Actualizado para usuario ID: 1
2025-07-20 12:15:40 - INFO - LoginService.login - Autenticacion exitosa: admin
2025-07-20 12:15:42 - INFO - LoginComponent.get_user_by_id - Consulta para usuario ID: 1
2025-07-20 12:15:42 - INFO - PersonaService.get_personas - Iniciando
2025-07-20 12:15:42 - INFO - PersonaComponent.get_all_personas - 36 personas encontradas
2025-07-20 12:15:42 - INFO - PersonaService.get_personas - Personas obtenidas exitosamente
2025-07-20 12:15:45 - INFO - LoginComponent.get_user_by_id - Consulta para usuario ID: 1
2025-07-20 12:15:45 - INFO - EspecialidadService.get_especialidades - Iniciando
2025-07-20 12:15:45 - INFO - EspecialidadComponent.get_all_especialidades - 43 especialidades encontradas
2025-07-20 12:15:45 - INFO - EspecialidadService.get_especialidades - Especialidades obtenidas exitosamente
2025-07-20 12:17:22 - INFO - app - Iniciando Sistema Tía Glenda Backend
2025-07-20 12:17:45 - INFO - LoginService.login - Intento de autenticacion
2025-07-20 12:17:45 - INFO - LoginComponent.get_user_for_login - Busqueda para usuario: admin
2025-07-20 12:17:45 - INFO - LoginComponent.update_last_access - Actualizado para usuario ID: 1
2025-07-20 12:17:45 - INFO - LoginService.login - Autenticacion exitosa: admin
2025-07-20 12:17:47 - INFO - LoginComponent.get_user_by_id - Consulta para usuario ID: 1
2025-07-20 12:17:47 - INFO - PersonaService.get_personas - Iniciando
2025-07-20 12:17:47 - INFO - PersonaComponent.get_all_personas - 36 personas encontradas
2025-07-20 12:17:47 - INFO - PersonaService.get_personas - Personas obtenidas exitosamente
2025-07-20 12:17:49 - INFO - LoginComponent.get_user_by_id - Consulta para usuario ID: 1
2025-07-20 12:17:49 - INFO - EspecialidadService.get_especialidades - Iniciando
2025-07-20 12:17:49 - INFO - EspecialidadComponent.get_all_especialidades - 43 especialidades encontradas
2025-07-20 12:17:49 - INFO - EspecialidadService.get_especialidades - Especialidades obtenidas exitosamente
2025-07-20 12:17:51 - INFO - LoginComponent.get_user_by_id - Consulta para usuario ID: 1
2025-07-20 12:17:51 - INFO - PersonalService.get_personal - Iniciando
2025-07-20 12:17:52 - INFO - PersonalComponent.get_all_personal - 10 miembros del personal encontrados
2025-07-20 12:17:52 - INFO - PersonalService.get_personal - Personal obtenido exitosamente
2025-07-20 12:17:54 - INFO - LoginComponent.get_user_by_id - Consulta para usuario ID: 1
2025-07-20 12:17:54 - INFO - UsuarioService.get_usuarios - Iniciando
2025-07-20 12:17:54 - INFO - UsuarioComponent.get_all_usuarios - 9 usuarios encontrados
2025-07-20 12:17:54 - INFO - UsuarioService.get_usuarios - Usuarios obtenidos exitosamente
2025-07-20 12:17:56 - INFO - LoginComponent.get_user_by_id - Consulta para usuario ID: 1
2025-07-20 12:17:56 - INFO - RolService.get_roles - Iniciando
2025-07-20 12:17:56 - INFO - RolService.get_roles - 4 roles encontrados
2025-07-20 12:17:58 - INFO - LoginComponent.get_user_by_id - Consulta para usuario ID: 1
2025-07-20 12:17:58 - INFO - TutorService.get_tutores - Iniciando
2025-07-20 12:17:58 - INFO - TutorComponent.get_all_tutores - 12 tutores encontrados
2025-07-20 12:17:58 - INFO - TutorService.get_tutores - Tutores obtenidos exitosamente
2025-07-20 12:18:00 - INFO - LoginComponent.get_user_by_id - Consulta para usuario ID: 1
2025-07-20 12:18:00 - INFO - PacienteService.get_pacientes - Iniciando
2025-07-20 12:18:00 - INFO - PacienteComponent.get_all_pacientes - 8 pacientes encontrados
2025-07-20 12:18:00 - INFO - PacienteService.get_pacientes - Pacientes obtenidos exitosamente
2025-07-20 12:19:28 - INFO - LoginService.login - Intento de autenticacion
2025-07-20 12:19:28 - INFO - LoginComponent.get_user_for_login - Busqueda para usuario: admin
2025-07-20 12:19:28 - INFO - LoginComponent.update_last_access - Actualizado para usuario ID: 1
2025-07-20 12:19:28 - INFO - LoginService.login - Autenticacion exitosa: admin
2025-07-20 12:19:31 - INFO - LoginService.login - Intento de autenticacion
2025-07-20 12:19:31 - INFO - LoginComponent.get_user_for_login - Busqueda para usuario: usuario_inexistente
2025-07-20 12:19:31 - INFO - LoginService.login - Usuario no encontrado: usuario_inexistente
2025-07-20 12:19:33 - INFO - LoginService.login - Intento de autenticacion
2025-07-20 12:19:33 - INFO - LoginComponent.get_user_for_login - Busqueda para usuario: admin
2025-07-20 12:19:33 - INFO - LoginService.login - Contrasena incorrecta para: admin
2025-07-20 12:19:35 - INFO - LoginService.login - Intento de autenticacion
2025-07-20 12:19:37 - INFO - LoginService.login - Intento de autenticacion
2025-07-20 12:19:39 - INFO - LoginService.login - Intento de autenticacion
2025-07-20 12:19:41 - INFO - LoginService.login - Intento de autenticacion
2025-07-20 12:19:43 - INFO - LoginService.login - Intento de autenticacion
2025-07-20 12:19:46 - INFO - LoginService.login - Intento de autenticacion
2025-07-20 12:19:48 - INFO - LoginComponent.get_user_by_id - Consulta para usuario ID: 1
2025-07-20 12:19:48 - INFO - LoginService.verify_token - Token verificado correctamente
2025-07-20 12:19:57 - INFO - LoginComponent.get_user_by_id - Consulta para usuario ID: 1
2025-07-20 12:19:57 - INFO - Información solicitada para usuario: admin
2025-07-20 12:19:59 - INFO - LoginComponent.get_user_by_id - Consulta para usuario ID: 1
2025-07-20 12:19:59 - INFO - Logout solicitado
2025-07-20 12:20:01 - INFO - LoginService.login - Intento de autenticacion
2025-07-20 12:20:02 - INFO - LoginComponent.get_user_for_login - Busqueda para usuario: admin
2025-07-20 12:20:02 - INFO - LoginComponent.update_last_access - Actualizado para usuario ID: 1
2025-07-20 12:20:02 - INFO - LoginService.login - Autenticacion exitosa: admin
2025-07-20 12:20:04 - INFO - LoginComponent.get_user_by_id - Consulta para usuario ID: 1
2025-07-20 12:20:04 - INFO - LoginService.verify_token - Token verificado correctamente
2025-07-20 12:20:06 - INFO - LoginComponent.get_user_by_id - Consulta para usuario ID: 1
2025-07-20 12:20:06 - INFO - Información solicitada para usuario: admin
2025-07-20 12:20:08 - INFO - LoginComponent.get_user_by_id - Consulta para usuario ID: 1
2025-07-20 12:20:08 - INFO - RolService.get_roles - Iniciando
2025-07-20 12:20:09 - INFO - RolService.get_roles - 4 roles encontrados
2025-07-20 12:20:11 - INFO - LoginComponent.get_user_by_id - Consulta para usuario ID: 1
2025-07-20 12:20:11 - INFO - Logout solicitado
2025-07-20 12:20:13 - INFO - LoginService.login - Intento de autenticacion
2025-07-20 12:20:13 - INFO - LoginComponent.get_user_for_login - Busqueda para usuario: usuario_inexistente
2025-07-20 12:20:13 - INFO - LoginService.login - Usuario no encontrado: usuario_inexistente
2025-07-20 12:20:15 - INFO - LoginService.login - Intento de autenticacion
2025-07-20 12:20:15 - INFO - LoginService.login - Intento de autenticacion
2025-07-20 12:20:15 - INFO - LoginService.login - Intento de autenticacion
2025-07-20 12:20:15 - INFO - LoginService.login - Intento de autenticacion
2025-07-20 12:20:15 - INFO - LoginService.login - Intento de autenticacion
2025-07-20 12:20:15 - INFO - LoginComponent.get_user_for_login - Busqueda para usuario: admin
2025-07-20 12:20:15 - INFO - LoginComponent.get_user_for_login - Busqueda para usuario: admin
2025-07-20 12:20:15 - INFO - LoginComponent.get_user_for_login - Busqueda para usuario: admin
2025-07-20 12:20:15 - INFO - LoginComponent.get_user_for_login - Busqueda para usuario: admin
2025-07-20 12:20:15 - INFO - LoginComponent.get_user_for_login - Busqueda para usuario: admin
2025-07-20 12:20:15 - INFO - LoginComponent.update_last_access - Actualizado para usuario ID: 1
2025-07-20 12:20:15 - INFO - LoginService.login - Autenticacion exitosa: admin
2025-07-20 12:20:15 - INFO - LoginComponent.update_last_access - Actualizado para usuario ID: 1
2025-07-20 12:20:15 - INFO - LoginService.login - Autenticacion exitosa: admin
2025-07-20 12:20:15 - INFO - LoginComponent.update_last_access - Actualizado para usuario ID: 1
2025-07-20 12:20:15 - INFO - LoginService.login - Autenticacion exitosa: admin
2025-07-20 12:20:15 - INFO - LoginComponent.update_last_access - Actualizado para usuario ID: 1
2025-07-20 12:20:15 - INFO - LoginService.login - Autenticacion exitosa: admin
2025-07-20 12:20:15 - INFO - LoginComponent.update_last_access - Actualizado para usuario ID: 1
2025-07-20 12:20:15 - INFO - LoginService.login - Autenticacion exitosa: admin
2025-07-20 12:21:55 - INFO - app - Iniciando Sistema Tía Glenda Backend
2025-07-20 12:22:02 - INFO - LoginService.login - Intento de autenticacion
2025-07-20 12:22:02 - INFO - LoginComponent.get_user_for_login - Busqueda para usuario: admin
2025-07-20 12:22:03 - INFO - LoginComponent.update_last_access - Actualizado para usuario ID: 1
2025-07-20 12:22:03 - INFO - LoginService.login - Autenticacion exitosa: admin
2025-07-20 12:22:05 - INFO - LoginComponent.get_user_by_id - Consulta para usuario ID: 1
2025-07-20 12:22:05 - INFO - PersonaService.get_personas - Iniciando
2025-07-20 12:22:05 - INFO - PersonaComponent.get_all_personas - 36 personas encontradas
2025-07-20 12:22:05 - INFO - PersonaService.get_personas - Personas obtenidas exitosamente
2025-07-20 12:22:07 - INFO - LoginComponent.get_user_by_id - Consulta para usuario ID: 1
2025-07-20 12:22:07 - INFO - EspecialidadService.get_especialidades - Iniciando
2025-07-20 12:22:07 - INFO - EspecialidadComponent.get_all_especialidades - 43 especialidades encontradas
2025-07-20 12:22:07 - INFO - EspecialidadService.get_especialidades - Especialidades obtenidas exitosamente
2025-07-20 12:22:09 - INFO - LoginComponent.get_user_by_id - Consulta para usuario ID: 1
2025-07-20 12:22:09 - INFO - PersonalService.get_personal - Iniciando
2025-07-20 12:22:09 - INFO - PersonalComponent.get_all_personal - 10 miembros del personal encontrados
2025-07-20 12:22:09 - INFO - PersonalService.get_personal - Personal obtenido exitosamente
2025-07-20 12:22:11 - INFO - LoginComponent.get_user_by_id - Consulta para usuario ID: 1
2025-07-20 12:22:11 - INFO - UsuarioService.get_usuarios - Iniciando
2025-07-20 12:22:11 - INFO - UsuarioComponent.get_all_usuarios - 9 usuarios encontrados
2025-07-20 12:22:11 - INFO - UsuarioService.get_usuarios - Usuarios obtenidos exitosamente
2025-07-20 12:22:14 - INFO - LoginComponent.get_user_by_id - Consulta para usuario ID: 1
2025-07-20 12:22:14 - INFO - RolService.get_roles - Iniciando
2025-07-20 12:22:14 - INFO - RolService.get_roles - 4 roles encontrados
2025-07-20 12:22:16 - INFO - LoginComponent.get_user_by_id - Consulta para usuario ID: 1
2025-07-20 12:22:16 - INFO - TutorService.get_tutores - Iniciando
2025-07-20 12:22:16 - INFO - TutorComponent.get_all_tutores - 12 tutores encontrados
2025-07-20 12:22:16 - INFO - TutorService.get_tutores - Tutores obtenidos exitosamente
2025-07-20 12:22:18 - INFO - LoginComponent.get_user_by_id - Consulta para usuario ID: 1
2025-07-20 12:22:18 - INFO - PacienteService.get_pacientes - Iniciando
2025-07-20 12:22:18 - INFO - PacienteComponent.get_all_pacientes - 8 pacientes encontrados
2025-07-20 12:22:18 - INFO - PacienteService.get_pacientes - Pacientes obtenidos exitosamente
2025-07-20 12:24:53 - INFO - app - Iniciando Sistema Tía Glenda Backend
2025-07-20 12:25:11 - INFO - LoginService.login - Intento de autenticacion
2025-07-20 12:25:11 - INFO - LoginComponent.get_user_for_login - Busqueda para usuario: admin
2025-07-20 12:25:11 - INFO - LoginComponent.update_last_access - Actualizado para usuario ID: 1
2025-07-20 12:25:11 - INFO - LoginService.login - Autenticacion exitosa: admin
2025-07-20 12:25:33 - INFO - LoginComponent.get_user_by_id - Consulta para usuario ID: 1
2025-07-20 12:25:33 - INFO - PersonaService.get_personas - Iniciando
2025-07-20 12:25:33 - INFO - PersonaComponent.get_all_personas - 36 personas encontradas
2025-07-20 12:25:33 - INFO - PersonaService.get_personas - Personas obtenidas exitosamente
2025-07-20 12:25:35 - INFO - LoginComponent.get_user_by_id - Consulta para usuario ID: 1
2025-07-20 12:25:35 - INFO - EspecialidadService.get_especialidades - Iniciando
2025-07-20 12:25:35 - INFO - EspecialidadComponent.get_all_especialidades - 43 especialidades encontradas
2025-07-20 12:25:35 - INFO - EspecialidadService.get_especialidades - Especialidades obtenidas exitosamente
2025-07-20 12:25:37 - INFO - LoginComponent.get_user_by_id - Consulta para usuario ID: 1
2025-07-20 12:25:37 - INFO - PersonalService.get_personal - Iniciando
2025-07-20 12:25:37 - INFO - PersonalComponent.get_all_personal - 10 miembros del personal encontrados
2025-07-20 12:25:37 - INFO - PersonalService.get_personal - Personal obtenido exitosamente
2025-07-20 12:25:39 - INFO - LoginComponent.get_user_by_id - Consulta para usuario ID: 1
2025-07-20 12:25:39 - INFO - UsuarioService.get_usuarios - Iniciando
2025-07-20 12:25:39 - INFO - UsuarioComponent.get_all_usuarios - 9 usuarios encontrados
2025-07-20 12:25:39 - INFO - UsuarioService.get_usuarios - Usuarios obtenidos exitosamente
2025-07-20 12:25:42 - INFO - LoginComponent.get_user_by_id - Consulta para usuario ID: 1
2025-07-20 12:25:42 - INFO - RolService.get_roles - Iniciando
2025-07-20 12:25:42 - INFO - RolService.get_roles - 4 roles encontrados
2025-07-20 12:25:44 - INFO - LoginComponent.get_user_by_id - Consulta para usuario ID: 1
2025-07-20 12:25:44 - INFO - TutorService.get_tutores - Iniciando
2025-07-20 12:25:44 - INFO - TutorComponent.get_all_tutores - 12 tutores encontrados
2025-07-20 12:25:44 - INFO - TutorService.get_tutores - Tutores obtenidos exitosamente
2025-07-20 12:25:46 - INFO - LoginComponent.get_user_by_id - Consulta para usuario ID: 1
2025-07-20 12:25:46 - INFO - PacienteService.get_pacientes - Iniciando
2025-07-20 12:25:46 - INFO - PacienteComponent.get_all_pacientes - 8 pacientes encontrados
2025-07-20 12:25:46 - INFO - PacienteService.get_pacientes - Pacientes obtenidos exitosamente
2025-07-20 12:28:01 - INFO - app - Iniciando Sistema Tía Glenda Backend
2025-07-20 12:28:32 - INFO - app - Iniciando Sistema Tía Glenda Backend
2025-07-20 12:29:28 - INFO - LoginService.login - Intento de autenticacion
2025-07-20 12:29:28 - INFO - LoginComponent.get_user_for_login - Busqueda para usuario: admin
2025-07-20 12:29:28 - INFO - LoginComponent.update_last_access - Actualizado para usuario ID: 1
2025-07-20 12:29:28 - INFO - LoginService.login - Autenticacion exitosa: admin
2025-07-20 12:29:50 - INFO - LoginComponent.get_user_by_id - Consulta para usuario ID: 1
2025-07-20 12:29:50 - INFO - PersonaService.get_personas - Iniciando
2025-07-20 12:29:51 - INFO - PersonaComponent.get_all_personas - 36 personas encontradas
2025-07-20 12:29:51 - INFO - PersonaService.get_personas - Personas obtenidas exitosamente
2025-07-20 12:29:53 - INFO - LoginComponent.get_user_by_id - Consulta para usuario ID: 1
2025-07-20 12:29:53 - INFO - EspecialidadService.get_especialidades - Iniciando
2025-07-20 12:29:53 - INFO - EspecialidadComponent.get_all_especialidades - 43 especialidades encontradas
2025-07-20 12:29:53 - INFO - EspecialidadService.get_especialidades - Especialidades obtenidas exitosamente
2025-07-20 12:29:55 - INFO - LoginComponent.get_user_by_id - Consulta para usuario ID: 1
2025-07-20 12:29:55 - INFO - PersonalService.get_personal - Iniciando
2025-07-20 12:29:55 - INFO - PersonalComponent.get_all_personal - 10 miembros del personal encontrados
2025-07-20 12:29:55 - INFO - PersonalService.get_personal - Personal obtenido exitosamente
2025-07-20 12:29:57 - INFO - LoginComponent.get_user_by_id - Consulta para usuario ID: 1
2025-07-20 12:29:57 - INFO - UsuarioService.get_usuarios - Iniciando
2025-07-20 12:29:58 - INFO - app - Iniciando Sistema Tía Glenda Backend
2025-07-20 12:29:59 - INFO - LoginComponent.get_user_by_id - Consulta para usuario ID: 1
2025-07-20 12:29:59 - INFO - RolService.get_roles - Iniciando
2025-07-20 12:29:59 - INFO - RolService.get_roles - 4 roles encontrados
2025-07-20 12:30:02 - INFO - LoginComponent.get_user_by_id - Consulta para usuario ID: 1
2025-07-20 12:30:02 - INFO - TutorService.get_tutores - Iniciando
2025-07-20 12:30:02 - INFO - TutorComponent.get_all_tutores - 12 tutores encontrados
2025-07-20 12:30:02 - INFO - TutorService.get_tutores - Tutores obtenidos exitosamente
2025-07-20 12:30:04 - INFO - LoginComponent.get_user_by_id - Consulta para usuario ID: 1
2025-07-20 12:30:04 - INFO - PacienteService.get_pacientes - Iniciando
2025-07-20 12:30:04 - INFO - PacienteComponent.get_all_pacientes - 8 pacientes encontrados
2025-07-20 12:30:04 - INFO - PacienteService.get_pacientes - Pacientes obtenidos exitosamente
2025-07-20 12:30:17 - INFO - app - Iniciando Sistema Tía Glenda Backend
2025-07-20 12:30:41 - INFO - LoginService.login - Intento de autenticacion
2025-07-20 12:30:41 - INFO - LoginComponent.get_user_for_login - Busqueda para usuario: admin
2025-07-20 12:30:41 - INFO - LoginComponent.update_last_access - Actualizado para usuario ID: 1
2025-07-20 12:30:41 - INFO - LoginService.login - Autenticacion exitosa: admin
2025-07-20 12:30:43 - INFO - LoginService.login - Intento de autenticacion
2025-07-20 12:30:43 - INFO - LoginComponent.get_user_for_login - Busqueda para usuario: usuario_inexistente
2025-07-20 12:30:43 - INFO - LoginService.login - Usuario no encontrado: usuario_inexistente
2025-07-20 12:30:45 - INFO - LoginService.login - Intento de autenticacion
2025-07-20 12:30:45 - INFO - LoginComponent.get_user_for_login - Busqueda para usuario: admin
2025-07-20 12:30:46 - INFO - LoginService.login - Contrasena incorrecta para: admin
2025-07-20 12:30:48 - INFO - LoginService.login - Intento de autenticacion
2025-07-20 12:30:50 - INFO - LoginService.login - Intento de autenticacion
2025-07-20 12:30:52 - INFO - LoginService.login - Intento de autenticacion
2025-07-20 12:30:54 - INFO - LoginService.login - Intento de autenticacion
2025-07-20 12:30:56 - INFO - LoginService.login - Intento de autenticacion
2025-07-20 12:30:58 - INFO - LoginService.login - Intento de autenticacion
2025-07-20 12:31:01 - INFO - LoginComponent.get_user_by_id - Consulta para usuario ID: 1
2025-07-20 12:31:01 - INFO - LoginService.verify_token - Token verificado correctamente
2025-07-20 12:31:09 - INFO - LoginComponent.get_user_by_id - Consulta para usuario ID: 1
2025-07-20 12:31:09 - INFO - Información solicitada para usuario: admin
2025-07-20 12:31:11 - INFO - LoginComponent.get_user_by_id - Consulta para usuario ID: 1
2025-07-20 12:31:11 - INFO - Logout solicitado
2025-07-20 12:31:13 - INFO - LoginService.login - Intento de autenticacion
2025-07-20 12:31:14 - INFO - LoginComponent.get_user_for_login - Busqueda para usuario: admin
2025-07-20 12:31:14 - INFO - LoginComponent.update_last_access - Actualizado para usuario ID: 1
2025-07-20 12:31:14 - INFO - LoginService.login - Autenticacion exitosa: admin
2025-07-20 12:31:16 - INFO - LoginComponent.get_user_by_id - Consulta para usuario ID: 1
2025-07-20 12:31:16 - INFO - LoginService.verify_token - Token verificado correctamente
2025-07-20 12:31:18 - INFO - LoginComponent.get_user_by_id - Consulta para usuario ID: 1
2025-07-20 12:31:18 - INFO - Información solicitada para usuario: admin
2025-07-20 12:31:20 - INFO - LoginComponent.get_user_by_id - Consulta para usuario ID: 1
2025-07-20 12:31:20 - INFO - RolService.get_roles - Iniciando
2025-07-20 12:31:20 - INFO - RolService.get_roles - 4 roles encontrados
2025-07-20 12:31:22 - INFO - LoginComponent.get_user_by_id - Consulta para usuario ID: 1
2025-07-20 12:31:22 - INFO - Logout solicitado
2025-07-20 12:31:25 - INFO - LoginService.login - Intento de autenticacion
2025-07-20 12:31:25 - INFO - LoginComponent.get_user_for_login - Busqueda para usuario: usuario_inexistente
2025-07-20 12:31:25 - INFO - LoginService.login - Usuario no encontrado: usuario_inexistente
2025-07-20 12:31:27 - INFO - LoginService.login - Intento de autenticacion
2025-07-20 12:31:27 - INFO - LoginService.login - Intento de autenticacion
2025-07-20 12:31:27 - INFO - LoginService.login - Intento de autenticacion
2025-07-20 12:31:27 - INFO - LoginService.login - Intento de autenticacion
2025-07-20 12:31:27 - INFO - LoginService.login - Intento de autenticacion
2025-07-20 12:31:27 - INFO - LoginComponent.get_user_for_login - Busqueda para usuario: admin
2025-07-20 12:31:27 - INFO - LoginComponent.get_user_for_login - Busqueda para usuario: admin
2025-07-20 12:31:27 - INFO - LoginComponent.get_user_for_login - Busqueda para usuario: admin
2025-07-20 12:31:27 - INFO - LoginComponent.get_user_for_login - Busqueda para usuario: admin
2025-07-20 12:31:27 - INFO - LoginComponent.get_user_for_login - Busqueda para usuario: admin
2025-07-20 12:31:27 - INFO - LoginComponent.update_last_access - Actualizado para usuario ID: 1
2025-07-20 12:31:27 - INFO - LoginService.login - Autenticacion exitosa: admin
2025-07-20 12:31:27 - INFO - LoginComponent.update_last_access - Actualizado para usuario ID: 1
2025-07-20 12:31:27 - INFO - LoginService.login - Autenticacion exitosa: admin
2025-07-20 12:31:27 - INFO - LoginComponent.update_last_access - Actualizado para usuario ID: 1
2025-07-20 12:31:27 - INFO - LoginService.login - Autenticacion exitosa: admin
2025-07-20 12:31:27 - INFO - LoginComponent.update_last_access - Actualizado para usuario ID: 1
2025-07-20 12:31:27 - INFO - LoginService.login - Autenticacion exitosa: admin
2025-07-20 12:31:27 - INFO - LoginComponent.update_last_access - Actualizado para usuario ID: 1
2025-07-20 12:31:27 - INFO - LoginService.login - Autenticacion exitosa: admin
2025-07-20 12:31:39 - INFO - LoginService.login - Intento de autenticacion
2025-07-20 12:31:39 - INFO - LoginComponent.get_user_for_login - Busqueda para usuario: admin
2025-07-20 12:31:39 - INFO - LoginComponent.update_last_access - Actualizado para usuario ID: 1
2025-07-20 12:31:39 - INFO - LoginService.login - Autenticacion exitosa: admin
2025-07-20 12:32:01 - INFO - LoginComponent.get_user_by_id - Consulta para usuario ID: 1
2025-07-20 12:32:01 - INFO - PersonaService.get_personas - Iniciando
2025-07-20 12:32:01 - INFO - PersonaComponent.get_all_personas - 36 personas encontradas
2025-07-20 12:32:01 - INFO - PersonaService.get_personas - Personas obtenidas exitosamente
2025-07-20 12:32:03 - INFO - LoginComponent.get_user_by_id - Consulta para usuario ID: 1
2025-07-20 12:32:03 - INFO - EspecialidadService.get_especialidades - Iniciando
2025-07-20 12:32:03 - INFO - EspecialidadComponent.get_all_especialidades - 43 especialidades encontradas
2025-07-20 12:32:03 - INFO - EspecialidadService.get_especialidades - Especialidades obtenidas exitosamente
2025-07-20 12:32:05 - INFO - LoginComponent.get_user_by_id - Consulta para usuario ID: 1
2025-07-20 12:32:05 - INFO - PersonalService.get_personal - Iniciando
2025-07-20 12:32:05 - INFO - PersonalComponent.get_all_personal - 10 miembros del personal encontrados
2025-07-20 12:32:05 - INFO - PersonalService.get_personal - Personal obtenido exitosamente
2025-07-20 12:32:08 - INFO - LoginComponent.get_user_by_id - Consulta para usuario ID: 1
2025-07-20 12:32:08 - INFO - UsuarioService.get_usuarios - Iniciando
2025-07-20 12:32:08 - INFO - UsuarioComponent.get_all_usuarios - 9 usuarios encontrados
2025-07-20 12:32:08 - INFO - UsuarioService.get_usuarios - Usuarios obtenidos exitosamente
2025-07-20 12:32:10 - INFO - LoginComponent.get_user_by_id - Consulta para usuario ID: 1
2025-07-20 12:32:10 - INFO - RolService.get_roles - Iniciando
2025-07-20 12:32:10 - INFO - RolService.get_roles - 4 roles encontrados
2025-07-20 12:32:12 - INFO - LoginComponent.get_user_by_id - Consulta para usuario ID: 1
2025-07-20 12:32:12 - INFO - TutorService.get_tutores - Iniciando
2025-07-20 12:32:12 - INFO - TutorComponent.get_all_tutores - 12 tutores encontrados
2025-07-20 12:32:12 - INFO - TutorService.get_tutores - Tutores obtenidos exitosamente
2025-07-20 12:32:14 - INFO - LoginComponent.get_user_by_id - Consulta para usuario ID: 1
2025-07-20 12:32:14 - INFO - PacienteService.get_pacientes - Iniciando
2025-07-20 12:32:14 - INFO - PacienteComponent.get_all_pacientes - 8 pacientes encontrados
2025-07-20 12:32:14 - INFO - PacienteService.get_pacientes - Pacientes obtenidos exitosamente
2025-07-20 12:32:42 - INFO - LoginService.login - Intento de autenticacion
2025-07-20 12:32:42 - INFO - LoginComponent.get_user_for_login - Busqueda para usuario: admin
2025-07-20 12:32:42 - INFO - LoginComponent.update_last_access - Actualizado para usuario ID: 1
2025-07-20 12:32:42 - INFO - LoginService.login - Autenticacion exitosa: admin
2025-07-20 12:33:05 - INFO - LoginComponent.get_user_by_id - Consulta para usuario ID: 1
2025-07-20 12:33:05 - INFO - PersonaService.get_personas - Iniciando
2025-07-20 12:33:05 - INFO - PersonaComponent.get_all_personas - 36 personas encontradas
2025-07-20 12:33:05 - INFO - PersonaService.get_personas - Personas obtenidas exitosamente
2025-07-20 12:33:07 - INFO - LoginComponent.get_user_by_id - Consulta para usuario ID: 1
2025-07-20 12:33:07 - INFO - EspecialidadService.get_especialidades - Iniciando
2025-07-20 12:33:07 - INFO - EspecialidadComponent.get_all_especialidades - 43 especialidades encontradas
2025-07-20 12:33:07 - INFO - EspecialidadService.get_especialidades - Especialidades obtenidas exitosamente
2025-07-20 12:33:09 - INFO - LoginComponent.get_user_by_id - Consulta para usuario ID: 1
2025-07-20 12:33:09 - INFO - PersonalService.get_personal - Iniciando
2025-07-20 12:33:09 - INFO - PersonalComponent.get_all_personal - 10 miembros del personal encontrados
2025-07-20 12:33:09 - INFO - PersonalService.get_personal - Personal obtenido exitosamente
2025-07-20 12:33:12 - INFO - LoginComponent.get_user_by_id - Consulta para usuario ID: 1
2025-07-20 12:33:12 - INFO - UsuarioService.get_usuarios - Iniciando
2025-07-20 12:33:12 - INFO - UsuarioComponent.get_all_usuarios - 9 usuarios encontrados
2025-07-20 12:33:12 - INFO - UsuarioService.get_usuarios - Usuarios obtenidos exitosamente
2025-07-20 12:33:14 - INFO - LoginComponent.get_user_by_id - Consulta para usuario ID: 1
2025-07-20 12:33:14 - INFO - RolService.get_roles - Iniciando
2025-07-20 12:33:14 - INFO - RolService.get_roles - 4 roles encontrados
2025-07-20 12:33:16 - INFO - LoginComponent.get_user_by_id - Consulta para usuario ID: 1
2025-07-20 12:33:16 - INFO - TutorService.get_tutores - Iniciando
2025-07-20 12:33:16 - INFO - TutorComponent.get_all_tutores - 12 tutores encontrados
2025-07-20 12:33:16 - INFO - TutorService.get_tutores - Tutores obtenidos exitosamente
2025-07-20 12:33:18 - INFO - LoginComponent.get_user_by_id - Consulta para usuario ID: 1
2025-07-20 12:33:18 - INFO - PacienteService.get_pacientes - Iniciando
2025-07-20 12:33:18 - INFO - PacienteComponent.get_all_pacientes - 8 pacientes encontrados
2025-07-20 12:33:18 - INFO - PacienteService.get_pacientes - Pacientes obtenidos exitosamente
2025-07-20 12:33:56 - INFO - LoginService.login - Intento de autenticacion
2025-07-20 12:33:56 - INFO - LoginComponent.get_user_for_login - Busqueda para usuario: admin
2025-07-20 12:33:56 - INFO - LoginComponent.update_last_access - Actualizado para usuario ID: 1
2025-07-20 12:33:56 - INFO - LoginService.login - Autenticacion exitosa: admin
2025-07-20 12:33:59 - INFO - LoginComponent.get_user_by_id - Consulta para usuario ID: 1
2025-07-20 12:33:59 - INFO - PersonaService.create_persona - Iniciando
2025-07-20 12:33:59 - INFO - PersonaComponent.get_persona_by_id - Persona 37 encontrada
2025-07-20 12:33:59 - INFO - PersonaComponent.create_persona - Persona creada con ID: 37
2025-07-20 12:33:59 - INFO - PersonaService.create_persona - Persona creada exitosamente
2025-07-20 12:34:01 - INFO - LoginComponent.get_user_by_id - Consulta para usuario ID: 1
2025-07-20 12:34:01 - INFO - RolService.get_roles - Iniciando
2025-07-20 12:34:01 - INFO - RolService.get_roles - 4 roles encontrados
2025-07-20 12:34:03 - INFO - LoginComponent.get_user_by_id - Consulta para usuario ID: 1
2025-07-20 12:34:03 - INFO - UsuarioService.get_usuarios - Iniciando
2025-07-20 12:34:03 - INFO - UsuarioComponent.get_all_usuarios - 9 usuarios encontrados
2025-07-20 12:34:03 - INFO - UsuarioService.get_usuarios - Usuarios obtenidos exitosamente
2025-07-20 12:34:05 - INFO - LoginComponent.get_user_by_id - Consulta para usuario ID: 1
2025-07-20 12:34:05 - INFO - UsuarioService.create_usuario - Iniciando
2025-07-20 12:34:06 - INFO - UsuarioComponent.get_usuario_by_id - Usuario 12 encontrado
2025-07-20 12:34:06 - INFO - UsuarioComponent.create_usuario - Usuario creado con ID: 12
2025-07-20 12:34:06 - INFO - UsuarioService.create_usuario - Usuario creado exitosamente
2025-07-20 12:34:08 - INFO - LoginComponent.get_user_by_id - Consulta para usuario ID: 1
2025-07-20 12:34:08 - INFO - UsuarioService.get_usuario - ID: 12
2025-07-20 12:34:08 - INFO - UsuarioComponent.get_usuario_by_id - Usuario 12 encontrado
2025-07-20 12:34:08 - INFO - UsuarioService.get_usuario - Usuario 12 encontrado
2025-07-20 12:34:10 - INFO - LoginComponent.get_user_by_id - Consulta para usuario ID: 1
2025-07-20 12:34:10 - INFO - UsuarioService.update_usuario - ID: 12
2025-07-20 12:34:10 - INFO - UsuarioComponent.get_usuario_by_id - Usuario 12 encontrado
2025-07-20 12:34:10 - INFO - UsuarioComponent.update_usuario - Usuario 12 actualizado
2025-07-20 12:34:10 - INFO - UsuarioService.update_usuario - Usuario 12 actualizado
2025-07-20 12:34:12 - INFO - LoginComponent.get_user_by_id - Consulta para usuario ID: 1
2025-07-20 12:34:12 - INFO - LoginService.verify_token - Token verificado correctamente
2025-07-20 12:34:15 - INFO - LoginComponent.get_user_by_id - Consulta para usuario ID: 1
2025-07-20 12:34:15 - INFO - Información solicitada para usuario: admin
2025-07-20 12:34:17 - INFO - LoginComponent.get_user_by_id - Consulta para usuario ID: 1
2025-07-20 12:34:17 - INFO - Logout solicitado
2025-07-20 12:34:19 - INFO - LoginComponent.get_user_by_id - Consulta para usuario ID: 1
2025-07-20 12:34:19 - INFO - RolService.get_roles - Iniciando
2025-07-20 12:34:19 - INFO - RolService.get_roles - 4 roles encontrados
2025-07-20 12:34:21 - INFO - LoginComponent.get_user_by_id - Consulta para usuario ID: 1
2025-07-20 12:34:21 - INFO - UsuarioService.create_usuario - Iniciando
2025-07-20 12:34:23 - INFO - LoginComponent.get_user_by_id - Consulta para usuario ID: 1
2025-07-20 12:34:23 - INFO - UsuarioService.create_usuario - Iniciando
2025-07-20 12:34:25 - INFO - LoginComponent.get_user_by_id - Consulta para usuario ID: 1
2025-07-20 12:34:25 - INFO - UsuarioService.create_usuario - Iniciando
2025-07-20 12:34:27 - INFO - LoginComponent.get_user_by_id - Consulta para usuario ID: 1
2025-07-20 12:34:28 - INFO - UsuarioService.create_usuario - Iniciando
2025-07-20 12:34:30 - INFO - LoginComponent.get_user_by_id - Consulta para usuario ID: 1
2025-07-20 12:34:30 - INFO - UsuarioService.create_usuario - Iniciando
2025-07-20 12:34:32 - INFO - LoginComponent.get_user_by_id - Consulta para usuario ID: 1
2025-07-20 12:34:32 - INFO - UsuarioService.create_usuario - Iniciando
2025-07-20 12:34:34 - INFO - LoginComponent.get_user_by_id - Consulta para usuario ID: 1
2025-07-20 12:34:34 - INFO - UsuarioService.create_usuario - Iniciando
2025-07-20 12:34:36 - INFO - LoginComponent.get_user_by_id - Consulta para usuario ID: 1
2025-07-20 12:34:36 - INFO - UsuarioService.create_usuario - Iniciando
2025-07-20 12:34:39 - INFO - LoginComponent.get_user_by_id - Consulta para usuario ID: 1
2025-07-20 12:34:39 - INFO - UsuarioService.create_usuario - Iniciando
2025-07-20 12:39:06 - INFO - LoginService.login - Intento de autenticacion
2025-07-20 12:39:06 - INFO - LoginComponent.get_user_for_login - Busqueda para usuario: admin
2025-07-20 12:39:06 - INFO - LoginComponent.update_last_access - Actualizado para usuario ID: 1
2025-07-20 12:39:06 - INFO - LoginService.login - Autenticacion exitosa: admin
2025-07-20 12:39:08 - INFO - LoginService.login - Intento de autenticacion
2025-07-20 12:39:08 - INFO - LoginComponent.get_user_for_login - Busqueda para usuario: usuario_inexistente
2025-07-20 12:39:08 - INFO - LoginService.login - Usuario no encontrado: usuario_inexistente
2025-07-20 12:39:10 - INFO - LoginService.login - Intento de autenticacion
2025-07-20 12:39:10 - INFO - LoginComponent.get_user_for_login - Busqueda para usuario: admin
2025-07-20 12:39:11 - INFO - LoginService.login - Contrasena incorrecta para: admin
2025-07-20 12:39:13 - INFO - LoginService.login - Intento de autenticacion
2025-07-20 12:39:15 - INFO - LoginService.login - Intento de autenticacion
2025-07-20 12:39:17 - INFO - LoginService.login - Intento de autenticacion
2025-07-20 12:39:19 - INFO - LoginService.login - Intento de autenticacion
2025-07-20 12:39:21 - INFO - LoginService.login - Intento de autenticacion
2025-07-20 12:39:23 - INFO - LoginService.login - Intento de autenticacion
2025-07-20 12:39:25 - INFO - LoginComponent.get_user_by_id - Consulta para usuario ID: 1
2025-07-20 12:39:25 - INFO - LoginService.verify_token - Token verificado correctamente
2025-07-20 12:39:34 - INFO - LoginComponent.get_user_by_id - Consulta para usuario ID: 1
2025-07-20 12:39:34 - INFO - Información solicitada para usuario: admin
