2025-07-29 12:36:39 - INFO - app - Iniciando Sistema Tía Glenda Backend
2025-07-29 12:36:39 - INFO - app - Iniciando Sistema Tía Glenda Backend
2025-07-29 12:37:26 - INFO - LoginService.login - Intento de autenticacion
2025-07-29 12:37:26 - INFO - LoginComponent.get_user_for_login - Busqueda para usuario: admin
2025-07-29 12:37:26 - INFO - LoginComponent.update_last_access - Actualizado para usuario ID: 1
2025-07-29 12:37:26 - INFO - LoginService.login - Autenticacion exitosa: admin
2025-07-29 12:38:00 - INFO - LoginComponent.get_user_by_id - Consulta para usuario ID: 1
2025-07-29 12:38:00 - INFO - SesionTerapiaService.get_sesiones - Iniciando
2025-07-29 12:38:00 - INFO - SesionTerapiaComponent.get_sesiones - Sesiones obtenidas exitosamente
2025-07-29 12:38:00 - INFO - SesionTerapiaService.get_sesiones - Sesiones obtenidas exitosamente
2025-07-29 12:38:00 - INFO - LoginComponent.get_user_by_id - Consulta para usuario ID: 1
2025-07-29 12:38:00 - INFO - PacienteService.get_pacientes - Iniciando
2025-07-29 12:38:00 - INFO - LoginComponent.get_user_by_id - Consulta para usuario ID: 1
2025-07-29 12:38:00 - INFO - EspecialidadService.get_especialidades - Iniciando
2025-07-29 12:38:00 - INFO - LoginComponent.get_user_by_id - Consulta para usuario ID: 1
2025-07-29 12:38:00 - INFO - PersonalService.get_personal - Iniciando
2025-07-29 12:38:00 - INFO - PacienteComponent.get_all_pacientes - 9 pacientes encontrados
2025-07-29 12:38:00 - INFO - PacienteService.get_pacientes - Pacientes obtenidos exitosamente
2025-07-29 12:38:00 - INFO - EspecialidadComponent.get_all_especialidades - 55 especialidades encontradas
2025-07-29 12:38:00 - INFO - EspecialidadService.get_especialidades - Especialidades obtenidas exitosamente
2025-07-29 12:38:00 - INFO - LoginComponent.get_user_by_id - Consulta para usuario ID: 1
2025-07-29 12:38:00 - INFO - SesionTerapiaService.get_sesiones - Iniciando
2025-07-29 12:38:00 - INFO - SesionTerapiaComponent.get_sesiones - Sesiones obtenidas exitosamente
2025-07-29 12:38:00 - INFO - SesionTerapiaService.get_sesiones - Sesiones obtenidas exitosamente
2025-07-29 12:38:00 - INFO - PersonalComponent.get_all_personal - 6 miembros del personal encontrados con especialidades
2025-07-29 12:38:00 - INFO - PersonalService.get_personal - Personal obtenido exitosamente
2025-07-29 12:38:00 - INFO - LoginComponent.get_user_by_id - Consulta para usuario ID: 1
2025-07-29 12:38:00 - INFO - PacienteService.get_pacientes - Iniciando
2025-07-29 12:38:00 - INFO - LoginComponent.get_user_by_id - Consulta para usuario ID: 1
2025-07-29 12:38:00 - INFO - EspecialidadService.get_especialidades - Iniciando
2025-07-29 12:38:00 - INFO - PacienteComponent.get_all_pacientes - 9 pacientes encontrados
2025-07-29 12:38:00 - INFO - PacienteService.get_pacientes - Pacientes obtenidos exitosamente
2025-07-29 12:38:00 - INFO - EspecialidadComponent.get_all_especialidades - 55 especialidades encontradas
2025-07-29 12:38:00 - INFO - EspecialidadService.get_especialidades - Especialidades obtenidas exitosamente
2025-07-29 12:38:00 - INFO - LoginComponent.get_user_by_id - Consulta para usuario ID: 1
2025-07-29 12:38:00 - INFO - PersonalService.get_personal - Iniciando
2025-07-29 12:38:01 - INFO - PersonalComponent.get_all_personal - 6 miembros del personal encontrados con especialidades
2025-07-29 12:38:01 - INFO - PersonalService.get_personal - Personal obtenido exitosamente
2025-07-29 12:38:05 - INFO - LoginComponent.get_user_by_id - Consulta para usuario ID: 1
2025-07-29 12:38:05 - INFO - SesionTerapiaService.get_sesion - ID: 1
2025-07-29 12:38:05 - INFO - LoginComponent.get_user_by_id - Consulta para usuario ID: 1
2025-07-29 12:38:05 - INFO - SesionTerapiaComponent.get_sesion_by_id - Sesión 1 encontrada
2025-07-29 12:38:05 - INFO - LoginComponent.get_user_by_id - Consulta para usuario ID: 1
2025-07-29 12:38:05 - INFO - SesionTerapiaComponent.get_pacientes_sesion - 3 pacientes encontrados
2025-07-29 12:38:05 - INFO - SesionTerapiaComponent.get_cronograma_sesion - 36 sesiones programadas
2025-07-29 12:38:05 - INFO - SesionTerapiaService.get_sesion - Sesión 1 encontrada
2025-07-29 12:41:15 - INFO - LoginComponent.get_user_by_id - Consulta para usuario ID: 1
2025-07-29 12:41:15 - INFO - SesionTerapiaService.get_sesion - ID: 2
2025-07-29 12:41:15 - INFO - SesionTerapiaComponent.get_sesion_by_id - Sesión 2 encontrada
2025-07-29 12:41:15 - INFO - LoginComponent.get_user_by_id - Consulta para usuario ID: 1
2025-07-29 12:41:15 - INFO - LoginComponent.get_user_by_id - Consulta para usuario ID: 1
2025-07-29 12:41:15 - INFO - SesionTerapiaComponent.get_pacientes_sesion - 1 pacientes encontrados
2025-07-29 12:41:15 - INFO - SesionTerapiaComponent.get_cronograma_sesion - 24 sesiones programadas
2025-07-29 12:41:15 - INFO - SesionTerapiaService.get_sesion - Sesión 2 encontrada
2025-07-29 12:41:21 - INFO - LoginComponent.get_user_by_id - Consulta para usuario ID: 1
2025-07-29 12:41:21 - INFO - SesionTerapiaService.get_sesion - ID: 3
2025-07-29 12:41:21 - INFO - LoginComponent.get_user_by_id - Consulta para usuario ID: 1
2025-07-29 12:41:21 - INFO - SesionTerapiaComponent.get_sesion_by_id - Sesión 3 encontrada
2025-07-29 12:41:21 - INFO - LoginComponent.get_user_by_id - Consulta para usuario ID: 1
2025-07-29 12:41:21 - INFO - SesionTerapiaComponent.get_pacientes_sesion - 2 pacientes encontrados
2025-07-29 12:41:22 - INFO - SesionTerapiaComponent.get_cronograma_sesion - 24 sesiones programadas
2025-07-29 12:41:22 - INFO - SesionTerapiaService.get_sesion - Sesión 3 encontrada
2025-07-29 12:41:27 - INFO - LoginComponent.get_user_by_id - Consulta para usuario ID: 1
2025-07-29 12:41:27 - INFO - SesionPedagogicaService.get_sesiones - Iniciando
2025-07-29 12:41:27 - INFO - LoginComponent.get_user_by_id - Consulta para usuario ID: 1
2025-07-29 12:41:27 - INFO - LoginComponent.get_user_by_id - Consulta para usuario ID: 1
2025-07-29 12:41:27 - INFO - PersonalService.get_personal - Iniciando
2025-07-29 12:41:27 - INFO - EspecialidadService.get_especialidades_by_area - Área: pedagogico
2025-07-29 12:41:27 - INFO - LoginComponent.get_user_by_id - Consulta para usuario ID: 1
2025-07-29 12:41:27 - INFO - PacienteService.get_pacientes - Iniciando
2025-07-29 12:41:27 - INFO - EspecialidadComponent.get_especialidades_by_area - 34 especialidades de área pedagogico encontradas
2025-07-29 12:41:27 - INFO - EspecialidadService.get_especialidades_by_area - Especialidades de pedagogico obtenidas
2025-07-29 12:41:27 - INFO - SesionPedagogicaComponent.get_sesiones - Sesiones obtenidas exitosamente
2025-07-29 12:41:27 - INFO - PacienteComponent.get_all_pacientes - 9 pacientes encontrados
2025-07-29 12:41:27 - INFO - PacienteService.get_pacientes - Pacientes obtenidos exitosamente
2025-07-29 12:41:27 - INFO - PersonalComponent.get_all_personal - 6 miembros del personal encontrados con especialidades
2025-07-29 12:41:27 - INFO - PersonalService.get_personal - Personal obtenido exitosamente
2025-07-29 12:41:27 - INFO - LoginComponent.get_user_by_id - Consulta para usuario ID: 1
2025-07-29 12:41:27 - INFO - SesionPedagogicaService.get_sesiones - Iniciando
2025-07-29 12:41:27 - INFO - LoginComponent.get_user_by_id - Consulta para usuario ID: 1
2025-07-29 12:41:27 - INFO - EspecialidadService.get_especialidades_by_area - Área: pedagogico
2025-07-29 12:41:27 - INFO - LoginComponent.get_user_by_id - Consulta para usuario ID: 1
2025-07-29 12:41:27 - INFO - PacienteService.get_pacientes - Iniciando
2025-07-29 12:41:27 - INFO - SesionPedagogicaComponent.get_sesiones - Sesiones obtenidas exitosamente
2025-07-29 12:41:27 - INFO - EspecialidadComponent.get_especialidades_by_area - 34 especialidades de área pedagogico encontradas
2025-07-29 12:41:27 - INFO - EspecialidadService.get_especialidades_by_area - Especialidades de pedagogico obtenidas
2025-07-29 12:41:27 - INFO - PacienteComponent.get_all_pacientes - 9 pacientes encontrados
2025-07-29 12:41:27 - INFO - PacienteService.get_pacientes - Pacientes obtenidos exitosamente
2025-07-29 12:41:27 - INFO - LoginComponent.get_user_by_id - Consulta para usuario ID: 1
2025-07-29 12:41:27 - INFO - PersonalService.get_personal - Iniciando
2025-07-29 12:41:28 - INFO - LoginComponent.get_user_by_id - Consulta para usuario ID: 1
2025-07-29 12:41:28 - INFO - PersonalComponent.get_all_personal - 6 miembros del personal encontrados con especialidades
2025-07-29 12:41:28 - INFO - PersonalService.get_personal - Personal obtenido exitosamente
2025-07-29 12:41:28 - INFO - LoginComponent.get_user_by_id - Consulta para usuario ID: 1
2025-07-29 12:41:28 - INFO - SesionPedagogicaService.get_estadisticas - Iniciando
2025-07-29 12:41:28 - INFO - SesionPedagogicaComponent.get_estadisticas_sesiones - Estadísticas obtenidas
2025-07-29 12:41:28 - INFO - SesionPedagogicaService.get_estadisticas - Estadísticas obtenidas
2025-07-29 12:41:28 - INFO - LoginComponent.get_user_by_id - Consulta para usuario ID: 1
2025-07-29 12:41:28 - INFO - LoginComponent.get_user_by_id - Consulta para usuario ID: 1
2025-07-29 12:41:28 - INFO - SesionPedagogicaService.get_estadisticas - Iniciando
2025-07-29 12:41:28 - INFO - SesionPedagogicaComponent.get_estadisticas_sesiones - Estadísticas obtenidas
2025-07-29 12:41:28 - INFO - SesionPedagogicaService.get_estadisticas - Estadísticas obtenidas
2025-07-29 12:41:30 - INFO - LoginComponent.get_user_by_id - Consulta para usuario ID: 1
2025-07-29 12:41:30 - INFO - PacienteService.get_pacientes - Iniciando
2025-07-29 12:41:30 - INFO - LoginComponent.get_user_by_id - Consulta para usuario ID: 1
2025-07-29 12:41:30 - INFO - PersonalService.get_personal - Iniciando
2025-07-29 12:41:30 - INFO - PacienteComponent.get_all_pacientes - 9 pacientes encontrados
2025-07-29 12:41:30 - INFO - PacienteService.get_pacientes - Pacientes obtenidos exitosamente
2025-07-29 12:41:30 - INFO - LoginComponent.get_user_by_id - Consulta para usuario ID: 1
2025-07-29 12:41:30 - INFO - SesionTerapiaService.get_sesiones - Iniciando
2025-07-29 12:41:30 - INFO - LoginComponent.get_user_by_id - Consulta para usuario ID: 1
2025-07-29 12:41:30 - INFO - EspecialidadService.get_especialidades - Iniciando
2025-07-29 12:41:30 - INFO - PersonalComponent.get_all_personal - 6 miembros del personal encontrados con especialidades
2025-07-29 12:41:30 - INFO - PersonalService.get_personal - Personal obtenido exitosamente
2025-07-29 12:41:30 - INFO - SesionTerapiaComponent.get_sesiones - Sesiones obtenidas exitosamente
2025-07-29 12:41:30 - INFO - SesionTerapiaService.get_sesiones - Sesiones obtenidas exitosamente
2025-07-29 12:41:30 - INFO - EspecialidadComponent.get_all_especialidades - 55 especialidades encontradas
2025-07-29 12:41:30 - INFO - EspecialidadService.get_especialidades - Especialidades obtenidas exitosamente
2025-07-29 12:41:30 - INFO - LoginComponent.get_user_by_id - Consulta para usuario ID: 1
2025-07-29 12:41:30 - INFO - PacienteService.get_pacientes - Iniciando
2025-07-29 12:41:30 - INFO - PacienteComponent.get_all_pacientes - 9 pacientes encontrados
2025-07-29 12:41:30 - INFO - PacienteService.get_pacientes - Pacientes obtenidos exitosamente
2025-07-29 12:41:31 - INFO - LoginComponent.get_user_by_id - Consulta para usuario ID: 1
2025-07-29 12:41:31 - INFO - PersonalService.get_personal - Iniciando
2025-07-29 12:41:31 - INFO - LoginComponent.get_user_by_id - Consulta para usuario ID: 1
2025-07-29 12:41:31 - INFO - LoginComponent.get_user_by_id - Consulta para usuario ID: 1
2025-07-29 12:41:31 - INFO - SesionTerapiaService.get_sesiones - Iniciando
2025-07-29 12:41:31 - INFO - EspecialidadService.get_especialidades - Iniciando
2025-07-29 12:41:31 - INFO - EspecialidadComponent.get_all_especialidades - 55 especialidades encontradas
2025-07-29 12:41:31 - INFO - EspecialidadService.get_especialidades - Especialidades obtenidas exitosamente
2025-07-29 12:41:31 - INFO - SesionTerapiaComponent.get_sesiones - Sesiones obtenidas exitosamente
2025-07-29 12:41:31 - INFO - SesionTerapiaService.get_sesiones - Sesiones obtenidas exitosamente
2025-07-29 12:41:31 - INFO - PersonalComponent.get_all_personal - 6 miembros del personal encontrados con especialidades
2025-07-29 12:41:31 - INFO - PersonalService.get_personal - Personal obtenido exitosamente
2025-07-29 12:41:47 - INFO - LoginComponent.get_user_by_id - Consulta para usuario ID: 1
2025-07-29 12:41:47 - INFO - SesionTerapiaService.get_sesion - ID: 1
2025-07-29 12:41:47 - INFO - LoginComponent.get_user_by_id - Consulta para usuario ID: 1
2025-07-29 12:41:47 - INFO - SesionTerapiaComponent.get_sesion_by_id - Sesión 1 encontrada
2025-07-29 12:41:47 - INFO - LoginComponent.get_user_by_id - Consulta para usuario ID: 1
2025-07-29 12:41:47 - INFO - SesionTerapiaComponent.get_pacientes_sesion - 3 pacientes encontrados
2025-07-29 12:41:47 - INFO - SesionTerapiaComponent.get_cronograma_sesion - 36 sesiones programadas
2025-07-29 12:41:47 - INFO - SesionTerapiaService.get_sesion - Sesión 1 encontrada
2025-07-29 12:41:50 - INFO - LoginComponent.get_user_by_id - Consulta para usuario ID: 1
2025-07-29 12:41:50 - INFO - SesionTerapiaService.get_sesion - ID: 5
2025-07-29 12:41:50 - INFO - LoginComponent.get_user_by_id - Consulta para usuario ID: 1
2025-07-29 12:41:50 - INFO - SesionTerapiaComponent.get_sesion_by_id - Sesión 5 encontrada
2025-07-29 12:41:50 - INFO - LoginComponent.get_user_by_id - Consulta para usuario ID: 1
2025-07-29 12:41:50 - INFO - SesionTerapiaComponent.get_pacientes_sesion - 2 pacientes encontrados
2025-07-29 12:41:50 - INFO - SesionTerapiaComponent.get_cronograma_sesion - 24 sesiones programadas
2025-07-29 12:41:50 - INFO - SesionTerapiaService.get_sesion - Sesión 5 encontrada
2025-07-29 12:41:55 - INFO - LoginComponent.get_user_by_id - Consulta para usuario ID: 1
2025-07-29 12:41:55 - INFO - SesionTerapiaService.get_sesion - ID: 4
2025-07-29 12:41:55 - INFO - SesionTerapiaComponent.get_sesion_by_id - Sesión 4 encontrada
2025-07-29 12:41:55 - INFO - LoginComponent.get_user_by_id - Consulta para usuario ID: 1
2025-07-29 12:41:55 - INFO - LoginComponent.get_user_by_id - Consulta para usuario ID: 1
2025-07-29 12:41:55 - INFO - SesionTerapiaComponent.get_pacientes_sesion - 1 pacientes encontrados
2025-07-29 12:41:55 - INFO - SesionTerapiaComponent.get_cronograma_sesion - 120 sesiones programadas
2025-07-29 12:41:55 - INFO - SesionTerapiaService.get_sesion - Sesión 4 encontrada
2025-07-29 12:42:26 - INFO - LoginComponent.get_user_by_id - Consulta para usuario ID: 1
2025-07-29 12:42:26 - INFO - SesionTerapiaService.get_sesion - ID: 4
2025-07-29 12:42:26 - INFO - LoginComponent.get_user_by_id - Consulta para usuario ID: 1
2025-07-29 12:42:26 - INFO - SesionTerapiaComponent.get_sesion_by_id - Sesión 4 encontrada
2025-07-29 12:42:26 - INFO - LoginComponent.get_user_by_id - Consulta para usuario ID: 1
2025-07-29 12:42:26 - INFO - SesionTerapiaComponent.get_pacientes_sesion - 1 pacientes encontrados
2025-07-29 12:42:26 - INFO - SesionTerapiaComponent.get_cronograma_sesion - 120 sesiones programadas
2025-07-29 12:42:26 - INFO - SesionTerapiaService.get_sesion - Sesión 4 encontrada
2025-07-29 12:42:53 - INFO - LoginComponent.get_user_by_id - Consulta para usuario ID: 1
2025-07-29 12:42:53 - INFO - SesionTerapiaService.get_sesion - ID: 4
2025-07-29 12:42:53 - INFO - LoginComponent.get_user_by_id - Consulta para usuario ID: 1
2025-07-29 12:42:53 - INFO - SesionTerapiaComponent.get_sesion_by_id - Sesión 4 encontrada
2025-07-29 12:42:53 - INFO - LoginComponent.get_user_by_id - Consulta para usuario ID: 1
2025-07-29 12:42:53 - INFO - SesionTerapiaComponent.get_pacientes_sesion - 1 pacientes encontrados
2025-07-29 12:42:53 - INFO - SesionTerapiaComponent.get_cronograma_sesion - 120 sesiones programadas
2025-07-29 12:42:53 - INFO - SesionTerapiaService.get_sesion - Sesión 4 encontrada
2025-07-29 12:43:04 - INFO - LoginComponent.get_user_by_id - Consulta para usuario ID: 1
2025-07-29 12:43:04 - INFO - LoginService.verify_token - Token verificado correctamente
2025-07-29 12:43:04 - INFO - LoginComponent.get_user_by_id - Consulta para usuario ID: 1
2025-07-29 12:43:04 - INFO - LoginService.verify_token - Token verificado correctamente
2025-07-29 12:43:05 - INFO - LoginComponent.get_user_by_id - Consulta para usuario ID: 1
2025-07-29 12:43:05 - INFO - Información solicitada para usuario: admin
2025-07-29 12:43:05 - INFO - LoginComponent.get_user_by_id - Consulta para usuario ID: 1
2025-07-29 12:43:05 - INFO - Información solicitada para usuario: admin
2025-07-29 12:43:08 - INFO - LoginComponent.get_user_by_id - Consulta para usuario ID: 1
2025-07-29 12:43:08 - INFO - PacienteService.get_pacientes - Iniciando
2025-07-29 12:43:08 - INFO - LoginComponent.get_user_by_id - Consulta para usuario ID: 1
2025-07-29 12:43:08 - INFO - SesionTerapiaService.get_sesiones - Iniciando
2025-07-29 12:43:08 - INFO - LoginComponent.get_user_by_id - Consulta para usuario ID: 1
2025-07-29 12:43:08 - INFO - EspecialidadService.get_especialidades - Iniciando
2025-07-29 12:43:08 - INFO - LoginComponent.get_user_by_id - Consulta para usuario ID: 1
2025-07-29 12:43:08 - INFO - PersonalService.get_personal - Iniciando
2025-07-29 12:43:08 - INFO - PacienteComponent.get_all_pacientes - 9 pacientes encontrados
2025-07-29 12:43:08 - INFO - PacienteService.get_pacientes - Pacientes obtenidos exitosamente
2025-07-29 12:43:08 - INFO - EspecialidadComponent.get_all_especialidades - 55 especialidades encontradas
2025-07-29 12:43:08 - INFO - EspecialidadService.get_especialidades - Especialidades obtenidas exitosamente
2025-07-29 12:43:08 - INFO - SesionTerapiaComponent.get_sesiones - Sesiones obtenidas exitosamente
2025-07-29 12:43:08 - INFO - SesionTerapiaService.get_sesiones - Sesiones obtenidas exitosamente
2025-07-29 12:43:08 - INFO - PersonalComponent.get_all_personal - 6 miembros del personal encontrados con especialidades
2025-07-29 12:43:08 - INFO - PersonalService.get_personal - Personal obtenido exitosamente
2025-07-29 12:43:08 - INFO - LoginComponent.get_user_by_id - Consulta para usuario ID: 1
2025-07-29 12:43:08 - INFO - PacienteService.get_pacientes - Iniciando
2025-07-29 12:43:08 - INFO - LoginComponent.get_user_by_id - Consulta para usuario ID: 1
2025-07-29 12:43:08 - INFO - SesionTerapiaService.get_sesiones - Iniciando
2025-07-29 12:43:08 - INFO - EspecialidadService.get_especialidades - Iniciando
2025-07-29 12:43:08 - INFO - PacienteComponent.get_all_pacientes - 9 pacientes encontrados
2025-07-29 12:43:08 - INFO - PacienteService.get_pacientes - Pacientes obtenidos exitosamente
2025-07-29 12:43:08 - INFO - EspecialidadComponent.get_all_especialidades - 55 especialidades encontradas
2025-07-29 12:43:08 - INFO - EspecialidadService.get_especialidades - Especialidades obtenidas exitosamente
2025-07-29 12:43:08 - INFO - SesionTerapiaComponent.get_sesiones - Sesiones obtenidas exitosamente
2025-07-29 12:43:08 - INFO - SesionTerapiaService.get_sesiones - Sesiones obtenidas exitosamente
2025-07-29 12:43:09 - INFO - LoginComponent.get_user_by_id - Consulta para usuario ID: 1
2025-07-29 12:43:09 - INFO - PersonalService.get_personal - Iniciando
2025-07-29 12:43:09 - INFO - PersonalComponent.get_all_personal - 6 miembros del personal encontrados con especialidades
2025-07-29 12:43:09 - INFO - PersonalService.get_personal - Personal obtenido exitosamente
2025-07-29 12:43:14 - INFO - LoginComponent.get_user_by_id - Consulta para usuario ID: 1
2025-07-29 12:43:14 - INFO - SesionTerapiaService.get_sesion - ID: 4
2025-07-29 12:43:14 - INFO - SesionTerapiaComponent.get_sesion_by_id - Sesión 4 encontrada
2025-07-29 12:43:14 - INFO - SesionTerapiaComponent.get_pacientes_sesion - 1 pacientes encontrados
2025-07-29 12:43:14 - INFO - LoginComponent.get_user_by_id - Consulta para usuario ID: 1
2025-07-29 12:43:14 - INFO - SesionTerapiaComponent.get_cronograma_sesion - 120 sesiones programadas
2025-07-29 12:43:14 - INFO - SesionTerapiaService.get_sesion - Sesión 4 encontrada
2025-07-29 12:43:14 - INFO - LoginComponent.get_user_by_id - Consulta para usuario ID: 1
2025-07-29 12:45:07 - INFO - app - Iniciando Sistema Tía Glenda Backend
2025-07-29 12:48:27 - INFO - app - Iniciando Sistema Tía Glenda Backend
2025-07-29 12:48:28 - INFO - app - Iniciando Sistema Tía Glenda Backend
2025-07-29 12:49:21 - INFO - LoginComponent.get_user_by_id - Consulta para usuario ID: 1
2025-07-29 12:49:21 - INFO - LoginService.verify_token - Token verificado correctamente
2025-07-29 12:49:22 - INFO - LoginComponent.get_user_by_id - Consulta para usuario ID: 1
2025-07-29 12:49:22 - INFO - LoginService.verify_token - Token verificado correctamente
2025-07-29 12:49:22 - INFO - LoginComponent.get_user_by_id - Consulta para usuario ID: 1
2025-07-29 12:49:22 - INFO - Información solicitada para usuario: admin
2025-07-29 12:49:23 - INFO - LoginComponent.get_user_by_id - Consulta para usuario ID: 1
2025-07-29 12:49:23 - INFO - Información solicitada para usuario: admin
2025-07-29 12:50:33 - INFO - LoginComponent.get_user_by_id - Consulta para usuario ID: 1
2025-07-29 12:50:33 - INFO - PersonalService.get_personal - Iniciando
2025-07-29 12:50:33 - INFO - LoginComponent.get_user_by_id - Consulta para usuario ID: 1
2025-07-29 12:50:33 - INFO - LoginComponent.get_user_by_id - Consulta para usuario ID: 1
2025-07-29 12:50:33 - INFO - LoginComponent.get_user_by_id - Consulta para usuario ID: 1
2025-07-29 12:50:33 - INFO - EspecialidadService.get_especialidades - Iniciando
2025-07-29 12:50:33 - INFO - PacienteService.get_pacientes - Iniciando
2025-07-29 12:50:33 - INFO - SesionTerapiaService.get_sesiones - Iniciando
2025-07-29 12:50:33 - INFO - EspecialidadComponent.get_all_especialidades - 55 especialidades encontradas
2025-07-29 12:50:33 - INFO - EspecialidadService.get_especialidades - Especialidades obtenidas exitosamente
2025-07-29 12:50:33 - INFO - PacienteComponent.get_all_pacientes - 9 pacientes encontrados
2025-07-29 12:50:33 - INFO - PacienteService.get_pacientes - Pacientes obtenidos exitosamente
2025-07-29 12:50:33 - INFO - SesionTerapiaComponent.get_sesiones - Sesiones obtenidas exitosamente
2025-07-29 12:50:33 - INFO - SesionTerapiaService.get_sesiones - Sesiones obtenidas exitosamente
2025-07-29 12:50:33 - INFO - PersonalComponent.get_all_personal - 6 miembros del personal encontrados con especialidades
2025-07-29 12:50:33 - INFO - PersonalService.get_personal - Personal obtenido exitosamente
2025-07-29 12:50:33 - INFO - LoginComponent.get_user_by_id - Consulta para usuario ID: 1
2025-07-29 12:50:33 - INFO - EspecialidadService.get_especialidades - Iniciando
2025-07-29 12:50:33 - INFO - LoginComponent.get_user_by_id - Consulta para usuario ID: 1
2025-07-29 12:50:33 - INFO - SesionTerapiaService.get_sesiones - Iniciando
2025-07-29 12:50:33 - INFO - LoginComponent.get_user_by_id - Consulta para usuario ID: 1
2025-07-29 12:50:33 - INFO - PacienteService.get_pacientes - Iniciando
2025-07-29 12:50:33 - INFO - EspecialidadComponent.get_all_especialidades - 55 especialidades encontradas
2025-07-29 12:50:33 - INFO - EspecialidadService.get_especialidades - Especialidades obtenidas exitosamente
2025-07-29 12:50:33 - INFO - PacienteComponent.get_all_pacientes - 9 pacientes encontrados
2025-07-29 12:50:33 - INFO - PacienteService.get_pacientes - Pacientes obtenidos exitosamente
2025-07-29 12:50:33 - INFO - SesionTerapiaComponent.get_sesiones - Sesiones obtenidas exitosamente
2025-07-29 12:50:33 - INFO - SesionTerapiaService.get_sesiones - Sesiones obtenidas exitosamente
2025-07-29 12:50:34 - INFO - LoginComponent.get_user_by_id - Consulta para usuario ID: 1
2025-07-29 12:50:34 - INFO - PersonalService.get_personal - Iniciando
2025-07-29 12:50:34 - INFO - PersonalComponent.get_all_personal - 6 miembros del personal encontrados con especialidades
2025-07-29 12:50:34 - INFO - PersonalService.get_personal - Personal obtenido exitosamente
2025-07-29 12:50:35 - INFO - LoginComponent.get_user_by_id - Consulta para usuario ID: 1
2025-07-29 12:50:35 - INFO - SesionTerapiaService.get_sesion - ID: 1
2025-07-29 12:50:35 - INFO - SesionTerapiaComponent.get_sesion_by_id - Sesión 1 encontrada
2025-07-29 12:50:35 - INFO - LoginComponent.get_user_by_id - Consulta para usuario ID: 1
2025-07-29 12:50:35 - INFO - SesionTerapiaService.get_asistencias_por_sesion - Sesion ID: 1
2025-07-29 12:50:35 - INFO - SesionTerapiaComponent.get_pacientes_sesion - 3 pacientes encontrados
2025-07-29 12:50:35 - INFO - SesionTerapiaComponent.get_asistencias_por_sesion - 2 asistencias encontradas para sesión 1
2025-07-29 12:50:35 - INFO - SesionTerapiaService.get_asistencias_por_sesion - 2 asistencias encontradas
2025-07-29 12:50:35 - INFO - SesionTerapiaComponent.get_cronograma_sesion - 36 sesiones programadas
2025-07-29 12:50:35 - INFO - SesionTerapiaService.get_sesion - Sesión 1 encontrada
2025-07-29 12:50:35 - INFO - LoginComponent.get_user_by_id - Consulta para usuario ID: 1
2025-07-29 12:50:35 - INFO - SesionTerapiaService.get_asistencias_por_sesion - Sesion ID: 1
2025-07-29 12:50:35 - INFO - SesionTerapiaComponent.get_asistencias_por_sesion - 2 asistencias encontradas para sesión 1
2025-07-29 12:50:35 - INFO - SesionTerapiaService.get_asistencias_por_sesion - 2 asistencias encontradas
2025-07-29 12:50:59 - INFO - LoginComponent.get_user_by_id - Consulta para usuario ID: 1
2025-07-29 12:50:59 - INFO - SesionTerapiaService.get_sesion - ID: 1
2025-07-29 12:50:59 - INFO - SesionTerapiaComponent.get_sesion_by_id - Sesión 1 encontrada
2025-07-29 12:50:59 - INFO - SesionTerapiaComponent.get_pacientes_sesion - 3 pacientes encontrados
2025-07-29 12:50:59 - INFO - SesionTerapiaComponent.get_cronograma_sesion - 36 sesiones programadas
2025-07-29 12:50:59 - INFO - SesionTerapiaService.get_sesion - Sesión 1 encontrada
2025-07-29 12:51:20 - INFO - LoginComponent.get_user_by_id - Consulta para usuario ID: 1
2025-07-29 12:51:20 - INFO - SesionTerapiaService.update_sesion - ID: 1
2025-07-29 12:51:20 - INFO - SesionTerapiaComponent.update_sesion - Sesión 1 actualizada
2025-07-29 12:51:20 - INFO - SesionTerapiaService.update_sesion - Sesión 1 actualizada
2025-07-29 12:51:21 - INFO - LoginComponent.get_user_by_id - Consulta para usuario ID: 1
2025-07-29 12:51:21 - INFO - SesionTerapiaService.get_sesiones - Iniciando
2025-07-29 12:51:21 - INFO - SesionTerapiaComponent.get_sesiones - Sesiones obtenidas exitosamente
2025-07-29 12:51:21 - INFO - SesionTerapiaService.get_sesiones - Sesiones obtenidas exitosamente
2025-07-29 12:51:21 - INFO - LoginComponent.get_user_by_id - Consulta para usuario ID: 1
2025-07-29 12:51:21 - INFO - PacienteService.get_pacientes - Iniciando
2025-07-29 12:51:21 - INFO - PacienteComponent.get_all_pacientes - 9 pacientes encontrados
2025-07-29 12:51:21 - INFO - PacienteService.get_pacientes - Pacientes obtenidos exitosamente
2025-07-29 12:51:21 - INFO - LoginComponent.get_user_by_id - Consulta para usuario ID: 1
2025-07-29 12:51:21 - INFO - EspecialidadService.get_especialidades - Iniciando
2025-07-29 12:51:21 - INFO - PersonalService.get_personal - Iniciando
2025-07-29 12:51:21 - INFO - EspecialidadComponent.get_all_especialidades - 55 especialidades encontradas
2025-07-29 12:51:21 - INFO - EspecialidadService.get_especialidades - Especialidades obtenidas exitosamente
2025-07-29 12:51:21 - INFO - PersonalComponent.get_all_personal - 6 miembros del personal encontrados con especialidades
2025-07-29 12:51:21 - INFO - PersonalService.get_personal - Personal obtenido exitosamente
2025-07-29 12:51:27 - INFO - LoginComponent.get_user_by_id - Consulta para usuario ID: 1
2025-07-29 12:51:27 - INFO - SesionTerapiaService.get_sesion - ID: 1
2025-07-29 12:51:27 - INFO - SesionTerapiaComponent.get_sesion_by_id - Sesión 1 encontrada
2025-07-29 12:51:27 - INFO - SesionTerapiaComponent.get_pacientes_sesion - 3 pacientes encontrados
2025-07-29 12:51:27 - INFO - SesionTerapiaComponent.get_cronograma_sesion - 36 sesiones programadas
2025-07-29 12:51:27 - INFO - SesionTerapiaService.get_sesion - Sesión 1 encontrada
2025-07-29 12:51:27 - INFO - LoginComponent.get_user_by_id - Consulta para usuario ID: 1
2025-07-29 12:51:27 - INFO - SesionTerapiaService.get_asistencias_por_sesion - Sesion ID: 1
2025-07-29 12:51:27 - INFO - SesionTerapiaComponent.get_asistencias_por_sesion - 2 asistencias encontradas para sesión 1
2025-07-29 12:51:27 - INFO - SesionTerapiaService.get_asistencias_por_sesion - 2 asistencias encontradas
2025-07-29 12:51:28 - INFO - LoginComponent.get_user_by_id - Consulta para usuario ID: 1
2025-07-29 12:51:28 - INFO - SesionTerapiaService.get_asistencias_por_sesion - Sesion ID: 1
2025-07-29 12:51:28 - INFO - SesionTerapiaComponent.get_asistencias_por_sesion - 2 asistencias encontradas para sesión 1
2025-07-29 12:51:28 - INFO - SesionTerapiaService.get_asistencias_por_sesion - 2 asistencias encontradas
2025-07-29 12:52:38 - INFO - LoginComponent.get_user_by_id - Consulta para usuario ID: 1
2025-07-29 12:52:38 - INFO - SesionTerapiaService.create_sesion - Iniciando
2025-07-29 12:52:38 - INFO - SesionTerapiaComponent.create_sesion - Sesión creada con ID: 6, Código: ST-2025-006
2025-07-29 12:52:38 - INFO - Cronograma sesión 6: 10/12 generadas
2025-07-29 12:52:38 - INFO - SesionTerapiaComponent.generar_cronograma - 12 sesiones programadas para sesión 6
2025-07-29 12:52:38 - INFO - SesionTerapiaComponent.create_sesion - Cronograma generado para sesión 6
2025-07-29 12:52:39 - INFO - Cronograma sesión 6: 10/12 generadas
2025-07-29 12:52:39 - INFO - SesionTerapiaComponent.generar_cronograma - 12 sesiones programadas para sesión 6
2025-07-29 12:52:39 - INFO - SesionTerapiaService.create_sesion - Sesión creada con ID: 6
2025-07-29 12:52:39 - INFO - LoginComponent.get_user_by_id - Consulta para usuario ID: 1
2025-07-29 12:52:39 - INFO - PacienteService.get_pacientes - Iniciando
2025-07-29 12:52:39 - INFO - LoginComponent.get_user_by_id - Consulta para usuario ID: 1
2025-07-29 12:52:39 - INFO - SesionTerapiaService.get_sesiones - Iniciando
2025-07-29 12:52:39 - INFO - PacienteComponent.get_all_pacientes - 9 pacientes encontrados
2025-07-29 12:52:39 - INFO - PacienteService.get_pacientes - Pacientes obtenidos exitosamente
2025-07-29 12:52:39 - INFO - SesionTerapiaComponent.get_sesiones - Sesiones obtenidas exitosamente
2025-07-29 12:52:39 - INFO - SesionTerapiaService.get_sesiones - Sesiones obtenidas exitosamente
2025-07-29 12:52:40 - INFO - LoginComponent.get_user_by_id - Consulta para usuario ID: 1
2025-07-29 12:52:40 - INFO - LoginComponent.get_user_by_id - Consulta para usuario ID: 1
2025-07-29 12:52:40 - INFO - PersonalService.get_personal - Iniciando
2025-07-29 12:52:40 - INFO - EspecialidadService.get_especialidades - Iniciando
2025-07-29 12:52:40 - INFO - EspecialidadComponent.get_all_especialidades - 55 especialidades encontradas
2025-07-29 12:52:40 - INFO - EspecialidadService.get_especialidades - Especialidades obtenidas exitosamente
2025-07-29 12:52:40 - INFO - PersonalComponent.get_all_personal - 6 miembros del personal encontrados con especialidades
2025-07-29 12:52:40 - INFO - PersonalService.get_personal - Personal obtenido exitosamente
2025-07-29 12:52:41 - INFO - LoginComponent.get_user_by_id - Consulta para usuario ID: 1
2025-07-29 12:52:41 - INFO - SesionTerapiaService.get_sesion - ID: 6
2025-07-29 12:52:41 - INFO - LoginComponent.get_user_by_id - Consulta para usuario ID: 1
2025-07-29 12:52:41 - INFO - SesionTerapiaService.get_asistencias_por_sesion - Sesion ID: 6
2025-07-29 12:52:41 - INFO - SesionTerapiaComponent.get_sesion_by_id - Sesión 6 encontrada
2025-07-29 12:52:41 - INFO - SesionTerapiaComponent.get_pacientes_sesion - 0 pacientes encontrados
2025-07-29 12:52:41 - INFO - SesionTerapiaComponent.get_asistencias_por_sesion - 0 asistencias encontradas para sesión 6
2025-07-29 12:52:41 - INFO - SesionTerapiaService.get_asistencias_por_sesion - 0 asistencias encontradas
2025-07-29 12:52:41 - INFO - SesionTerapiaComponent.get_cronograma_sesion - 12 sesiones programadas
2025-07-29 12:52:41 - INFO - SesionTerapiaService.get_sesion - Sesión 6 encontrada
2025-07-29 12:52:41 - INFO - LoginComponent.get_user_by_id - Consulta para usuario ID: 1
2025-07-29 12:52:41 - INFO - SesionTerapiaService.get_asistencias_por_sesion - Sesion ID: 6
2025-07-29 12:52:41 - INFO - SesionTerapiaComponent.get_asistencias_por_sesion - 0 asistencias encontradas para sesión 6
2025-07-29 12:52:41 - INFO - SesionTerapiaService.get_asistencias_por_sesion - 0 asistencias encontradas
2025-07-29 12:53:34 - INFO - LoginComponent.get_user_by_id - Consulta para usuario ID: 1
2025-07-29 12:53:34 - INFO - SesionTerapiaService.get_sesion - ID: 6
2025-07-29 12:53:34 - INFO - SesionTerapiaComponent.get_sesion_by_id - Sesión 6 encontrada
2025-07-29 12:53:34 - INFO - SesionTerapiaComponent.get_pacientes_sesion - 0 pacientes encontrados
2025-07-29 12:53:34 - INFO - SesionTerapiaComponent.get_cronograma_sesion - 12 sesiones programadas
2025-07-29 12:53:34 - INFO - SesionTerapiaService.get_sesion - Sesión 6 encontrada
2025-07-29 12:53:48 - INFO - LoginComponent.get_user_by_id - Consulta para usuario ID: 1
2025-07-29 12:53:48 - INFO - SesionTerapiaService.update_sesion - ID: 6
2025-07-29 12:53:48 - INFO - SesionTerapiaComponent.update_sesion - Sesión 6 actualizada
2025-07-29 12:53:48 - INFO - SesionTerapiaService.update_sesion - Sesión 6 actualizada
2025-07-29 12:53:48 - INFO - LoginComponent.get_user_by_id - Consulta para usuario ID: 1
2025-07-29 12:53:48 - INFO - SesionTerapiaService.get_sesiones - Iniciando
2025-07-29 12:53:48 - INFO - SesionTerapiaComponent.get_sesiones - Sesiones obtenidas exitosamente
2025-07-29 12:53:48 - INFO - SesionTerapiaService.get_sesiones - Sesiones obtenidas exitosamente
2025-07-29 12:53:48 - INFO - LoginComponent.get_user_by_id - Consulta para usuario ID: 1
2025-07-29 12:53:48 - INFO - PacienteService.get_pacientes - Iniciando
2025-07-29 12:53:48 - INFO - PacienteComponent.get_all_pacientes - 9 pacientes encontrados
2025-07-29 12:53:48 - INFO - PacienteService.get_pacientes - Pacientes obtenidos exitosamente
2025-07-29 12:53:49 - INFO - LoginComponent.get_user_by_id - Consulta para usuario ID: 1
2025-07-29 12:53:49 - INFO - EspecialidadService.get_especialidades - Iniciando
2025-07-29 12:53:49 - INFO - LoginComponent.get_user_by_id - Consulta para usuario ID: 1
2025-07-29 12:53:49 - INFO - PersonalService.get_personal - Iniciando
2025-07-29 12:53:49 - INFO - EspecialidadComponent.get_all_especialidades - 55 especialidades encontradas
2025-07-29 12:53:49 - INFO - EspecialidadService.get_especialidades - Especialidades obtenidas exitosamente
2025-07-29 12:53:49 - INFO - PersonalComponent.get_all_personal - 6 miembros del personal encontrados con especialidades
2025-07-29 12:53:49 - INFO - PersonalService.get_personal - Personal obtenido exitosamente
2025-07-29 12:53:53 - INFO - LoginComponent.get_user_by_id - Consulta para usuario ID: 1
2025-07-29 12:53:53 - INFO - SesionTerapiaService.get_asistencias_por_sesion - Sesion ID: 6
2025-07-29 12:53:53 - INFO - LoginComponent.get_user_by_id - Consulta para usuario ID: 1
2025-07-29 12:53:53 - INFO - SesionTerapiaService.get_sesion - ID: 6
2025-07-29 12:53:53 - INFO - SesionTerapiaComponent.get_sesion_by_id - Sesión 6 encontrada
2025-07-29 12:53:53 - INFO - SesionTerapiaComponent.get_asistencias_por_sesion - 0 asistencias encontradas para sesión 6
2025-07-29 12:53:53 - INFO - SesionTerapiaService.get_asistencias_por_sesion - 0 asistencias encontradas
2025-07-29 12:53:53 - INFO - SesionTerapiaComponent.get_pacientes_sesion - 0 pacientes encontrados
2025-07-29 12:53:53 - INFO - SesionTerapiaComponent.get_cronograma_sesion - 12 sesiones programadas
2025-07-29 12:53:53 - INFO - SesionTerapiaService.get_sesion - Sesión 6 encontrada
2025-07-29 12:53:53 - INFO - LoginComponent.get_user_by_id - Consulta para usuario ID: 1
2025-07-29 12:53:53 - INFO - SesionTerapiaService.get_asistencias_por_sesion - Sesion ID: 6
2025-07-29 12:53:53 - INFO - SesionTerapiaComponent.get_asistencias_por_sesion - 0 asistencias encontradas para sesión 6
2025-07-29 12:53:53 - INFO - SesionTerapiaService.get_asistencias_por_sesion - 0 asistencias encontradas
2025-07-29 12:54:23 - INFO - LoginComponent.get_user_by_id - Consulta para usuario ID: 1
2025-07-29 12:54:23 - INFO - SesionTerapiaService.get_sesion - ID: 6
2025-07-29 12:54:23 - INFO - LoginComponent.get_user_by_id - Consulta para usuario ID: 1
2025-07-29 12:54:23 - INFO - SesionTerapiaService.get_asistencias_por_sesion - Sesion ID: 6
2025-07-29 12:54:23 - INFO - SesionTerapiaComponent.get_sesion_by_id - Sesión 6 encontrada
2025-07-29 12:54:23 - INFO - SesionTerapiaComponent.get_asistencias_por_sesion - 0 asistencias encontradas para sesión 6
2025-07-29 12:54:23 - INFO - SesionTerapiaService.get_asistencias_por_sesion - 0 asistencias encontradas
2025-07-29 12:54:23 - INFO - SesionTerapiaComponent.get_pacientes_sesion - 0 pacientes encontrados
2025-07-29 12:54:23 - INFO - LoginComponent.get_user_by_id - Consulta para usuario ID: 1
2025-07-29 12:54:23 - INFO - SesionTerapiaService.get_asistencias_por_sesion - Sesion ID: 6
2025-07-29 12:54:23 - INFO - SesionTerapiaComponent.get_cronograma_sesion - 12 sesiones programadas
2025-07-29 12:54:23 - INFO - SesionTerapiaService.get_sesion - Sesión 6 encontrada
2025-07-29 12:54:23 - INFO - SesionTerapiaComponent.get_asistencias_por_sesion - 0 asistencias encontradas para sesión 6
2025-07-29 12:54:23 - INFO - SesionTerapiaService.get_asistencias_por_sesion - 0 asistencias encontradas
2025-07-29 12:54:25 - INFO - LoginComponent.get_user_by_id - Consulta para usuario ID: 1
2025-07-29 12:54:25 - INFO - SesionTerapiaService.get_sesion - ID: 6
2025-07-29 12:54:25 - INFO - SesionTerapiaComponent.get_sesion_by_id - Sesión 6 encontrada
2025-07-29 12:54:25 - INFO - SesionTerapiaComponent.get_pacientes_sesion - 0 pacientes encontrados
2025-07-29 12:54:25 - INFO - SesionTerapiaComponent.get_cronograma_sesion - 12 sesiones programadas
2025-07-29 12:54:25 - INFO - SesionTerapiaService.get_sesion - Sesión 6 encontrada
2025-07-29 12:54:35 - INFO - LoginComponent.get_user_by_id - Consulta para usuario ID: 1
2025-07-29 12:54:35 - INFO - SesionTerapiaService.update_sesion - ID: 6
2025-07-29 12:54:35 - INFO - SesionTerapiaComponent.update_sesion - Sesión 6 actualizada
2025-07-29 12:54:35 - INFO - SesionTerapiaService.update_sesion - Sesión 6 actualizada
2025-07-29 12:54:36 - INFO - LoginComponent.get_user_by_id - Consulta para usuario ID: 1
2025-07-29 12:54:36 - INFO - SesionTerapiaService.get_sesiones - Iniciando
2025-07-29 12:54:36 - INFO - LoginComponent.get_user_by_id - Consulta para usuario ID: 1
2025-07-29 12:54:36 - INFO - PacienteService.get_pacientes - Iniciando
2025-07-29 12:54:36 - INFO - SesionTerapiaComponent.get_sesiones - Sesiones obtenidas exitosamente
2025-07-29 12:54:36 - INFO - SesionTerapiaService.get_sesiones - Sesiones obtenidas exitosamente
2025-07-29 12:54:36 - INFO - PacienteComponent.get_all_pacientes - 9 pacientes encontrados
2025-07-29 12:54:36 - INFO - PacienteService.get_pacientes - Pacientes obtenidos exitosamente
2025-07-29 12:54:36 - INFO - LoginComponent.get_user_by_id - Consulta para usuario ID: 1
2025-07-29 12:54:36 - INFO - PersonalService.get_personal - Iniciando
2025-07-29 12:54:36 - INFO - LoginComponent.get_user_by_id - Consulta para usuario ID: 1
2025-07-29 12:54:36 - INFO - EspecialidadService.get_especialidades - Iniciando
2025-07-29 12:54:36 - INFO - EspecialidadComponent.get_all_especialidades - 55 especialidades encontradas
2025-07-29 12:54:36 - INFO - EspecialidadService.get_especialidades - Especialidades obtenidas exitosamente
2025-07-29 12:54:36 - INFO - PersonalComponent.get_all_personal - 6 miembros del personal encontrados con especialidades
2025-07-29 12:54:36 - INFO - PersonalService.get_personal - Personal obtenido exitosamente
2025-07-29 12:54:40 - INFO - LoginComponent.get_user_by_id - Consulta para usuario ID: 1
2025-07-29 12:54:40 - INFO - SesionTerapiaService.get_sesion - ID: 6
2025-07-29 12:54:40 - INFO - LoginComponent.get_user_by_id - Consulta para usuario ID: 1
2025-07-29 12:54:40 - INFO - SesionTerapiaService.get_asistencias_por_sesion - Sesion ID: 6
2025-07-29 12:54:40 - INFO - SesionTerapiaComponent.get_sesion_by_id - Sesión 6 encontrada
2025-07-29 12:54:40 - INFO - SesionTerapiaComponent.get_asistencias_por_sesion - 0 asistencias encontradas para sesión 6
2025-07-29 12:54:40 - INFO - SesionTerapiaService.get_asistencias_por_sesion - 0 asistencias encontradas
2025-07-29 12:54:40 - INFO - SesionTerapiaComponent.get_pacientes_sesion - 0 pacientes encontrados
2025-07-29 12:54:40 - INFO - SesionTerapiaComponent.get_cronograma_sesion - 12 sesiones programadas
2025-07-29 12:54:40 - INFO - SesionTerapiaService.get_sesion - Sesión 6 encontrada
2025-07-29 12:54:40 - INFO - LoginComponent.get_user_by_id - Consulta para usuario ID: 1
2025-07-29 12:54:40 - INFO - SesionTerapiaService.get_asistencias_por_sesion - Sesion ID: 6
2025-07-29 12:54:40 - INFO - SesionTerapiaComponent.get_asistencias_por_sesion - 0 asistencias encontradas para sesión 6
2025-07-29 12:54:40 - INFO - SesionTerapiaService.get_asistencias_por_sesion - 0 asistencias encontradas
2025-07-29 12:54:51 - INFO - LoginComponent.get_user_by_id - Consulta para usuario ID: 1
2025-07-29 12:54:51 - INFO - SesionTerapiaService.get_sesion - ID: 6
2025-07-29 12:54:52 - INFO - LoginComponent.get_user_by_id - Consulta para usuario ID: 1
2025-07-29 12:54:52 - INFO - SesionTerapiaService.get_asistencias_por_sesion - Sesion ID: 6
2025-07-29 12:54:52 - INFO - SesionTerapiaComponent.get_sesion_by_id - Sesión 6 encontrada
2025-07-29 12:54:52 - INFO - SesionTerapiaComponent.get_asistencias_por_sesion - 0 asistencias encontradas para sesión 6
2025-07-29 12:54:52 - INFO - SesionTerapiaService.get_asistencias_por_sesion - 0 asistencias encontradas
2025-07-29 12:54:52 - INFO - SesionTerapiaComponent.get_pacientes_sesion - 0 pacientes encontrados
2025-07-29 12:54:52 - INFO - SesionTerapiaComponent.get_cronograma_sesion - 12 sesiones programadas
2025-07-29 12:54:52 - INFO - LoginComponent.get_user_by_id - Consulta para usuario ID: 1
2025-07-29 12:54:52 - INFO - SesionTerapiaService.get_sesion - Sesión 6 encontrada
2025-07-29 12:54:52 - INFO - SesionTerapiaService.get_asistencias_por_sesion - Sesion ID: 6
2025-07-29 12:54:52 - INFO - SesionTerapiaComponent.get_asistencias_por_sesion - 0 asistencias encontradas para sesión 6
2025-07-29 12:54:52 - INFO - SesionTerapiaService.get_asistencias_por_sesion - 0 asistencias encontradas
2025-07-29 12:54:55 - INFO - LoginComponent.get_user_by_id - Consulta para usuario ID: 1
2025-07-29 12:54:55 - INFO - SesionTerapiaService.get_sesion - ID: 6
2025-07-29 12:54:55 - INFO - SesionTerapiaComponent.get_sesion_by_id - Sesión 6 encontrada
2025-07-29 12:54:55 - INFO - SesionTerapiaComponent.get_pacientes_sesion - 0 pacientes encontrados
2025-07-29 12:54:56 - INFO - SesionTerapiaComponent.get_cronograma_sesion - 12 sesiones programadas
2025-07-29 12:54:56 - INFO - SesionTerapiaService.get_sesion - Sesión 6 encontrada
2025-07-29 12:55:03 - INFO - LoginComponent.get_user_by_id - Consulta para usuario ID: 1
2025-07-29 12:55:03 - INFO - SesionTerapiaService.update_sesion - ID: 6
2025-07-29 12:55:03 - INFO - SesionTerapiaComponent.update_sesion - Sesión 6 actualizada
2025-07-29 12:55:03 - INFO - SesionTerapiaService.update_sesion - Sesión 6 actualizada
2025-07-29 12:55:04 - INFO - LoginComponent.get_user_by_id - Consulta para usuario ID: 1
2025-07-29 12:55:04 - INFO - SesionTerapiaService.get_sesiones - Iniciando
2025-07-29 12:55:04 - INFO - SesionTerapiaComponent.get_sesiones - Sesiones obtenidas exitosamente
2025-07-29 12:55:04 - INFO - SesionTerapiaService.get_sesiones - Sesiones obtenidas exitosamente
2025-07-29 12:55:04 - INFO - LoginComponent.get_user_by_id - Consulta para usuario ID: 1
2025-07-29 12:55:04 - INFO - PacienteService.get_pacientes - Iniciando
2025-07-29 12:55:04 - INFO - LoginComponent.get_user_by_id - Consulta para usuario ID: 1
2025-07-29 12:55:04 - INFO - PersonalService.get_personal - Iniciando
2025-07-29 12:55:04 - INFO - LoginComponent.get_user_by_id - Consulta para usuario ID: 1
2025-07-29 12:55:04 - INFO - EspecialidadService.get_especialidades - Iniciando
2025-07-29 12:55:04 - INFO - PacienteComponent.get_all_pacientes - 9 pacientes encontrados
2025-07-29 12:55:04 - INFO - PacienteService.get_pacientes - Pacientes obtenidos exitosamente
2025-07-29 12:55:04 - INFO - EspecialidadComponent.get_all_especialidades - 55 especialidades encontradas
2025-07-29 12:55:04 - INFO - EspecialidadService.get_especialidades - Especialidades obtenidas exitosamente
2025-07-29 12:55:05 - INFO - PersonalComponent.get_all_personal - 6 miembros del personal encontrados con especialidades
2025-07-29 12:55:05 - INFO - PersonalService.get_personal - Personal obtenido exitosamente
2025-07-29 12:55:08 - INFO - LoginComponent.get_user_by_id - Consulta para usuario ID: 1
2025-07-29 12:55:08 - INFO - LoginComponent.get_user_by_id - Consulta para usuario ID: 1
2025-07-29 12:55:08 - INFO - SesionTerapiaService.get_sesion - ID: 6
2025-07-29 12:55:08 - INFO - SesionTerapiaService.get_asistencias_por_sesion - Sesion ID: 6
2025-07-29 12:55:08 - INFO - SesionTerapiaComponent.get_sesion_by_id - Sesión 6 encontrada
2025-07-29 12:55:08 - INFO - SesionTerapiaComponent.get_asistencias_por_sesion - 0 asistencias encontradas para sesión 6
2025-07-29 12:55:08 - INFO - SesionTerapiaService.get_asistencias_por_sesion - 0 asistencias encontradas
2025-07-29 12:55:08 - INFO - SesionTerapiaComponent.get_pacientes_sesion - 0 pacientes encontrados
2025-07-29 12:55:08 - INFO - SesionTerapiaComponent.get_cronograma_sesion - 12 sesiones programadas
2025-07-29 12:55:08 - INFO - SesionTerapiaService.get_sesion - Sesión 6 encontrada
2025-07-29 12:55:08 - INFO - LoginComponent.get_user_by_id - Consulta para usuario ID: 1
2025-07-29 12:55:08 - INFO - SesionTerapiaService.get_asistencias_por_sesion - Sesion ID: 6
2025-07-29 12:55:08 - INFO - SesionTerapiaComponent.get_asistencias_por_sesion - 0 asistencias encontradas para sesión 6
2025-07-29 12:55:08 - INFO - SesionTerapiaService.get_asistencias_por_sesion - 0 asistencias encontradas
2025-07-29 12:55:15 - INFO - LoginComponent.get_user_by_id - Consulta para usuario ID: 1
2025-07-29 12:55:15 - INFO - SesionTerapiaService.get_sesion - ID: 5
2025-07-29 12:55:15 - INFO - LoginComponent.get_user_by_id - Consulta para usuario ID: 1
2025-07-29 12:55:15 - INFO - SesionTerapiaService.get_asistencias_por_sesion - Sesion ID: 5
2025-07-29 12:55:15 - INFO - SesionTerapiaComponent.get_sesion_by_id - Sesión 5 encontrada
2025-07-29 12:55:15 - INFO - SesionTerapiaComponent.get_asistencias_por_sesion - 0 asistencias encontradas para sesión 5
2025-07-29 12:55:15 - INFO - SesionTerapiaService.get_asistencias_por_sesion - 0 asistencias encontradas
2025-07-29 12:55:15 - INFO - SesionTerapiaComponent.get_pacientes_sesion - 2 pacientes encontrados
2025-07-29 12:55:15 - INFO - LoginComponent.get_user_by_id - Consulta para usuario ID: 1
2025-07-29 12:55:15 - INFO - SesionTerapiaService.get_asistencias_por_sesion - Sesion ID: 5
2025-07-29 12:55:15 - INFO - SesionTerapiaComponent.get_cronograma_sesion - 24 sesiones programadas
2025-07-29 12:55:15 - INFO - SesionTerapiaService.get_sesion - Sesión 5 encontrada
2025-07-29 12:55:15 - INFO - SesionTerapiaComponent.get_asistencias_por_sesion - 0 asistencias encontradas para sesión 5
2025-07-29 12:55:15 - INFO - SesionTerapiaService.get_asistencias_por_sesion - 0 asistencias encontradas
2025-07-29 12:55:19 - INFO - LoginComponent.get_user_by_id - Consulta para usuario ID: 1
2025-07-29 12:55:19 - INFO - SesionTerapiaService.get_asistencias_por_sesion - Sesion ID: 4
2025-07-29 12:55:19 - INFO - LoginComponent.get_user_by_id - Consulta para usuario ID: 1
2025-07-29 12:55:19 - INFO - SesionTerapiaService.get_sesion - ID: 4
2025-07-29 12:55:19 - INFO - SesionTerapiaComponent.get_asistencias_por_sesion - 0 asistencias encontradas para sesión 4
2025-07-29 12:55:19 - INFO - SesionTerapiaService.get_asistencias_por_sesion - 0 asistencias encontradas
2025-07-29 12:55:19 - INFO - SesionTerapiaComponent.get_sesion_by_id - Sesión 4 encontrada
2025-07-29 12:55:19 - INFO - LoginComponent.get_user_by_id - Consulta para usuario ID: 1
2025-07-29 12:55:19 - INFO - SesionTerapiaService.get_asistencias_por_sesion - Sesion ID: 4
2025-07-29 12:55:19 - INFO - SesionTerapiaComponent.get_pacientes_sesion - 1 pacientes encontrados
2025-07-29 12:55:19 - INFO - SesionTerapiaComponent.get_asistencias_por_sesion - 0 asistencias encontradas para sesión 4
2025-07-29 12:55:19 - INFO - SesionTerapiaService.get_asistencias_por_sesion - 0 asistencias encontradas
2025-07-29 12:55:19 - INFO - SesionTerapiaComponent.get_cronograma_sesion - 120 sesiones programadas
2025-07-29 12:55:19 - INFO - SesionTerapiaService.get_sesion - Sesión 4 encontrada
2025-07-29 12:55:24 - INFO - LoginComponent.get_user_by_id - Consulta para usuario ID: 1
2025-07-29 12:55:24 - INFO - SesionTerapiaService.get_sesion - ID: 1
2025-07-29 12:55:24 - INFO - LoginComponent.get_user_by_id - Consulta para usuario ID: 1
2025-07-29 12:55:24 - INFO - SesionTerapiaService.get_asistencias_por_sesion - Sesion ID: 1
2025-07-29 12:55:24 - INFO - SesionTerapiaComponent.get_sesion_by_id - Sesión 1 encontrada
2025-07-29 12:55:24 - INFO - SesionTerapiaComponent.get_pacientes_sesion - 3 pacientes encontrados
2025-07-29 12:55:24 - INFO - SesionTerapiaComponent.get_asistencias_por_sesion - 2 asistencias encontradas para sesión 1
2025-07-29 12:55:24 - INFO - SesionTerapiaService.get_asistencias_por_sesion - 2 asistencias encontradas
2025-07-29 12:55:24 - INFO - SesionTerapiaComponent.get_cronograma_sesion - 36 sesiones programadas
2025-07-29 12:55:24 - INFO - SesionTerapiaService.get_sesion - Sesión 1 encontrada
2025-07-29 12:55:24 - INFO - LoginComponent.get_user_by_id - Consulta para usuario ID: 1
2025-07-29 12:55:24 - INFO - SesionTerapiaService.get_asistencias_por_sesion - Sesion ID: 1
2025-07-29 12:55:25 - INFO - SesionTerapiaComponent.get_asistencias_por_sesion - 2 asistencias encontradas para sesión 1
2025-07-29 12:55:25 - INFO - SesionTerapiaService.get_asistencias_por_sesion - 2 asistencias encontradas
2025-07-29 12:55:37 - INFO - LoginComponent.get_user_by_id - Consulta para usuario ID: 1
2025-07-29 12:55:37 - INFO - SesionTerapiaService.delete_sesion - ID: 6
2025-07-29 12:55:37 - INFO - SesionTerapiaComponent.delete_sesion - Sesión 6 cancelada
2025-07-29 12:55:37 - INFO - SesionTerapiaService.delete_sesion - Sesión 6 cancelada
2025-07-29 12:55:38 - INFO - LoginComponent.get_user_by_id - Consulta para usuario ID: 1
2025-07-29 12:55:38 - INFO - SesionTerapiaService.get_sesiones - Iniciando
2025-07-29 12:55:38 - INFO - SesionTerapiaComponent.get_sesiones - Sesiones obtenidas exitosamente
2025-07-29 12:55:38 - INFO - SesionTerapiaService.get_sesiones - Sesiones obtenidas exitosamente
2025-07-29 12:55:38 - INFO - LoginComponent.get_user_by_id - Consulta para usuario ID: 1
2025-07-29 12:55:38 - INFO - PacienteService.get_pacientes - Iniciando
2025-07-29 12:55:38 - INFO - LoginComponent.get_user_by_id - Consulta para usuario ID: 1
2025-07-29 12:55:38 - INFO - EspecialidadService.get_especialidades - Iniciando
2025-07-29 12:55:38 - INFO - LoginComponent.get_user_by_id - Consulta para usuario ID: 1
2025-07-29 12:55:38 - INFO - PersonalService.get_personal - Iniciando
2025-07-29 12:55:38 - INFO - EspecialidadComponent.get_all_especialidades - 55 especialidades encontradas
2025-07-29 12:55:38 - INFO - EspecialidadService.get_especialidades - Especialidades obtenidas exitosamente
2025-07-29 12:55:38 - INFO - PacienteComponent.get_all_pacientes - 9 pacientes encontrados
2025-07-29 12:55:38 - INFO - PacienteService.get_pacientes - Pacientes obtenidos exitosamente
2025-07-29 12:55:38 - INFO - PersonalComponent.get_all_personal - 6 miembros del personal encontrados con especialidades
2025-07-29 12:55:38 - INFO - PersonalService.get_personal - Personal obtenido exitosamente
2025-07-29 13:04:54 - INFO - LoginComponent.get_user_by_id - Consulta para usuario ID: 1
2025-07-29 13:04:54 - INFO - LoginService.verify_token - Token verificado correctamente
2025-07-29 13:04:54 - INFO - LoginComponent.get_user_by_id - Consulta para usuario ID: 1
2025-07-29 13:04:54 - INFO - LoginService.verify_token - Token verificado correctamente
2025-07-29 13:04:55 - INFO - LoginComponent.get_user_by_id - Consulta para usuario ID: 1
2025-07-29 13:04:55 - INFO - Información solicitada para usuario: admin
2025-07-29 13:04:55 - INFO - LoginComponent.get_user_by_id - Consulta para usuario ID: 1
2025-07-29 13:04:55 - INFO - Información solicitada para usuario: admin
2025-07-29 13:04:57 - INFO - LoginComponent.get_user_by_id - Consulta para usuario ID: 1
2025-07-29 13:04:57 - INFO - SesionTerapiaService.get_sesiones - Iniciando
2025-07-29 13:04:57 - INFO - LoginComponent.get_user_by_id - Consulta para usuario ID: 1
2025-07-29 13:04:57 - INFO - PacienteService.get_pacientes - Iniciando
2025-07-29 13:04:57 - INFO - LoginComponent.get_user_by_id - Consulta para usuario ID: 1
2025-07-29 13:04:57 - INFO - LoginComponent.get_user_by_id - Consulta para usuario ID: 1
2025-07-29 13:04:57 - INFO - EspecialidadService.get_especialidades - Iniciando
2025-07-29 13:04:57 - INFO - PersonalService.get_personal - Iniciando
2025-07-29 13:04:57 - INFO - EspecialidadComponent.get_all_especialidades - 55 especialidades encontradas
2025-07-29 13:04:57 - INFO - EspecialidadService.get_especialidades - Especialidades obtenidas exitosamente
2025-07-29 13:04:57 - INFO - PacienteComponent.get_all_pacientes - 9 pacientes encontrados
2025-07-29 13:04:57 - INFO - PacienteService.get_pacientes - Pacientes obtenidos exitosamente
2025-07-29 13:04:57 - INFO - SesionTerapiaComponent.get_sesiones - Sesiones obtenidas exitosamente
2025-07-29 13:04:57 - INFO - SesionTerapiaService.get_sesiones - Sesiones obtenidas exitosamente
2025-07-29 13:04:57 - INFO - PersonalComponent.get_all_personal - 6 miembros del personal encontrados con especialidades
2025-07-29 13:04:57 - INFO - PersonalService.get_personal - Personal obtenido exitosamente
2025-07-29 13:04:57 - INFO - LoginComponent.get_user_by_id - Consulta para usuario ID: 1
2025-07-29 13:04:57 - INFO - PacienteService.get_pacientes - Iniciando
2025-07-29 13:04:57 - INFO - LoginComponent.get_user_by_id - Consulta para usuario ID: 1
2025-07-29 13:04:57 - INFO - LoginComponent.get_user_by_id - Consulta para usuario ID: 1
2025-07-29 13:04:57 - INFO - EspecialidadService.get_especialidades - Iniciando
2025-07-29 13:04:57 - INFO - EspecialidadComponent.get_all_especialidades - 55 especialidades encontradas
2025-07-29 13:04:57 - INFO - EspecialidadService.get_especialidades - Especialidades obtenidas exitosamente
2025-07-29 13:04:57 - INFO - PacienteComponent.get_all_pacientes - 9 pacientes encontrados
2025-07-29 13:04:57 - INFO - PacienteService.get_pacientes - Pacientes obtenidos exitosamente
2025-07-29 13:04:57 - INFO - SesionTerapiaComponent.get_sesiones - Sesiones obtenidas exitosamente
2025-07-29 13:04:57 - INFO - SesionTerapiaService.get_sesiones - Sesiones obtenidas exitosamente
2025-07-29 13:04:57 - INFO - LoginComponent.get_user_by_id - Consulta para usuario ID: 1
2025-07-29 13:04:57 - INFO - PersonalService.get_personal - Iniciando
2025-07-29 13:04:58 - INFO - PersonalComponent.get_all_personal - 6 miembros del personal encontrados con especialidades
2025-07-29 13:04:58 - INFO - PersonalService.get_personal - Personal obtenido exitosamente
2025-07-29 13:05:11 - INFO - LoginComponent.get_user_by_id - Consulta para usuario ID: 1
2025-07-29 13:05:11 - INFO - SesionTerapiaService.get_sesion - ID: 6
2025-07-29 13:05:11 - INFO - LoginComponent.get_user_by_id - Consulta para usuario ID: 1
2025-07-29 13:05:11 - INFO - SesionTerapiaService.get_asistencias_por_sesion - Sesion ID: 6
2025-07-29 13:05:11 - INFO - SesionTerapiaComponent.get_sesion_by_id - Sesión 6 encontrada
2025-07-29 13:05:11 - INFO - SesionTerapiaComponent.get_asistencias_por_sesion - 0 asistencias encontradas para sesión 6
2025-07-29 13:05:11 - INFO - SesionTerapiaService.get_asistencias_por_sesion - 0 asistencias encontradas
2025-07-29 13:05:11 - INFO - SesionTerapiaComponent.get_pacientes_sesion - 0 pacientes encontrados
2025-07-29 13:05:11 - INFO - LoginComponent.get_user_by_id - Consulta para usuario ID: 1
2025-07-29 13:05:11 - INFO - SesionTerapiaService.get_asistencias_por_sesion - Sesion ID: 6
2025-07-29 13:05:11 - INFO - SesionTerapiaComponent.get_cronograma_sesion - 12 sesiones programadas
2025-07-29 13:05:11 - INFO - SesionTerapiaService.get_sesion - Sesión 6 encontrada
2025-07-29 13:05:11 - INFO - SesionTerapiaComponent.get_asistencias_por_sesion - 0 asistencias encontradas para sesión 6
2025-07-29 13:05:11 - INFO - SesionTerapiaService.get_asistencias_por_sesion - 0 asistencias encontradas
2025-07-29 13:05:50 - INFO - LoginComponent.get_user_by_id - Consulta para usuario ID: 1
2025-07-29 13:05:50 - INFO - SesionTerapiaService.get_sesion - ID: 6
2025-07-29 13:05:51 - INFO - SesionTerapiaComponent.get_sesion_by_id - Sesión 6 encontrada
2025-07-29 13:05:51 - INFO - SesionTerapiaComponent.get_pacientes_sesion - 0 pacientes encontrados
2025-07-29 13:05:51 - INFO - SesionTerapiaComponent.get_cronograma_sesion - 12 sesiones programadas
2025-07-29 13:05:51 - INFO - SesionTerapiaService.get_sesion - Sesión 6 encontrada
2025-07-29 13:06:02 - INFO - LoginComponent.get_user_by_id - Consulta para usuario ID: 1
2025-07-29 13:06:02 - INFO - SesionTerapiaService.get_sesion - ID: 6
2025-07-29 13:06:02 - INFO - SesionTerapiaComponent.get_sesion_by_id - Sesión 6 encontrada
2025-07-29 13:06:02 - INFO - SesionTerapiaComponent.get_pacientes_sesion - 0 pacientes encontrados
2025-07-29 13:06:02 - INFO - SesionTerapiaComponent.get_cronograma_sesion - 12 sesiones programadas
2025-07-29 13:06:02 - INFO - SesionTerapiaService.get_sesion - Sesión 6 encontrada
2025-07-29 13:06:06 - INFO - LoginComponent.get_user_by_id - Consulta para usuario ID: 1
2025-07-29 13:06:06 - INFO - SesionTerapiaService.update_sesion - ID: 6
2025-07-29 13:06:06 - INFO - SesionTerapiaComponent.update_sesion - Sesión 6 actualizada
2025-07-29 13:06:06 - INFO - SesionTerapiaService.update_sesion - Sesión 6 actualizada
2025-07-29 13:06:07 - INFO - LoginComponent.get_user_by_id - Consulta para usuario ID: 1
2025-07-29 13:06:07 - INFO - SesionTerapiaService.get_sesiones - Iniciando
2025-07-29 13:06:07 - INFO - LoginComponent.get_user_by_id - Consulta para usuario ID: 1
2025-07-29 13:06:07 - INFO - PacienteService.get_pacientes - Iniciando
2025-07-29 13:06:07 - INFO - LoginComponent.get_user_by_id - Consulta para usuario ID: 1
2025-07-29 13:06:07 - INFO - PersonalService.get_personal - Iniciando
2025-07-29 13:06:07 - INFO - LoginComponent.get_user_by_id - Consulta para usuario ID: 1
2025-07-29 13:06:07 - INFO - EspecialidadService.get_especialidades - Iniciando
2025-07-29 13:06:07 - INFO - SesionTerapiaComponent.get_sesiones - Sesiones obtenidas exitosamente
2025-07-29 13:06:07 - INFO - SesionTerapiaService.get_sesiones - Sesiones obtenidas exitosamente
2025-07-29 13:06:07 - INFO - EspecialidadComponent.get_all_especialidades - 55 especialidades encontradas
2025-07-29 13:06:07 - INFO - EspecialidadService.get_especialidades - Especialidades obtenidas exitosamente
2025-07-29 13:06:07 - INFO - PacienteComponent.get_all_pacientes - 9 pacientes encontrados
2025-07-29 13:06:07 - INFO - PacienteService.get_pacientes - Pacientes obtenidos exitosamente
2025-07-29 13:06:07 - INFO - PersonalComponent.get_all_personal - 6 miembros del personal encontrados con especialidades
2025-07-29 13:06:07 - INFO - PersonalService.get_personal - Personal obtenido exitosamente
2025-07-29 13:06:10 - INFO - LoginComponent.get_user_by_id - Consulta para usuario ID: 1
2025-07-29 13:06:10 - INFO - LoginService.verify_token - Token verificado correctamente
2025-07-29 13:06:10 - INFO - LoginComponent.get_user_by_id - Consulta para usuario ID: 1
2025-07-29 13:06:10 - INFO - LoginService.verify_token - Token verificado correctamente
2025-07-29 13:06:11 - INFO - LoginComponent.get_user_by_id - Consulta para usuario ID: 1
2025-07-29 13:06:11 - INFO - Información solicitada para usuario: admin
2025-07-29 13:06:11 - INFO - LoginComponent.get_user_by_id - Consulta para usuario ID: 1
2025-07-29 13:06:11 - INFO - Información solicitada para usuario: admin
2025-07-29 13:06:13 - INFO - LoginComponent.get_user_by_id - Consulta para usuario ID: 1
2025-07-29 13:06:13 - INFO - PacienteService.get_pacientes - Iniciando
2025-07-29 13:06:13 - INFO - LoginComponent.get_user_by_id - Consulta para usuario ID: 1
2025-07-29 13:06:13 - INFO - SesionTerapiaService.get_sesiones - Iniciando
2025-07-29 13:06:13 - INFO - LoginComponent.get_user_by_id - Consulta para usuario ID: 1
2025-07-29 13:06:13 - INFO - EspecialidadService.get_especialidades - Iniciando
2025-07-29 13:06:13 - INFO - LoginComponent.get_user_by_id - Consulta para usuario ID: 1
2025-07-29 13:06:13 - INFO - PersonalService.get_personal - Iniciando
2025-07-29 13:06:13 - INFO - EspecialidadComponent.get_all_especialidades - 55 especialidades encontradas
2025-07-29 13:06:13 - INFO - EspecialidadService.get_especialidades - Especialidades obtenidas exitosamente
2025-07-29 13:06:13 - INFO - PacienteComponent.get_all_pacientes - 9 pacientes encontrados
2025-07-29 13:06:13 - INFO - PacienteService.get_pacientes - Pacientes obtenidos exitosamente
2025-07-29 13:06:13 - INFO - SesionTerapiaComponent.get_sesiones - Sesiones obtenidas exitosamente
2025-07-29 13:06:13 - INFO - SesionTerapiaService.get_sesiones - Sesiones obtenidas exitosamente
2025-07-29 13:06:14 - INFO - LoginComponent.get_user_by_id - Consulta para usuario ID: 1
2025-07-29 13:06:14 - INFO - EspecialidadService.get_especialidades - Iniciando
2025-07-29 13:06:14 - INFO - LoginComponent.get_user_by_id - Consulta para usuario ID: 1
2025-07-29 13:06:14 - INFO - LoginComponent.get_user_by_id - Consulta para usuario ID: 1
2025-07-29 13:06:14 - INFO - PacienteService.get_pacientes - Iniciando
2025-07-29 13:06:14 - INFO - SesionTerapiaService.get_sesiones - Iniciando
2025-07-29 13:06:14 - INFO - EspecialidadComponent.get_all_especialidades - 55 especialidades encontradas
2025-07-29 13:06:14 - INFO - EspecialidadService.get_especialidades - Especialidades obtenidas exitosamente
2025-07-29 13:06:14 - INFO - PersonalComponent.get_all_personal - 6 miembros del personal encontrados con especialidades
2025-07-29 13:06:14 - INFO - PersonalService.get_personal - Personal obtenido exitosamente
2025-07-29 13:06:14 - INFO - PacienteComponent.get_all_pacientes - 9 pacientes encontrados
2025-07-29 13:06:14 - INFO - PacienteService.get_pacientes - Pacientes obtenidos exitosamente
2025-07-29 13:06:14 - INFO - SesionTerapiaComponent.get_sesiones - Sesiones obtenidas exitosamente
2025-07-29 13:06:14 - INFO - SesionTerapiaService.get_sesiones - Sesiones obtenidas exitosamente
2025-07-29 13:06:14 - INFO - LoginComponent.get_user_by_id - Consulta para usuario ID: 1
2025-07-29 13:06:14 - INFO - PersonalService.get_personal - Iniciando
2025-07-29 13:06:15 - INFO - PersonalComponent.get_all_personal - 6 miembros del personal encontrados con especialidades
2025-07-29 13:06:15 - INFO - PersonalService.get_personal - Personal obtenido exitosamente
2025-07-29 13:07:20 - INFO - LoginComponent.get_user_by_id - Consulta para usuario ID: 1
2025-07-29 13:07:20 - INFO - LoginService.verify_token - Token verificado correctamente
2025-07-29 13:07:20 - INFO - LoginComponent.get_user_by_id - Consulta para usuario ID: 1
2025-07-29 13:07:20 - INFO - LoginService.verify_token - Token verificado correctamente
2025-07-29 13:07:20 - INFO - LoginComponent.get_user_by_id - Consulta para usuario ID: 1
2025-07-29 13:07:20 - INFO - Información solicitada para usuario: admin
2025-07-29 13:07:21 - INFO - LoginComponent.get_user_by_id - Consulta para usuario ID: 1
2025-07-29 13:07:21 - INFO - Información solicitada para usuario: admin
2025-07-29 13:07:23 - INFO - LoginComponent.get_user_by_id - Consulta para usuario ID: 1
2025-07-29 13:07:23 - INFO - LoginComponent.get_user_by_id - Consulta para usuario ID: 1
2025-07-29 13:07:23 - INFO - PersonalService.get_personal - Iniciando
2025-07-29 13:07:23 - INFO - PacienteService.get_pacientes - Iniciando
2025-07-29 13:07:23 - INFO - LoginComponent.get_user_by_id - Consulta para usuario ID: 1
2025-07-29 13:07:23 - INFO - EspecialidadService.get_especialidades - Iniciando
2025-07-29 13:07:23 - INFO - LoginComponent.get_user_by_id - Consulta para usuario ID: 1
2025-07-29 13:07:23 - INFO - SesionTerapiaService.get_sesiones - Iniciando
2025-07-29 13:07:23 - INFO - EspecialidadComponent.get_all_especialidades - 55 especialidades encontradas
2025-07-29 13:07:23 - INFO - EspecialidadService.get_especialidades - Especialidades obtenidas exitosamente
2025-07-29 13:07:23 - INFO - PacienteComponent.get_all_pacientes - 9 pacientes encontrados
2025-07-29 13:07:23 - INFO - PacienteService.get_pacientes - Pacientes obtenidos exitosamente
2025-07-29 13:07:23 - INFO - SesionTerapiaComponent.get_sesiones - Sesiones obtenidas exitosamente
2025-07-29 13:07:23 - INFO - SesionTerapiaService.get_sesiones - Sesiones obtenidas exitosamente
2025-07-29 13:07:23 - INFO - PersonalComponent.get_all_personal - 6 miembros del personal encontrados con especialidades
2025-07-29 13:07:23 - INFO - PersonalService.get_personal - Personal obtenido exitosamente
2025-07-29 13:07:23 - INFO - LoginComponent.get_user_by_id - Consulta para usuario ID: 1
2025-07-29 13:07:23 - INFO - LoginComponent.get_user_by_id - Consulta para usuario ID: 1
2025-07-29 13:07:23 - INFO - SesionTerapiaService.get_sesiones - Iniciando
2025-07-29 13:07:23 - INFO - EspecialidadService.get_especialidades - Iniciando
2025-07-29 13:07:23 - INFO - LoginComponent.get_user_by_id - Consulta para usuario ID: 1
2025-07-29 13:07:23 - INFO - PacienteService.get_pacientes - Iniciando
2025-07-29 13:07:23 - INFO - EspecialidadComponent.get_all_especialidades - 55 especialidades encontradas
2025-07-29 13:07:23 - INFO - EspecialidadService.get_especialidades - Especialidades obtenidas exitosamente
2025-07-29 13:07:23 - INFO - PacienteComponent.get_all_pacientes - 9 pacientes encontrados
2025-07-29 13:07:23 - INFO - PacienteService.get_pacientes - Pacientes obtenidos exitosamente
2025-07-29 13:07:23 - INFO - SesionTerapiaComponent.get_sesiones - Sesiones obtenidas exitosamente
2025-07-29 13:07:23 - INFO - SesionTerapiaService.get_sesiones - Sesiones obtenidas exitosamente
2025-07-29 13:07:23 - INFO - LoginComponent.get_user_by_id - Consulta para usuario ID: 1
2025-07-29 13:07:23 - INFO - PersonalService.get_personal - Iniciando
2025-07-29 13:07:24 - INFO - PersonalComponent.get_all_personal - 6 miembros del personal encontrados con especialidades
2025-07-29 13:07:24 - INFO - PersonalService.get_personal - Personal obtenido exitosamente
2025-07-29 14:33:22 - INFO - app - Iniciando Sistema Tía Glenda Backend
2025-07-29 14:33:47 - INFO - LoginComponent.get_user_by_id - Consulta para usuario ID: 1
2025-07-29 14:33:47 - INFO - LoginService.verify_token - Token verificado correctamente
2025-07-29 14:33:47 - INFO - LoginComponent.get_user_by_id - Consulta para usuario ID: 1
2025-07-29 14:33:47 - INFO - LoginService.verify_token - Token verificado correctamente
2025-07-29 14:33:48 - INFO - LoginComponent.get_user_by_id - Consulta para usuario ID: 1
2025-07-29 14:33:48 - INFO - Información solicitada para usuario: admin
2025-07-29 14:33:48 - INFO - LoginComponent.get_user_by_id - Consulta para usuario ID: 1
2025-07-29 14:33:48 - INFO - Información solicitada para usuario: admin
2025-07-29 14:33:53 - INFO - LoginComponent.get_user_by_id - Consulta para usuario ID: 1
2025-07-29 14:33:53 - INFO - SesionTerapiaService.get_sesiones - Iniciando
2025-07-29 14:33:53 - INFO - SesionTerapiaComponent.get_sesiones - Sesiones obtenidas exitosamente
2025-07-29 14:33:53 - INFO - SesionTerapiaComponent.get_pacientes_sesion - 0 pacientes encontrados
2025-07-29 14:33:53 - INFO - SesionTerapiaComponent.get_pacientes_sesion - 2 pacientes encontrados
2025-07-29 14:33:54 - INFO - SesionTerapiaComponent.get_pacientes_sesion - 1 pacientes encontrados
2025-07-29 14:33:54 - INFO - SesionTerapiaComponent.get_pacientes_sesion - 3 pacientes encontrados
2025-07-29 14:33:54 - INFO - SesionTerapiaComponent.get_pacientes_sesion - 2 pacientes encontrados
2025-07-29 14:33:54 - INFO - LoginComponent.get_user_by_id - Consulta para usuario ID: 1
2025-07-29 14:33:54 - INFO - LoginComponent.get_user_by_id - Consulta para usuario ID: 1
2025-07-29 14:33:54 - INFO - PersonalService.get_personal - Iniciando
2025-07-29 14:33:54 - INFO - EspecialidadService.get_especialidades - Iniciando
2025-07-29 14:33:54 - INFO - SesionTerapiaComponent.get_pacientes_sesion - 1 pacientes encontrados
2025-07-29 14:33:54 - INFO - SesionTerapiaService.get_sesiones - Sesiones obtenidas exitosamente
2025-07-29 14:33:54 - INFO - EspecialidadComponent.get_all_especialidades - 55 especialidades encontradas
2025-07-29 14:33:54 - INFO - EspecialidadService.get_especialidades - Especialidades obtenidas exitosamente
2025-07-29 14:33:54 - INFO - LoginComponent.get_user_by_id - Consulta para usuario ID: 1
2025-07-29 14:33:54 - INFO - PacienteService.get_pacientes - Iniciando
2025-07-29 14:33:54 - INFO - PacienteComponent.get_all_pacientes - 9 pacientes encontrados
2025-07-29 14:33:54 - INFO - PacienteService.get_pacientes - Pacientes obtenidos exitosamente
2025-07-29 14:33:54 - INFO - PersonalComponent.get_all_personal - 6 miembros del personal encontrados con especialidades
2025-07-29 14:33:54 - INFO - PersonalService.get_personal - Personal obtenido exitosamente
2025-07-29 14:33:54 - INFO - LoginComponent.get_user_by_id - Consulta para usuario ID: 1
2025-07-29 14:33:54 - INFO - EspecialidadService.get_especialidades - Iniciando
2025-07-29 14:33:54 - INFO - EspecialidadComponent.get_all_especialidades - 55 especialidades encontradas
2025-07-29 14:33:54 - INFO - EspecialidadService.get_especialidades - Especialidades obtenidas exitosamente
2025-07-29 14:33:54 - INFO - LoginComponent.get_user_by_id - Consulta para usuario ID: 1
2025-07-29 14:33:54 - INFO - SesionTerapiaService.get_sesiones - Iniciando
2025-07-29 14:33:54 - INFO - LoginComponent.get_user_by_id - Consulta para usuario ID: 1
2025-07-29 14:33:54 - INFO - PacienteService.get_pacientes - Iniciando
2025-07-29 14:33:54 - INFO - SesionTerapiaComponent.get_sesiones - Sesiones obtenidas exitosamente
2025-07-29 14:33:54 - INFO - PacienteComponent.get_all_pacientes - 9 pacientes encontrados
2025-07-29 14:33:54 - INFO - PacienteService.get_pacientes - Pacientes obtenidos exitosamente
2025-07-29 14:33:54 - INFO - SesionTerapiaComponent.get_pacientes_sesion - 0 pacientes encontrados
2025-07-29 14:33:54 - INFO - SesionTerapiaComponent.get_pacientes_sesion - 2 pacientes encontrados
2025-07-29 14:33:54 - INFO - SesionTerapiaComponent.get_pacientes_sesion - 1 pacientes encontrados
2025-07-29 14:33:54 - INFO - SesionTerapiaComponent.get_pacientes_sesion - 3 pacientes encontrados
2025-07-29 14:33:54 - INFO - LoginComponent.get_user_by_id - Consulta para usuario ID: 1
2025-07-29 14:33:54 - INFO - PersonalService.get_personal - Iniciando
2025-07-29 14:33:54 - INFO - SesionTerapiaComponent.get_pacientes_sesion - 2 pacientes encontrados
2025-07-29 14:33:55 - INFO - SesionTerapiaComponent.get_pacientes_sesion - 1 pacientes encontrados
2025-07-29 14:33:55 - INFO - SesionTerapiaService.get_sesiones - Sesiones obtenidas exitosamente
2025-07-29 14:33:55 - INFO - PersonalComponent.get_all_personal - 6 miembros del personal encontrados con especialidades
2025-07-29 14:33:55 - INFO - PersonalService.get_personal - Personal obtenido exitosamente
2025-07-29 14:34:09 - INFO - LoginComponent.get_user_by_id - Consulta para usuario ID: 1
2025-07-29 14:34:09 - INFO - LoginService.verify_token - Token verificado correctamente
2025-07-29 14:34:09 - INFO - LoginComponent.get_user_by_id - Consulta para usuario ID: 1
2025-07-29 14:34:09 - INFO - LoginService.verify_token - Token verificado correctamente
2025-07-29 14:34:10 - INFO - LoginComponent.get_user_by_id - Consulta para usuario ID: 1
2025-07-29 14:34:10 - INFO - Información solicitada para usuario: admin
2025-07-29 14:34:10 - INFO - LoginComponent.get_user_by_id - Consulta para usuario ID: 1
2025-07-29 14:34:10 - INFO - Información solicitada para usuario: admin
2025-07-29 14:34:12 - INFO - LoginComponent.get_user_by_id - Consulta para usuario ID: 1
2025-07-29 14:34:12 - INFO - SesionPedagogicaService.get_sesiones - Iniciando
2025-07-29 14:34:12 - INFO - SesionPedagogicaComponent.get_sesiones - Sesiones obtenidas exitosamente
2025-07-29 14:34:12 - INFO - LoginComponent.get_user_by_id - Consulta para usuario ID: 1
2025-07-29 14:34:12 - INFO - LoginComponent.get_user_by_id - Consulta para usuario ID: 1
2025-07-29 14:34:12 - INFO - PersonalService.get_personal - Iniciando
2025-07-29 14:34:12 - INFO - PacienteService.get_pacientes - Iniciando
2025-07-29 14:34:12 - INFO - LoginComponent.get_user_by_id - Consulta para usuario ID: 1
2025-07-29 14:34:12 - INFO - EspecialidadService.get_especialidades_by_area - Área: pedagogico
2025-07-29 14:34:12 - INFO - PacienteComponent.get_all_pacientes - 9 pacientes encontrados
2025-07-29 14:34:12 - INFO - PacienteService.get_pacientes - Pacientes obtenidos exitosamente
2025-07-29 14:34:12 - INFO - EspecialidadComponent.get_especialidades_by_area - 34 especialidades de área pedagogico encontradas
2025-07-29 14:34:12 - INFO - EspecialidadService.get_especialidades_by_area - Especialidades de pedagogico obtenidas
2025-07-29 14:34:13 - INFO - LoginComponent.get_user_by_id - Consulta para usuario ID: 1
2025-07-29 14:34:13 - INFO - SesionPedagogicaService.get_sesiones - Iniciando
2025-07-29 14:34:13 - INFO - LoginComponent.get_user_by_id - Consulta para usuario ID: 1
2025-07-29 14:34:13 - INFO - LoginComponent.get_user_by_id - Consulta para usuario ID: 1
2025-07-29 14:34:13 - INFO - EspecialidadService.get_especialidades - Iniciando
2025-07-29 14:34:13 - INFO - SesionTerapiaService.get_sesiones - Iniciando
2025-07-29 14:34:13 - INFO - EspecialidadComponent.get_all_especialidades - 55 especialidades encontradas
2025-07-29 14:34:13 - INFO - EspecialidadService.get_especialidades - Especialidades obtenidas exitosamente
2025-07-29 14:34:13 - INFO - SesionTerapiaComponent.get_sesiones - Sesiones obtenidas exitosamente
2025-07-29 14:34:13 - INFO - SesionTerapiaComponent.get_pacientes_sesion - 0 pacientes encontrados
2025-07-29 14:34:13 - INFO - SesionTerapiaComponent.get_pacientes_sesion - 2 pacientes encontrados
2025-07-29 14:34:13 - INFO - SesionPedagogicaComponent.get_sesiones - Sesiones obtenidas exitosamente
2025-07-29 14:34:13 - INFO - PersonalComponent.get_all_personal - 6 miembros del personal encontrados con especialidades
2025-07-29 14:34:13 - INFO - PersonalService.get_personal - Personal obtenido exitosamente
2025-07-29 14:34:13 - INFO - SesionTerapiaComponent.get_pacientes_sesion - 1 pacientes encontrados
2025-07-29 14:34:13 - INFO - LoginComponent.get_user_by_id - Consulta para usuario ID: 1
2025-07-29 14:34:13 - INFO - PacienteService.get_pacientes - Iniciando
2025-07-29 14:34:13 - INFO - SesionTerapiaComponent.get_pacientes_sesion - 3 pacientes encontrados
2025-07-29 14:34:13 - INFO - LoginComponent.get_user_by_id - Consulta para usuario ID: 1
2025-07-29 14:34:13 - INFO - EspecialidadService.get_especialidades_by_area - Área: pedagogico
2025-07-29 14:34:13 - INFO - PacienteComponent.get_all_pacientes - 9 pacientes encontrados
2025-07-29 14:34:13 - INFO - PacienteService.get_pacientes - Pacientes obtenidos exitosamente
2025-07-29 14:34:13 - INFO - LoginComponent.get_user_by_id - Consulta para usuario ID: 1
2025-07-29 14:34:13 - INFO - EspecialidadService.get_especialidades - Iniciando
2025-07-29 14:34:13 - INFO - EspecialidadComponent.get_especialidades_by_area - 34 especialidades de área pedagogico encontradas
2025-07-29 14:34:13 - INFO - EspecialidadComponent.get_all_especialidades - 55 especialidades encontradas
2025-07-29 14:34:13 - INFO - EspecialidadService.get_especialidades_by_area - Especialidades de pedagogico obtenidas
2025-07-29 14:34:13 - INFO - EspecialidadService.get_especialidades - Especialidades obtenidas exitosamente
2025-07-29 14:34:13 - INFO - SesionTerapiaComponent.get_pacientes_sesion - 2 pacientes encontrados
2025-07-29 14:34:13 - INFO - SesionTerapiaComponent.get_pacientes_sesion - 1 pacientes encontrados
2025-07-29 14:34:13 - INFO - SesionTerapiaService.get_sesiones - Sesiones obtenidas exitosamente
2025-07-29 14:34:13 - INFO - LoginComponent.get_user_by_id - Consulta para usuario ID: 1
2025-07-29 14:34:13 - INFO - PersonalService.get_personal - Iniciando
2025-07-29 14:34:13 - INFO - LoginComponent.get_user_by_id - Consulta para usuario ID: 1
2025-07-29 14:34:13 - INFO - PacienteService.get_pacientes - Iniciando
2025-07-29 14:34:13 - INFO - PacienteComponent.get_all_pacientes - 9 pacientes encontrados
2025-07-29 14:34:13 - INFO - PacienteService.get_pacientes - Pacientes obtenidos exitosamente
2025-07-29 14:34:13 - INFO - LoginComponent.get_user_by_id - Consulta para usuario ID: 1
2025-07-29 14:34:13 - INFO - SesionTerapiaService.get_sesiones - Iniciando
2025-07-29 14:34:13 - INFO - LoginComponent.get_user_by_id - Consulta para usuario ID: 1
2025-07-29 14:34:13 - INFO - SesionPedagogicaService.get_estadisticas - Iniciando
2025-07-29 14:34:13 - INFO - PersonalComponent.get_all_personal - 6 miembros del personal encontrados con especialidades
2025-07-29 14:34:13 - INFO - PersonalService.get_personal - Personal obtenido exitosamente
2025-07-29 14:34:14 - INFO - SesionTerapiaComponent.get_sesiones - Sesiones obtenidas exitosamente
2025-07-29 14:34:14 - INFO - LoginComponent.get_user_by_id - Consulta para usuario ID: 1
2025-07-29 14:34:14 - INFO - SesionTerapiaComponent.get_pacientes_sesion - 0 pacientes encontrados
2025-07-29 14:34:14 - INFO - SesionTerapiaComponent.get_pacientes_sesion - 2 pacientes encontrados
2025-07-29 14:34:14 - INFO - SesionTerapiaComponent.get_pacientes_sesion - 1 pacientes encontrados
2025-07-29 14:34:14 - INFO - SesionPedagogicaComponent.get_estadisticas_sesiones - Estadísticas obtenidas
2025-07-29 14:34:14 - INFO - SesionPedagogicaService.get_estadisticas - Estadísticas obtenidas
2025-07-29 14:34:14 - INFO - SesionTerapiaComponent.get_pacientes_sesion - 3 pacientes encontrados
2025-07-29 14:34:14 - INFO - SesionTerapiaComponent.get_pacientes_sesion - 2 pacientes encontrados
2025-07-29 14:34:14 - INFO - LoginComponent.get_user_by_id - Consulta para usuario ID: 1
2025-07-29 14:34:14 - INFO - SesionTerapiaComponent.get_pacientes_sesion - 1 pacientes encontrados
2025-07-29 14:34:14 - INFO - PacienteService.get_pacientes - Iniciando
2025-07-29 14:34:14 - INFO - SesionTerapiaService.get_sesiones - Sesiones obtenidas exitosamente
2025-07-29 14:34:14 - INFO - LoginComponent.get_user_by_id - Consulta para usuario ID: 1
2025-07-29 14:34:14 - INFO - PersonalService.get_personal - Iniciando
2025-07-29 14:34:14 - INFO - PacienteComponent.get_all_pacientes - 9 pacientes encontrados
2025-07-29 14:34:14 - INFO - PacienteService.get_pacientes - Pacientes obtenidos exitosamente
2025-07-29 14:34:14 - INFO - LoginComponent.get_user_by_id - Consulta para usuario ID: 1
2025-07-29 14:34:14 - INFO - LoginComponent.get_user_by_id - Consulta para usuario ID: 1
2025-07-29 14:34:14 - INFO - SesionPedagogicaService.get_estadisticas - Iniciando
2025-07-29 14:34:14 - INFO - SesionPedagogicaComponent.get_estadisticas_sesiones - Estadísticas obtenidas
2025-07-29 14:34:14 - INFO - SesionPedagogicaService.get_estadisticas - Estadísticas obtenidas
2025-07-29 14:34:14 - INFO - PersonalComponent.get_all_personal - 6 miembros del personal encontrados con especialidades
2025-07-29 14:34:14 - INFO - PersonalService.get_personal - Personal obtenido exitosamente
2025-07-29 14:34:15 - INFO - LoginComponent.get_user_by_id - Consulta para usuario ID: 1
2025-07-29 14:34:15 - INFO - PersonalService.get_personal - Iniciando
2025-07-29 14:34:15 - INFO - PersonalComponent.get_all_personal - 6 miembros del personal encontrados con especialidades
2025-07-29 14:34:15 - INFO - PersonalService.get_personal - Personal obtenido exitosamente
2025-07-29 14:34:25 - INFO - LoginComponent.get_user_by_id - Consulta para usuario ID: 1
2025-07-29 14:34:25 - INFO - SesionTerapiaService.get_sesion - ID: 6
2025-07-29 14:34:25 - INFO - LoginComponent.get_user_by_id - Consulta para usuario ID: 1
2025-07-29 14:34:25 - INFO - SesionTerapiaService.get_asistencias_por_sesion - Sesion ID: 6
2025-07-29 14:34:25 - INFO - SesionTerapiaComponent.get_sesion_by_id - Sesión 6 encontrada
2025-07-29 14:34:25 - INFO - SesionTerapiaComponent.get_asistencias_por_sesion - 0 asistencias encontradas para sesión 6
2025-07-29 14:34:25 - INFO - SesionTerapiaService.get_asistencias_por_sesion - 0 asistencias encontradas
2025-07-29 14:34:25 - INFO - SesionTerapiaComponent.get_pacientes_sesion - 0 pacientes encontrados
2025-07-29 14:34:25 - INFO - LoginComponent.get_user_by_id - Consulta para usuario ID: 1
2025-07-29 14:34:25 - INFO - SesionTerapiaService.get_asistencias_por_sesion - Sesion ID: 6
2025-07-29 14:34:25 - INFO - SesionTerapiaComponent.get_asistencias_por_sesion - 0 asistencias encontradas para sesión 6
2025-07-29 14:34:25 - INFO - SesionTerapiaService.get_asistencias_por_sesion - 0 asistencias encontradas
2025-07-29 14:34:25 - INFO - SesionTerapiaComponent.get_cronograma_sesion - 12 sesiones programadas
2025-07-29 14:34:25 - INFO - SesionTerapiaService.get_sesion - Sesión 6 encontrada
2025-07-29 14:34:40 - INFO - LoginComponent.get_user_by_id - Consulta para usuario ID: 1
2025-07-29 14:34:40 - INFO - SesionTerapiaService.get_sesion - ID: 5
2025-07-29 14:34:40 - INFO - LoginComponent.get_user_by_id - Consulta para usuario ID: 1
2025-07-29 14:34:40 - INFO - SesionTerapiaService.get_asistencias_por_sesion - Sesion ID: 5
2025-07-29 14:34:40 - INFO - SesionTerapiaComponent.get_sesion_by_id - Sesión 5 encontrada
2025-07-29 14:34:40 - INFO - SesionTerapiaComponent.get_asistencias_por_sesion - 0 asistencias encontradas para sesión 5
2025-07-29 14:34:40 - INFO - SesionTerapiaService.get_asistencias_por_sesion - 0 asistencias encontradas
2025-07-29 14:34:40 - INFO - SesionTerapiaComponent.get_pacientes_sesion - 2 pacientes encontrados
2025-07-29 14:34:40 - INFO - LoginComponent.get_user_by_id - Consulta para usuario ID: 1
2025-07-29 14:34:40 - INFO - SesionTerapiaService.get_asistencias_por_sesion - Sesion ID: 5
2025-07-29 14:34:40 - INFO - SesionTerapiaComponent.get_cronograma_sesion - 24 sesiones programadas
2025-07-29 14:34:40 - INFO - SesionTerapiaService.get_sesion - Sesión 5 encontrada
2025-07-29 14:34:40 - INFO - SesionTerapiaComponent.get_asistencias_por_sesion - 0 asistencias encontradas para sesión 5
2025-07-29 14:34:40 - INFO - SesionTerapiaService.get_asistencias_por_sesion - 0 asistencias encontradas
2025-07-29 14:34:45 - INFO - LoginComponent.get_user_by_id - Consulta para usuario ID: 1
2025-07-29 14:34:45 - INFO - SesionTerapiaService.get_sesion - ID: 6
2025-07-29 14:34:45 - INFO - SesionTerapiaComponent.get_sesion_by_id - Sesión 6 encontrada
2025-07-29 14:34:45 - INFO - SesionTerapiaComponent.get_pacientes_sesion - 0 pacientes encontrados
2025-07-29 14:34:45 - INFO - SesionTerapiaComponent.get_cronograma_sesion - 12 sesiones programadas
2025-07-29 14:34:45 - INFO - SesionTerapiaService.get_sesion - Sesión 6 encontrada
2025-07-29 14:34:50 - INFO - LoginComponent.get_user_by_id - Consulta para usuario ID: 1
2025-07-29 14:34:50 - INFO - SesionTerapiaService.update_sesion - ID: 6
2025-07-29 14:34:50 - INFO - SesionTerapiaComponent.update_sesion - Sesión 6 actualizada
2025-07-29 14:34:50 - INFO - SesionTerapiaService.update_sesion - Sesión 6 actualizada
2025-07-29 14:34:51 - INFO - LoginComponent.get_user_by_id - Consulta para usuario ID: 1
2025-07-29 14:34:51 - INFO - SesionTerapiaService.get_sesiones - Iniciando
2025-07-29 14:34:51 - INFO - SesionTerapiaComponent.get_sesiones - Sesiones obtenidas exitosamente
2025-07-29 14:34:51 - INFO - LoginComponent.get_user_by_id - Consulta para usuario ID: 1
2025-07-29 14:34:51 - INFO - PacienteService.get_pacientes - Iniciando
2025-07-29 14:34:51 - INFO - SesionTerapiaComponent.get_pacientes_sesion - 0 pacientes encontrados
2025-07-29 14:34:51 - INFO - PacienteComponent.get_all_pacientes - 9 pacientes encontrados
2025-07-29 14:34:51 - INFO - PacienteService.get_pacientes - Pacientes obtenidos exitosamente
2025-07-29 14:34:51 - INFO - SesionTerapiaComponent.get_pacientes_sesion - 2 pacientes encontrados
2025-07-29 14:34:51 - INFO - SesionTerapiaComponent.get_pacientes_sesion - 1 pacientes encontrados
2025-07-29 14:34:51 - INFO - SesionTerapiaComponent.get_pacientes_sesion - 3 pacientes encontrados
2025-07-29 14:34:51 - INFO - LoginComponent.get_user_by_id - Consulta para usuario ID: 1
2025-07-29 14:34:51 - INFO - EspecialidadService.get_especialidades - Iniciando
2025-07-29 14:34:51 - INFO - LoginComponent.get_user_by_id - Consulta para usuario ID: 1
2025-07-29 14:34:51 - INFO - PersonalService.get_personal - Iniciando
2025-07-29 14:34:51 - INFO - SesionTerapiaComponent.get_pacientes_sesion - 2 pacientes encontrados
2025-07-29 14:34:51 - INFO - EspecialidadComponent.get_all_especialidades - 55 especialidades encontradas
2025-07-29 14:34:51 - INFO - EspecialidadService.get_especialidades - Especialidades obtenidas exitosamente
2025-07-29 14:34:51 - INFO - SesionTerapiaComponent.get_pacientes_sesion - 1 pacientes encontrados
2025-07-29 14:34:51 - INFO - SesionTerapiaService.get_sesiones - Sesiones obtenidas exitosamente
2025-07-29 14:34:51 - INFO - PersonalComponent.get_all_personal - 6 miembros del personal encontrados con especialidades
2025-07-29 14:34:51 - INFO - PersonalService.get_personal - Personal obtenido exitosamente
2025-07-29 14:34:54 - INFO - LoginComponent.get_user_by_id - Consulta para usuario ID: 1
2025-07-29 14:34:54 - INFO - LoginService.verify_token - Token verificado correctamente
2025-07-29 14:34:54 - INFO - LoginComponent.get_user_by_id - Consulta para usuario ID: 1
2025-07-29 14:34:54 - INFO - LoginService.verify_token - Token verificado correctamente
2025-07-29 14:34:54 - INFO - LoginComponent.get_user_by_id - Consulta para usuario ID: 1
2025-07-29 14:34:54 - INFO - Información solicitada para usuario: admin
2025-07-29 14:34:54 - INFO - LoginComponent.get_user_by_id - Consulta para usuario ID: 1
2025-07-29 14:34:54 - INFO - Información solicitada para usuario: admin
2025-07-29 14:34:56 - INFO - LoginComponent.get_user_by_id - Consulta para usuario ID: 1
2025-07-29 14:34:56 - INFO - LoginComponent.get_user_by_id - Consulta para usuario ID: 1
2025-07-29 14:34:56 - INFO - PersonalService.get_personal - Iniciando
2025-07-29 14:34:56 - INFO - PacienteService.get_pacientes - Iniciando
2025-07-29 14:34:56 - INFO - PacienteComponent.get_all_pacientes - 9 pacientes encontrados
2025-07-29 14:34:56 - INFO - PacienteService.get_pacientes - Pacientes obtenidos exitosamente
2025-07-29 14:34:56 - INFO - LoginComponent.get_user_by_id - Consulta para usuario ID: 1
2025-07-29 14:34:56 - INFO - EspecialidadService.get_especialidades - Iniciando
2025-07-29 14:34:56 - INFO - LoginComponent.get_user_by_id - Consulta para usuario ID: 1
2025-07-29 14:34:56 - INFO - SesionPedagogicaService.get_sesiones - Iniciando
2025-07-29 14:34:56 - INFO - EspecialidadComponent.get_all_especialidades - 55 especialidades encontradas
2025-07-29 14:34:56 - INFO - EspecialidadService.get_especialidades - Especialidades obtenidas exitosamente
2025-07-29 14:34:56 - INFO - SesionPedagogicaComponent.get_sesiones - Sesiones obtenidas exitosamente
2025-07-29 14:34:56 - INFO - PersonalComponent.get_all_personal - 6 miembros del personal encontrados con especialidades
2025-07-29 14:34:56 - INFO - PersonalService.get_personal - Personal obtenido exitosamente
2025-07-29 14:34:56 - INFO - LoginComponent.get_user_by_id - Consulta para usuario ID: 1
2025-07-29 14:34:56 - INFO - EspecialidadService.get_especialidades_by_area - Área: pedagogico
2025-07-29 14:34:56 - INFO - EspecialidadComponent.get_especialidades_by_area - 34 especialidades de área pedagogico encontradas
2025-07-29 14:34:56 - INFO - EspecialidadService.get_especialidades_by_area - Especialidades de pedagogico obtenidas
2025-07-29 14:34:56 - INFO - LoginComponent.get_user_by_id - Consulta para usuario ID: 1
2025-07-29 14:34:56 - INFO - PacienteService.get_pacientes - Iniciando
2025-07-29 14:34:56 - INFO - LoginComponent.get_user_by_id - Consulta para usuario ID: 1
2025-07-29 14:34:56 - INFO - SesionTerapiaService.get_sesiones - Iniciando
2025-07-29 14:34:56 - INFO - PacienteComponent.get_all_pacientes - 9 pacientes encontrados
2025-07-29 14:34:56 - INFO - PacienteService.get_pacientes - Pacientes obtenidos exitosamente
2025-07-29 14:34:56 - INFO - SesionTerapiaComponent.get_sesiones - Sesiones obtenidas exitosamente
2025-07-29 14:34:56 - INFO - LoginComponent.get_user_by_id - Consulta para usuario ID: 1
2025-07-29 14:34:56 - INFO - SesionPedagogicaService.get_sesiones - Iniciando
2025-07-29 14:34:56 - INFO - LoginComponent.get_user_by_id - Consulta para usuario ID: 1
2025-07-29 14:34:56 - INFO - PersonalService.get_personal - Iniciando
2025-07-29 14:34:56 - INFO - SesionTerapiaComponent.get_pacientes_sesion - 0 pacientes encontrados
2025-07-29 14:34:56 - INFO - SesionTerapiaComponent.get_pacientes_sesion - 2 pacientes encontrados
2025-07-29 14:34:56 - INFO - SesionPedagogicaComponent.get_sesiones - Sesiones obtenidas exitosamente
2025-07-29 14:34:56 - INFO - LoginComponent.get_user_by_id - Consulta para usuario ID: 1
2025-07-29 14:34:56 - INFO - EspecialidadService.get_especialidades - Iniciando
2025-07-29 14:34:56 - INFO - SesionTerapiaComponent.get_pacientes_sesion - 1 pacientes encontrados
2025-07-29 14:34:56 - INFO - EspecialidadComponent.get_all_especialidades - 55 especialidades encontradas
2025-07-29 14:34:56 - INFO - EspecialidadService.get_especialidades - Especialidades obtenidas exitosamente
2025-07-29 14:34:56 - INFO - LoginComponent.get_user_by_id - Consulta para usuario ID: 1
2025-07-29 14:34:56 - INFO - EspecialidadService.get_especialidades_by_area - Área: pedagogico
2025-07-29 14:34:57 - INFO - SesionTerapiaComponent.get_pacientes_sesion - 3 pacientes encontrados
2025-07-29 14:34:57 - INFO - EspecialidadComponent.get_especialidades_by_area - 34 especialidades de área pedagogico encontradas
2025-07-29 14:34:57 - INFO - EspecialidadService.get_especialidades_by_area - Especialidades de pedagogico obtenidas
2025-07-29 14:34:57 - INFO - SesionTerapiaComponent.get_pacientes_sesion - 2 pacientes encontrados
2025-07-29 14:34:57 - INFO - SesionTerapiaComponent.get_pacientes_sesion - 1 pacientes encontrados
2025-07-29 14:34:57 - INFO - SesionTerapiaService.get_sesiones - Sesiones obtenidas exitosamente
2025-07-29 14:34:57 - INFO - PersonalComponent.get_all_personal - 6 miembros del personal encontrados con especialidades
2025-07-29 14:34:57 - INFO - PersonalService.get_personal - Personal obtenido exitosamente
2025-07-29 14:34:57 - INFO - LoginComponent.get_user_by_id - Consulta para usuario ID: 1
2025-07-29 14:34:57 - INFO - PacienteService.get_pacientes - Iniciando
2025-07-29 14:34:57 - INFO - PacienteComponent.get_all_pacientes - 9 pacientes encontrados
2025-07-29 14:34:57 - INFO - PacienteService.get_pacientes - Pacientes obtenidos exitosamente
2025-07-29 14:34:57 - INFO - LoginComponent.get_user_by_id - Consulta para usuario ID: 1
2025-07-29 14:34:57 - INFO - SesionPedagogicaService.get_estadisticas - Iniciando
2025-07-29 14:34:57 - INFO - LoginComponent.get_user_by_id - Consulta para usuario ID: 1
2025-07-29 14:34:57 - INFO - SesionTerapiaService.get_sesiones - Iniciando
2025-07-29 14:34:57 - INFO - LoginComponent.get_user_by_id - Consulta para usuario ID: 1
2025-07-29 14:34:57 - INFO - PersonalService.get_personal - Iniciando
2025-07-29 14:34:57 - INFO - SesionTerapiaComponent.get_sesiones - Sesiones obtenidas exitosamente
2025-07-29 14:34:57 - INFO - LoginComponent.get_user_by_id - Consulta para usuario ID: 1
2025-07-29 14:34:57 - INFO - SesionPedagogicaComponent.get_estadisticas_sesiones - Estadísticas obtenidas
2025-07-29 14:34:57 - INFO - SesionPedagogicaService.get_estadisticas - Estadísticas obtenidas
2025-07-29 14:34:57 - INFO - SesionTerapiaComponent.get_pacientes_sesion - 0 pacientes encontrados
2025-07-29 14:34:57 - INFO - SesionTerapiaComponent.get_pacientes_sesion - 2 pacientes encontrados
2025-07-29 14:34:57 - INFO - LoginComponent.get_user_by_id - Consulta para usuario ID: 1
2025-07-29 14:34:57 - INFO - PacienteService.get_pacientes - Iniciando
2025-07-29 14:34:57 - INFO - SesionTerapiaComponent.get_pacientes_sesion - 1 pacientes encontrados
2025-07-29 14:34:57 - INFO - PersonalComponent.get_all_personal - 6 miembros del personal encontrados con especialidades
2025-07-29 14:34:57 - INFO - PersonalService.get_personal - Personal obtenido exitosamente
2025-07-29 14:34:57 - INFO - PacienteComponent.get_all_pacientes - 9 pacientes encontrados
2025-07-29 14:34:57 - INFO - PacienteService.get_pacientes - Pacientes obtenidos exitosamente
2025-07-29 14:34:57 - INFO - SesionTerapiaComponent.get_pacientes_sesion - 3 pacientes encontrados
2025-07-29 14:34:57 - INFO - SesionTerapiaComponent.get_pacientes_sesion - 2 pacientes encontrados
2025-07-29 14:34:57 - INFO - LoginComponent.get_user_by_id - Consulta para usuario ID: 1
2025-07-29 14:34:57 - INFO - SesionPedagogicaService.get_estadisticas - Iniciando
2025-07-29 14:34:57 - INFO - SesionTerapiaComponent.get_pacientes_sesion - 1 pacientes encontrados
2025-07-29 14:34:57 - INFO - SesionTerapiaService.get_sesiones - Sesiones obtenidas exitosamente
2025-07-29 14:34:58 - INFO - LoginComponent.get_user_by_id - Consulta para usuario ID: 1
2025-07-29 14:34:58 - INFO - SesionPedagogicaComponent.get_estadisticas_sesiones - Estadísticas obtenidas
2025-07-29 14:34:58 - INFO - SesionPedagogicaService.get_estadisticas - Estadísticas obtenidas
2025-07-29 14:34:58 - INFO - LoginComponent.get_user_by_id - Consulta para usuario ID: 1
2025-07-29 14:34:58 - INFO - PersonalService.get_personal - Iniciando
2025-07-29 14:34:58 - INFO - PersonalComponent.get_all_personal - 6 miembros del personal encontrados con especialidades
2025-07-29 14:34:58 - INFO - PersonalService.get_personal - Personal obtenido exitosamente
2025-07-29 14:43:21 - INFO - LoginComponent.get_user_by_id - Consulta para usuario ID: 1
2025-07-29 14:43:21 - INFO - LoginService.verify_token - Token verificado correctamente
2025-07-29 14:43:21 - INFO - LoginComponent.get_user_by_id - Consulta para usuario ID: 1
2025-07-29 14:43:21 - INFO - LoginService.verify_token - Token verificado correctamente
2025-07-29 14:43:22 - INFO - LoginComponent.get_user_by_id - Consulta para usuario ID: 1
2025-07-29 14:43:22 - INFO - Información solicitada para usuario: admin
2025-07-29 14:43:22 - INFO - LoginComponent.get_user_by_id - Consulta para usuario ID: 1
2025-07-29 14:43:22 - INFO - Información solicitada para usuario: admin
2025-07-29 14:43:24 - INFO - LoginComponent.get_user_by_id - Consulta para usuario ID: 1
2025-07-29 14:43:24 - INFO - SesionTerapiaService.get_sesiones - Iniciando
2025-07-29 14:43:24 - INFO - SesionTerapiaComponent.get_sesiones - Sesiones obtenidas exitosamente
2025-07-29 14:43:24 - INFO - LoginComponent.get_user_by_id - Consulta para usuario ID: 1
2025-07-29 14:43:24 - INFO - LoginComponent.get_user_by_id - Consulta para usuario ID: 1
2025-07-29 14:43:24 - INFO - PacienteService.get_pacientes - Iniciando
iciando
2025-07-29 14:43:24 - INFO - LoginComponent.get_user_by_id - Consulta para usuario ID: 1
2025-07-29 14:43:24 - INFO - PersonalService.get_personal - Iniciando
2025-07-29 14:43:24 - INFO - SesionTerapiaComponent.get_pacientes_sesion - 0 pacientes encontrados
2025-07-29 14:43:24 - INFO - EspecialidadComponent.get_all_especialidades - 55 especialidades encontradas
2025-07-29 14:43:24 - INFO - EspecialidadService.get_especialidades - Especialidades obtenidas exitosamente
2025-07-29 14:43:24 - INFO - PacienteComponent.get_all_pacientes - 9 pacientes encontrados
2025-07-29 14:43:24 - INFO - PacienteService.get_pacientes - Pacientes obtenidos exitosamente
2025-07-29 14:43:24 - INFO - SesionTerapiaComponent.get_pacientes_sesion - 2 pacientes encontrados
2025-07-29 14:43:24 - INFO - SesionTerapiaComponent.get_pacientes_sesion - 1 pacientes encontrados
2025-07-29 14:43:24 - INFO - SesionTerapiaComponent.get_pacientes_sesion - 3 pacientes encontrados
2025-07-29 14:43:24 - INFO - SesionTerapiaComponent.get_pacientes_sesion - 2 pacientes encontrados
2025-07-29 14:43:24 - INFO - SesionTerapiaComponent.get_pacientes_sesion - 1 pacientes encontrados
2025-07-29 14:43:24 - INFO - SesionTerapiaService.get_sesiones - Sesiones obtenidas exitosamente
2025-07-29 14:43:24 - INFO - LoginComponent.get_user_by_id - Consulta para usuario ID: 1
2025-07-29 14:43:24 - INFO - EspecialidadService.get_especialidades - Iniciando
2025-07-29 14:43:24 - INFO - PersonalComponent.get_all_personal - 6 miembros del personal encontrados con especialidades
2025-07-29 14:43:24 - INFO - PersonalService.get_personal - Personal obtenido exitosamente
2025-07-29 14:43:24 - INFO - EspecialidadComponent.get_all_especialidades - 55 especialidades encontradas
2025-07-29 14:43:24 - INFO - EspecialidadService.get_especialidades - Especialidades obtenidas exitosamente
2025-07-29 14:43:24 - INFO - LoginComponent.get_user_by_id - Consulta para usuario ID: 1
2025-07-29 14:43:24 - INFO - PacienteService.get_pacientes - Iniciando
2025-07-29 14:43:24 - INFO - PacienteComponent.get_all_pacientes - 9 pacientes encontrados
2025-07-29 14:43:24 - INFO - PacienteService.get_pacientes - Pacientes obtenidos exitosamente
2025-07-29 14:43:25 - INFO - LoginComponent.get_user_by_id - Consulta para usuario ID: 1
2025-07-29 14:43:25 - INFO - SesionTerapiaService.get_sesiones - Iniciando
2025-07-29 14:43:25 - INFO - SesionTerapiaComponent.get_sesiones - Sesiones obtenidas exitosamente
2025-07-29 14:43:25 - INFO - SesionTerapiaComponent.get_pacientes_sesion - 0 pacientes encontrados
2025-07-29 14:43:25 - INFO - LoginComponent.get_user_by_id - Consulta para usuario ID: 1
2025-07-29 14:43:25 - INFO - PersonalService.get_personal - Iniciando
2025-07-29 14:43:25 - INFO - SesionTerapiaComponent.get_pacientes_sesion - 2 pacientes encontrados
2025-07-29 14:43:25 - INFO - SesionTerapiaComponent.get_pacientes_sesion - 1 pacientes encontrados
2025-07-29 14:43:25 - INFO - SesionTerapiaComponent.get_pacientes_sesion - 3 pacientes encontrados
2025-07-29 14:43:25 - INFO - SesionTerapiaComponent.get_pacientes_sesion - 2 pacientes encontrados
2025-07-29 14:43:25 - INFO - SesionTerapiaComponent.get_pacientes_sesion - 1 pacientes encontrados
2025-07-29 14:43:25 - INFO - SesionTerapiaService.get_sesiones - Sesiones obtenidas exitosamente
2025-07-29 14:43:25 - INFO - PersonalComponent.get_all_personal - 6 miembros del personal encontrados con especialidades
2025-07-29 14:43:25 - INFO - PersonalService.get_personal - Personal obtenido exitosamente
2025-07-29 14:45:09 - INFO - LoginComponent.get_user_by_id - Consulta para usuario ID: 1
2025-07-29 14:45:09 - INFO - PacienteService.get_pacientes - Iniciando
2025-07-29 14:45:09 - INFO - LoginComponent.get_user_by_id - Consulta para usuario ID: 1
2025-07-29 14:45:09 - INFO - SesionTerapiaService.get_sesiones - Iniciando
2025-07-29 14:45:09 - INFO - LoginComponent.get_user_by_id - Consulta para usuario ID: 1
2025-07-29 14:45:09 - INFO - PersonalService.get_personal - Iniciando
2025-07-29 14:45:09 - INFO - LoginComponent.get_user_by_id - Consulta para usuario ID: 1
2025-07-29 14:45:09 - INFO - EspecialidadService.get_especialidades - Iniciando
2025-07-29 14:45:09 - INFO - PacienteComponent.get_all_pacientes - 9 pacientes encontrados
2025-07-29 14:45:09 - INFO - PacienteService.get_pacientes - Pacientes obtenidos exitosamente
2025-07-29 14:45:09 - INFO - SesionTerapiaComponent.get_sesiones - Sesiones obtenidas exitosamente
2025-07-29 14:45:09 - INFO - EspecialidadComponent.get_all_especialidades - 55 especialidades encontradas
2025-07-29 14:45:09 - INFO - EspecialidadService.get_especialidades - Especialidades obtenidas exitosamente
2025-07-29 14:45:09 - INFO - SesionTerapiaComponent.get_pacientes_sesion - 0 pacientes encontrados
2025-07-29 14:45:09 - INFO - SesionTerapiaComponent.get_pacientes_sesion - 2 pacientes encontrados
2025-07-29 14:45:09 - INFO - SesionTerapiaComponent.get_pacientes_sesion - 1 pacientes encontrados
2025-07-29 14:45:10 - INFO - PersonalComponent.get_all_personal - 6 miembros del personal encontrados con especialidades
2025-07-29 14:45:10 - INFO - PersonalService.get_personal - Personal obtenido exitosamente
2025-07-29 14:45:10 - INFO - SesionTerapiaComponent.get_pacientes_sesion - 3 pacientes encontrados
2025-07-29 14:45:10 - INFO - SesionTerapiaComponent.get_pacientes_sesion - 2 pacientes encontrados
2025-07-29 14:45:10 - INFO - SesionTerapiaComponent.get_pacientes_sesion - 1 pacientes encontrados
2025-07-29 14:45:10 - INFO - SesionTerapiaService.get_sesiones - Sesiones obtenidas exitosamente
2025-07-29 14:49:54 - INFO - LoginComponent.get_user_by_id - Consulta para usuario ID: 1
2025-07-29 14:49:54 - INFO - LoginService.verify_token - Token verificado correctamente
2025-07-29 14:49:54 - INFO - LoginComponent.get_user_by_id - Consulta para usuario ID: 1
2025-07-29 14:49:54 - INFO - LoginService.verify_token - Token verificado correctamente
2025-07-29 14:49:54 - INFO - LoginComponent.get_user_by_id - Consulta para usuario ID: 1
2025-07-29 14:49:54 - INFO - Información solicitada para usuario: admin
2025-07-29 14:49:55 - INFO - LoginComponent.get_user_by_id - Consulta para usuario ID: 1
2025-07-29 14:49:55 - INFO - Información solicitada para usuario: admin
2025-07-29 14:49:56 - INFO - LoginComponent.get_user_by_id - Consulta para usuario ID: 1
2025-07-29 14:49:56 - INFO - SesionTerapiaService.get_sesiones - Iniciando
2025-07-29 14:49:56 - INFO - SesionTerapiaComponent.get_sesiones - Sesiones obtenidas exitosamente
2025-07-29 14:49:56 - INFO - SesionTerapiaComponent.get_pacientes_sesion - 0 pacientes encontrados
2025-07-29 14:49:56 - INFO - SesionTerapiaComponent.get_pacientes_sesion - 2 pacientes encontrados
2025-07-29 14:49:56 - INFO - SesionTerapiaComponent.get_pacientes_sesion - 1 pacientes encontrados
2025-07-29 14:49:56 - INFO - SesionTerapiaComponent.get_pacientes_sesion - 3 pacientes encontrados
2025-07-29 14:49:56 - INFO - SesionTerapiaComponent.get_pacientes_sesion - 2 pacientes encontrados
2025-07-29 14:49:56 - INFO - LoginComponent.get_user_by_id - Consulta para usuario ID: 1
2025-07-29 14:49:56 - INFO - PacienteService.get_pacientes - Iniciando
2025-07-29 14:49:56 - INFO - LoginComponent.get_user_by_id - Consulta para usuario ID: 1
2025-07-29 14:49:56 - INFO - LoginComponent.get_user_by_id - Consulta para usuario ID: 1
2025-07-29 14:49:56 - INFO - EspecialidadService.get_especialidades - Iniciando
2025-07-29 14:49:56 - INFO - SesionTerapiaComponent.get_pacientes_sesion - 1 pacientes encontrados
2025-07-29 14:49:56 - INFO - SesionTerapiaService.get_sesiones - Sesiones obtenidas exitosamente
2025-07-29 14:49:56 - INFO - PacienteComponent.get_all_pacientes - 9 pacientes encontrados
2025-07-29 14:49:56 - INFO - EspecialidadComponent.get_all_especialidades - 55 especialidades encontradas
2025-07-29 14:49:56 - INFO - PacienteService.get_pacientes - Pacientes obtenidos exitosamente
2025-07-29 14:49:56 - INFO - EspecialidadService.get_especialidades - Especialidades obtenidas exitosamente
2025-07-29 14:49:57 - INFO - LoginComponent.get_user_by_id - Consulta para usuario ID: 1
2025-07-29 14:49:57 - INFO - PacienteService.get_pacientes - Iniciando
2025-07-29 14:49:57 - INFO - LoginComponent.get_user_by_id - Consulta para usuario ID: 1
2025-07-29 14:49:57 - INFO - SesionTerapiaService.get_sesiones - Iniciando
2025-07-29 14:49:57 - INFO - LoginComponent.get_user_by_id - Consulta para usuario ID: 1
2025-07-29 14:49:57 - INFO - EspecialidadService.get_especialidades - Iniciando
2025-07-29 14:49:57 - INFO - PacienteComponent.get_all_pacientes - 9 pacientes encontrados
2025-07-29 14:49:57 - INFO - PacienteService.get_pacientes - Pacientes obtenidos exitosamente
2025-07-29 14:49:57 - INFO - EspecialidadComponent.get_all_especialidades - 55 especialidades encontradas
2025-07-29 14:49:57 - INFO - EspecialidadService.get_especialidades - Especialidades obtenidas exitosamente
2025-07-29 14:49:57 - INFO - SesionTerapiaComponent.get_sesiones - Sesiones obtenidas exitosamente
2025-07-29 14:49:57 - INFO - PersonalComponent.get_all_personal - 6 miembros del personal encontrados con especialidades
2025-07-29 14:49:57 - INFO - PersonalService.get_personal - Personal obtenido exitosamente
2025-07-29 14:49:57 - INFO - SesionTerapiaComponent.get_pacientes_sesion - 0 pacientes encontrados
2025-07-29 14:49:57 - INFO - SesionTerapiaComponent.get_pacientes_sesion - 2 pacientes encontrados
2025-07-29 14:49:57 - INFO - SesionTerapiaComponent.get_pacientes_sesion - 1 pacientes encontrados
2025-07-29 14:49:57 - INFO - SesionTerapiaComponent.get_pacientes_sesion - 3 pacientes encontrados
2025-07-29 14:49:57 - INFO - SesionTerapiaComponent.get_pacientes_sesion - 2 pacientes encontrados
2025-07-29 14:49:57 - INFO - SesionTerapiaComponent.get_pacientes_sesion - 1 pacientes encontrados
2025-07-29 14:49:57 - INFO - SesionTerapiaService.get_sesiones - Sesiones obtenidas exitosamente
2025-07-29 14:49:57 - INFO - LoginComponent.get_user_by_id - Consulta para usuario ID: 1
2025-07-29 14:49:57 - INFO - PersonalService.get_personal - Iniciando
2025-07-29 14:49:57 - INFO - PersonalComponent.get_all_personal - 6 miembros del personal encontrados con especialidades
2025-07-29 14:49:57 - INFO - PersonalService.get_personal - Personal obtenido exitosamente
2025-07-29 14:51:23 - INFO - LoginComponent.get_user_by_id - Consulta para usuario ID: 1
2025-07-29 14:51:23 - INFO - SesionTerapiaService.get_sesion - ID: 4
2025-07-29 14:51:23 - INFO - LoginComponent.get_user_by_id - Consulta para usuario ID: 1
2025-07-29 14:51:23 - INFO - SesionTerapiaService.get_asistencias_por_sesion - Sesion ID: 4
2025-07-29 14:51:23 - INFO - SesionTerapiaComponent.get_sesion_by_id - Sesión 4 encontrada
2025-07-29 14:51:23 - INFO - SesionTerapiaComponent.get_asistencias_por_sesion - 0 asistencias encontradas para sesión 4
2025-07-29 14:51:23 - INFO - SesionTerapiaService.get_asistencias_por_sesion - 0 asistencias encontradas
2025-07-29 14:51:23 - INFO - SesionTerapiaComponent.get_pacientes_sesion - 1 pacientes encontrados
2025-07-29 14:51:23 - INFO - LoginComponent.get_user_by_id - Consulta para usuario ID: 1
2025-07-29 14:51:23 - INFO - SesionTerapiaComponent.get_cronograma_sesion - 120 sesiones programadas
2025-07-29 14:51:23 - INFO - SesionTerapiaService.get_sesion - Sesión 4 encontrada
2025-07-29 14:51:23 - INFO - SesionTerapiaService.get_asistencias_por_sesion - Sesion ID: 4
2025-07-29 14:51:23 - INFO - SesionTerapiaComponent.get_asistencias_por_sesion - 0 asistencias encontradas para sesión 4
2025-07-29 14:51:23 - INFO - SesionTerapiaService.get_asistencias_por_sesion - 0 asistencias encontradas
2025-07-29 14:51:35 - INFO - LoginComponent.get_user_by_id - Consulta para usuario ID: 1
2025-07-29 14:51:35 - INFO - SesionTerapiaService.get_sesion - ID: 6
2025-07-29 14:51:35 - INFO - LoginComponent.get_user_by_id - Consulta para usuario ID: 1
2025-07-29 14:51:35 - INFO - SesionTerapiaService.get_asistencias_por_sesion - Sesion ID: 6
2025-07-29 14:51:35 - INFO - SesionTerapiaComponent.get_sesion_by_id - Sesión 6 encontrada
2025-07-29 14:51:35 - INFO - SesionTerapiaComponent.get_asistencias_por_sesion - 0 asistencias encontradas para sesión 6
2025-07-29 14:51:35 - INFO - SesionTerapiaService.get_asistencias_por_sesion - 0 asistencias encontradas
2025-07-29 14:51:35 - INFO - SesionTerapiaComponent.get_pacientes_sesion - 0 pacientes encontrados
2025-07-29 14:51:35 - INFO - LoginComponent.get_user_by_id - Consulta para usuario ID: 1
2025-07-29 14:51:35 - INFO - SesionTerapiaService.get_asistencias_por_sesion - Sesion ID: 6
2025-07-29 14:51:35 - INFO - SesionTerapiaComponent.get_cronograma_sesion - 12 sesiones programadas
2025-07-29 14:51:35 - INFO - SesionTerapiaService.get_sesion - Sesión 6 encontrada
2025-07-29 14:51:35 - INFO - SesionTerapiaComponent.get_asistencias_por_sesion - 0 asistencias encontradas para sesión 6
2025-07-29 14:51:35 - INFO - SesionTerapiaService.get_asistencias_por_sesion - 0 asistencias encontradas
2025-07-29 14:51:42 - INFO - LoginComponent.get_user_by_id - Consulta para usuario ID: 1
2025-07-29 14:51:42 - INFO - SesionTerapiaService.get_sesion - ID: 4
2025-07-29 14:51:43 - INFO - LoginComponent.get_user_by_id - Consulta para usuario ID: 1
2025-07-29 14:51:43 - INFO - SesionTerapiaService.get_asistencias_por_sesion - Sesion ID: 4
2025-07-29 14:51:43 - INFO - SesionTerapiaComponent.get_sesion_by_id - Sesión 4 encontrada
2025-07-29 14:51:43 - INFO - SesionTerapiaComponent.get_asistencias_por_sesion - 0 asistencias encontradas para sesión 4
2025-07-29 14:51:43 - INFO - SesionTerapiaService.get_asistencias_por_sesion - 0 asistencias encontradas
2025-07-29 14:51:43 - INFO - SesionTerapiaComponent.get_pacientes_sesion - 1 pacientes encontrados
2025-07-29 14:51:43 - INFO - LoginComponent.get_user_by_id - Consulta para usuario ID: 1
rogramadas
2025-07-29 14:51:43 - INFO - SesionTerapiaService.get_asistencias_por_sesion - Sesion ID: 4
2025-07-29 14:51:43 - INFO - SesionTerapiaService.get_sesion - Sesión 4 encontrada
2025-07-29 14:51:43 - INFO - SesionTerapiaComponent.get_asistencias_por_sesion - 0 asistencias encontradas para sesión 4
2025-07-29 14:51:43 - INFO - SesionTerapiaService.get_asistencias_por_sesion - 0 asistencias encontradas
2025-07-29 14:52:14 - INFO - LoginComponent.get_user_by_id - Consulta para usuario ID: 1
2025-07-29 14:52:14 - INFO - SesionTerapiaService.get_sesion - ID: 1
2025-07-29 14:52:14 - INFO - LoginComponent.get_user_by_id - Consulta para usuario ID: 1
2025-07-29 14:52:14 - INFO - SesionTerapiaService.get_asistencias_por_sesion - Sesion ID: 1
2025-07-29 14:52:14 - INFO - SesionTerapiaComponent.get_sesion_by_id - Sesión 1 encontrada
2025-07-29 14:52:14 - INFO - SesionTerapiaComponent.get_asistencias_por_sesion - 2 asistencias encontradas para sesión 1
2025-07-29 14:52:14 - INFO - SesionTerapiaService.get_asistencias_por_sesion - 2 asistencias encontradas
2025-07-29 14:52:14 - INFO - SesionTerapiaComponent.get_pacientes_sesion - 3 pacientes encontrados
2025-07-29 14:52:14 - INFO - LoginComponent.get_user_by_id - Consulta para usuario ID: 1
2025-07-29 14:52:14 - INFO - SesionTerapiaService.get_asistencias_por_sesion - Sesion ID: 1
2025-07-29 14:52:14 - INFO - SesionTerapiaComponent.get_cronograma_sesion - 36 sesiones programadas
2025-07-29 14:52:14 - INFO - SesionTerapiaService.get_sesion - Sesión 1 encontrada
2025-07-29 14:52:14 - INFO - SesionTerapiaComponent.get_asistencias_por_sesion - 2 asistencias encontradas para sesión 1
2025-07-29 14:52:14 - INFO - SesionTerapiaService.get_asistencias_por_sesion - 2 asistencias encontradas
2025-07-29 14:53:06 - INFO - LoginComponent.get_user_by_id - Consulta para usuario ID: 1
2025-07-29 14:53:06 - INFO - SesionTerapiaService.get_sesion - ID: 1
2025-07-29 14:53:06 - INFO - LoginComponent.get_user_by_id - Consulta para usuario ID: 1
2025-07-29 14:53:06 - INFO - SesionTerapiaService.get_asistencias_por_sesion - Sesion ID: 1
2025-07-29 14:53:06 - INFO - SesionTerapiaComponent.get_sesion_by_id - Sesión 1 encontrada
2025-07-29 14:53:06 - INFO - SesionTerapiaComponent.get_asistencias_por_sesion - 2 asistencias encontradas para sesión 1
2025-07-29 14:53:06 - INFO - SesionTerapiaService.get_asistencias_por_sesion - 2 asistencias encontradas
2025-07-29 14:53:06 - INFO - SesionTerapiaComponent.get_pacientes_sesion - 3 pacientes encontrados
2025-07-29 14:53:07 - INFO - LoginComponent.get_user_by_id - Consulta para usuario ID: 1
2025-07-29 14:53:07 - INFO - SesionTerapiaService.get_asistencias_por_sesion - Sesion ID: 1
2025-07-29 14:53:07 - INFO - SesionTerapiaComponent.get_cronograma_sesion - 36 sesiones programadas
2025-07-29 14:53:07 - INFO - SesionTerapiaService.get_sesion - Sesión 1 encontrada
2025-07-29 14:53:07 - INFO - SesionTerapiaComponent.get_asistencias_por_sesion - 2 asistencias encontradas para sesión 1
2025-07-29 14:53:07 - INFO - SesionTerapiaService.get_asistencias_por_sesion - 2 asistencias encontradas
2025-07-29 14:53:22 - INFO - LoginComponent.get_user_by_id - Consulta para usuario ID: 1
2025-07-29 14:53:22 - INFO - SesionTerapiaService.get_sesion - ID: 6
2025-07-29 14:53:22 - INFO - LoginComponent.get_user_by_id - Consulta para usuario ID: 1
2025-07-29 14:53:22 - INFO - SesionTerapiaService.get_asistencias_por_sesion - Sesion ID: 6
2025-07-29 14:53:22 - INFO - SesionTerapiaComponent.get_sesion_by_id - Sesión 6 encontrada
2025-07-29 14:53:22 - INFO - SesionTerapiaComponent.get_asistencias_por_sesion - 0 asistencias encontradas para sesión 6
2025-07-29 14:53:22 - INFO - SesionTerapiaService.get_asistencias_por_sesion - 0 asistencias encontradas
2025-07-29 14:53:22 - INFO - SesionTerapiaComponent.get_pacientes_sesion - 0 pacientes encontrados
2025-07-29 14:53:23 - INFO - LoginComponent.get_user_by_id - Consulta para usuario ID: 1
2025-07-29 14:53:23 - INFO - SesionTerapiaService.get_asistencias_por_sesion - Sesion ID: 6
2025-07-29 14:53:23 - INFO - SesionTerapiaComponent.get_asistencias_por_sesion - 0 asistencias encontradas para sesión 6
2025-07-29 14:53:23 - INFO - SesionTerapiaService.get_asistencias_por_sesion - 0 asistencias encontradas
2025-07-29 14:53:23 - INFO - SesionTerapiaComponent.get_cronograma_sesion - 12 sesiones programadas
2025-07-29 14:53:23 - INFO - SesionTerapiaService.get_sesion - Sesión 6 encontrada
2025-07-29 14:53:45 - INFO - LoginComponent.get_user_by_id - Consulta para usuario ID: 1
2025-07-29 14:53:45 - INFO - SesionTerapiaService.get_sesion - ID: 6
2025-07-29 14:53:45 - INFO - LoginComponent.get_user_by_id - Consulta para usuario ID: 1
2025-07-29 14:53:45 - INFO - SesionTerapiaService.get_asistencias_por_sesion - Sesion ID: 6
2025-07-29 14:53:45 - INFO - SesionTerapiaComponent.get_sesion_by_id - Sesión 6 encontrada
2025-07-29 14:53:45 - INFO - SesionTerapiaComponent.get_asistencias_por_sesion - 0 asistencias encontradas para sesión 6
2025-07-29 14:53:45 - INFO - SesionTerapiaService.get_asistencias_por_sesion - 0 asistencias encontradas
2025-07-29 14:53:45 - INFO - SesionTerapiaComponent.get_pacientes_sesion - 0 pacientes encontrados
2025-07-29 14:53:45 - INFO - SesionTerapiaComponent.get_cronograma_sesion - 12 sesiones programadas
2025-07-29 14:53:45 - INFO - SesionTerapiaService.get_sesion - Sesión 6 encontrada
2025-07-29 14:53:45 - INFO - LoginComponent.get_user_by_id - Consulta para usuario ID: 1
2025-07-29 14:53:45 - INFO - SesionTerapiaService.get_asistencias_por_sesion - Sesion ID: 6
2025-07-29 14:53:45 - INFO - SesionTerapiaComponent.get_asistencias_por_sesion - 0 asistencias encontradas para sesión 6
2025-07-29 14:53:45 - INFO - SesionTerapiaService.get_asistencias_por_sesion - 0 asistencias encontradas
2025-07-29 14:54:14 - INFO - LoginComponent.get_user_by_id - Consulta para usuario ID: 1
2025-07-29 14:54:14 - INFO - SesionTerapiaService.get_sesion - ID: 6
2025-07-29 14:54:14 - INFO - LoginComponent.get_user_by_id - Consulta para usuario ID: 1
2025-07-29 14:54:14 - INFO - SesionTerapiaService.get_asistencias_por_sesion - Sesion ID: 6
2025-07-29 14:54:14 - INFO - SesionTerapiaComponent.get_sesion_by_id - Sesión 6 encontrada
2025-07-29 14:54:14 - INFO - SesionTerapiaComponent.get_pacientes_sesion - 0 pacientes encontrados
2025-07-29 14:54:14 - INFO - SesionTerapiaComponent.get_cronograma_sesion - 12 sesiones programadas
2025-07-29 14:54:14 - INFO - SesionTerapiaService.get_sesion - Sesión 6 encontrada
2025-07-29 14:54:14 - INFO - SesionTerapiaComponent.get_asistencias_por_sesion - 0 asistencias encontradas para sesión 6
2025-07-29 14:54:14 - INFO - SesionTerapiaService.get_asistencias_por_sesion - 0 asistencias encontradas
2025-07-29 14:54:14 - INFO - LoginComponent.get_user_by_id - Consulta para usuario ID: 1
2025-07-29 14:54:14 - INFO - SesionTerapiaService.get_asistencias_por_sesion - Sesion ID: 6
2025-07-29 14:54:14 - INFO - SesionTerapiaComponent.get_asistencias_por_sesion - 0 asistencias encontradas para sesión 6
2025-07-29 14:54:14 - INFO - SesionTerapiaService.get_asistencias_por_sesion - 0 asistencias encontradas
2025-07-29 14:56:15 - INFO - app - Iniciando Sistema Tía Glenda Backend
2025-07-29 14:57:15 - INFO - LoginComponent.get_user_by_id - Consulta para usuario ID: 1
2025-07-29 14:57:15 - INFO - LoginService.verify_token - Token verificado correctamente
2025-07-29 14:57:15 - INFO - LoginComponent.get_user_by_id - Consulta para usuario ID: 1
2025-07-29 14:57:15 - INFO - LoginService.verify_token - Token verificado correctamente
2025-07-29 14:57:16 - INFO - LoginComponent.get_user_by_id - Consulta para usuario ID: 1
2025-07-29 14:57:16 - INFO - Información solicitada para usuario: admin
2025-07-29 14:57:16 - INFO - LoginComponent.get_user_by_id - Consulta para usuario ID: 1
2025-07-29 14:57:16 - INFO - Información solicitada para usuario: admin
2025-07-29 14:57:17 - INFO - LoginComponent.get_user_by_id - Consulta para usuario ID: 1
2025-07-29 14:57:17 - INFO - PacienteService.get_pacientes - Iniciando
2025-07-29 14:57:17 - INFO - PacienteComponent.get_all_pacientes - 9 pacientes encontrados
2025-07-29 14:57:17 - INFO - PacienteService.get_pacientes - Pacientes obtenidos exitosamente
2025-07-29 14:57:17 - INFO - LoginComponent.get_user_by_id - Consulta para usuario ID: 1
2025-07-29 14:57:17 - INFO - PacienteService.get_personas_disponibles - Iniciando
2025-07-29 14:57:17 - INFO - LoginComponent.get_user_by_id - Consulta para usuario ID: 1
2025-07-29 14:57:17 - INFO - PacienteService.get_estadisticas - Iniciando
usuario ID: 1
2025-07-29 14:57:17 - INFO - TutorService.get_tutores - Iniciando
2025-07-29 14:57:17 - INFO - PacienteComponent.get_personas_disponibles_para_paciente - 17 personas disponibles
2025-07-29 14:57:17 - INFO - PacienteService.get_personas_disponibles - Personas disponibles obtenidas
2025-07-29 14:57:17 - INFO - TutorComponent.get_all_tutores - 9 tutores encontrados
2025-07-29 14:57:17 - INFO - TutorService.get_tutores - Tutores obtenidos exitosamente
2025-07-29 14:57:18 - INFO - PacienteComponent.get_estadisticas_pacientes - Estadísticas obtenidas
2025-07-29 14:57:18 - INFO - PacienteService.get_estadisticas - Estadísticas obtenidas
2025-07-29 14:57:18 - INFO - LoginComponent.get_user_by_id - Consulta para usuario ID: 1
2025-07-29 14:57:18 - INFO - PacienteService.get_pacientes - Iniciando
2025-07-29 14:57:18 - INFO - PacienteComponent.get_all_pacientes - 9 pacientes encontrados
2025-07-29 14:57:18 - INFO - PacienteService.get_pacientes - Pacientes obtenidos exitosamente
2025-07-29 14:57:18 - INFO - LoginComponent.get_user_by_id - Consulta para usuario ID: 1
2025-07-29 14:57:18 - INFO - SesionTerapiaService.get_sesiones - Iniciando
2025-07-29 14:57:18 - INFO - LoginComponent.get_user_by_id - Consulta para usuario ID: 1
2025-07-29 14:57:18 - INFO - PacienteService.get_personas_disponibles - Iniciando
2025-07-29 14:57:18 - INFO - SesionTerapiaComponent.get_sesiones - Sesiones obtenidas exitosamente
2025-07-29 14:57:18 - INFO - PacienteComponent.get_personas_disponibles_para_paciente - 17 personas disponibles
2025-07-29 14:57:18 - INFO - PacienteService.get_personas_disponibles - Personas disponibles obtenidas
2025-07-29 14:57:18 - INFO - LoginComponent.get_user_by_id - Consulta para usuario ID: 1
2025-07-29 14:57:18 - INFO - TutorService.get_tutores - Iniciando
2025-07-29 14:57:18 - INFO - SesionTerapiaComponent.get_pacientes_sesion - 0 pacientes encontrados
2025-07-29 14:57:18 - INFO - TutorComponent.get_all_tutores - 9 tutores encontrados
2025-07-29 14:57:18 - INFO - TutorService.get_tutores - Tutores obtenidos exitosamente
2025-07-29 14:57:18 - INFO - LoginComponent.get_user_by_id - Consulta para usuario ID: 1
2025-07-29 14:57:18 - INFO - PacienteService.get_estadisticas - Iniciando
2025-07-29 14:57:18 - INFO - LoginComponent.get_user_by_id - Consulta para usuario ID: 1
2025-07-29 14:57:18 - INFO - PersonalService.get_personal - Iniciando
2025-07-29 14:57:18 - INFO - SesionTerapiaComponent.get_pacientes_sesion - 3 pacientes encontrados
2025-07-29 14:57:18 - INFO - SesionTerapiaComponent.get_pacientes_sesion - 1 pacientes encontrados
2025-07-29 14:57:18 - INFO - SesionTerapiaComponent.get_pacientes_sesion - 2 pacientes encontrados
2025-07-29 14:57:18 - INFO - PacienteComponent.get_estadisticas_pacientes - Estadísticas obtenidas
2025-07-29 14:57:18 - INFO - PacienteService.get_estadisticas - Estadísticas obtenidas
2025-07-29 14:57:18 - INFO - SesionTerapiaComponent.get_pacientes_sesion - 1 pacientes encontrados
2025-07-29 14:57:18 - INFO - LoginComponent.get_user_by_id - Consulta para usuario ID: 1
2025-07-29 14:57:18 - INFO - EspecialidadService.get_especialidades - Iniciando
2025-07-29 14:57:18 - INFO - SesionTerapiaComponent.get_pacientes_sesion - 2 pacientes encontrados
2025-07-29 14:57:18 - INFO - SesionTerapiaService.get_sesiones - Sesiones obtenidas exitosamente
2025-07-29 14:57:18 - INFO - EspecialidadComponent.get_all_especialidades - 55 especialidades encontradas
2025-07-29 14:57:18 - INFO - EspecialidadService.get_especialidades - Especialidades obtenidas exitosamente
2025-07-29 14:57:18 - INFO - LoginComponent.get_user_by_id - Consulta para usuario ID: 1
2025-07-29 14:57:18 - INFO - PacienteService.get_pacientes - Iniciando
2025-07-29 14:57:18 - INFO - PacienteComponent.get_all_pacientes - 9 pacientes encontrados
2025-07-29 14:57:18 - INFO - PacienteService.get_pacientes - Pacientes obtenidos exitosamente
2025-07-29 14:57:18 - INFO - PersonalComponent.get_all_personal - 6 miembros del personal encontrados con especialidades
2025-07-29 14:57:18 - INFO - PersonalService.get_personal - Personal obtenido exitosamente
2025-07-29 14:57:19 - INFO - LoginComponent.get_user_by_id - Consulta para usuario ID: 1
2025-07-29 14:57:19 - INFO - SesionTerapiaService.get_sesiones - Iniciando
2025-07-29 14:57:19 - INFO - LoginComponent.get_user_by_id - Consulta para usuario ID: 1
2025-07-29 14:57:19 - INFO - EspecialidadService.get_especialidades - Iniciando
2025-07-29 14:57:19 - INFO - EspecialidadComponent.get_all_especialidades - 55 especialidades encontradas
2025-07-29 14:57:19 - INFO - EspecialidadService.get_especialidades - Especialidades obtenidas exitosamente
2025-07-29 14:57:19 - INFO - SesionTerapiaComponent.get_sesiones - Sesiones obtenidas exitosamente
2025-07-29 14:57:19 - INFO - SesionTerapiaComponent.get_pacientes_sesion - 0 pacientes encontrados
2025-07-29 14:57:19 - INFO - LoginComponent.get_user_by_id - Consulta para usuario ID: 1
2025-07-29 14:57:19 - INFO - PacienteService.get_pacientes - Iniciando
2025-07-29 14:57:19 - INFO - SesionTerapiaComponent.get_pacientes_sesion - 3 pacientes encontrados
2025-07-29 14:57:19 - INFO - PacienteComponent.get_all_pacientes - 9 pacientes encontrados
2025-07-29 14:57:19 - INFO - PacienteService.get_pacientes - Pacientes obtenidos exitosamente
2025-07-29 14:57:19 - INFO - LoginComponent.get_user_by_id - Consulta para usuario ID: 1
2025-07-29 14:57:19 - INFO - PersonalService.get_personal - Iniciando
2025-07-29 14:57:19 - INFO - SesionTerapiaComponent.get_pacientes_sesion - 1 pacientes encontrados
2025-07-29 14:57:19 - INFO - SesionTerapiaComponent.get_pacientes_sesion - 2 pacientes encontrados
2025-07-29 14:57:19 - INFO - SesionTerapiaComponent.get_pacientes_sesion - 1 pacientes encontrados
2025-07-29 14:57:19 - INFO - SesionTerapiaComponent.get_pacientes_sesion - 2 pacientes encontrados
2025-07-29 14:57:19 - INFO - SesionTerapiaService.get_sesiones - Sesiones obtenidas exitosamente
2025-07-29 14:57:19 - INFO - PersonalComponent.get_all_personal - 6 miembros del personal encontrados con especialidades
2025-07-29 14:57:19 - INFO - PersonalService.get_personal - Personal obtenido exitosamente
2025-07-29 14:57:41 - INFO - LoginComponent.get_user_by_id - Consulta para usuario ID: 1
2025-07-29 14:57:41 - INFO - SesionTerapiaService.get_cronograma_sesion - ID: 1
2025-07-29 14:57:41 - INFO - SesionTerapiaComponent.get_cronograma_sesion - 36 sesiones programadas
2025-07-29 14:57:41 - INFO - SesionTerapiaService.get_cronograma_sesion - Cronograma obtenido
2025-07-29 14:58:25 - INFO - LoginComponent.get_user_by_id - Consulta para usuario ID: 1
2025-07-29 14:58:25 - INFO - SesionTerapiaService.get_cronograma_sesion - ID: 1
2025-07-29 14:58:25 - INFO - SesionTerapiaComponent.get_cronograma_sesion - 36 sesiones programadas
2025-07-29 14:58:25 - INFO - SesionTerapiaService.get_cronograma_sesion - Cronograma obtenido
2025-07-29 14:58:33 - INFO - LoginComponent.get_user_by_id - Consulta para usuario ID: 1
2025-07-29 14:58:33 - INFO - SesionTerapiaService.get_sesion - ID: 6
2025-07-29 14:58:33 - INFO - SesionTerapiaComponent.get_sesion_by_id - Sesión 6 encontrada
2025-07-29 14:58:33 - INFO - SesionTerapiaComponent.get_pacientes_sesion - 0 pacientes encontrados
2025-07-29 14:58:33 - INFO - SesionTerapiaComponent.get_cronograma_sesion - 12 sesiones programadas
2025-07-29 14:58:33 - INFO - SesionTerapiaService.get_sesion - Sesión 6 encontrada
2025-07-29 14:58:34 - INFO - LoginComponent.get_user_by_id - Consulta para usuario ID: 1
2025-07-29 14:58:34 - INFO - SesionTerapiaService.get_asistencias_por_sesion - Sesion ID: 6
2025-07-29 14:58:34 - INFO - SesionTerapiaComponent.get_asistencias_por_sesion - 0 asistencias encontradas para sesión 6
2025-07-29 14:58:34 - INFO - SesionTerapiaService.get_asistencias_por_sesion - 0 asistencias encontradas
2025-07-29 14:58:34 - INFO - LoginComponent.get_user_by_id - Consulta para usuario ID: 1
2025-07-29 14:58:34 - INFO - SesionTerapiaService.get_asistencias_por_sesion - Sesion ID: 6
2025-07-29 14:58:34 - INFO - SesionTerapiaComponent.get_asistencias_por_sesion - 0 asistencias encontradas para sesión 6
2025-07-29 14:58:34 - INFO - SesionTerapiaService.get_asistencias_por_sesion - 0 asistencias encontradas
2025-07-29 14:58:51 - INFO - LoginComponent.get_user_by_id - Consulta para usuario ID: 1
2025-07-29 14:58:51 - INFO - SesionTerapiaService.get_sesion - ID: 6
2025-07-29 14:58:51 - INFO - SesionTerapiaComponent.get_sesion_by_id - Sesión 6 encontrada
2025-07-29 14:58:51 - INFO - SesionTerapiaComponent.get_pacientes_sesion - 0 pacientes encontrados
2025-07-29 14:58:51 - INFO - SesionTerapiaComponent.get_cronograma_sesion - 12 sesiones programadas
2025-07-29 14:58:51 - INFO - SesionTerapiaService.get_sesion - Sesión 6 encontrada
2025-07-29 14:58:51 - INFO - LoginComponent.get_user_by_id - Consulta para usuario ID: 1
2025-07-29 14:58:51 - INFO - SesionTerapiaService.get_asistencias_por_sesion - Sesion ID: 6
2025-07-29 14:58:51 - INFO - SesionTerapiaComponent.get_asistencias_por_sesion - 0 asistencias encontradas para sesión 6
2025-07-29 14:58:51 - INFO - SesionTerapiaService.get_asistencias_por_sesion - 0 asistencias encontradas
2025-07-29 14:58:52 - INFO - LoginComponent.get_user_by_id - Consulta para usuario ID: 1
2025-07-29 14:58:52 - INFO - SesionTerapiaService.get_asistencias_por_sesion - Sesion ID: 6
2025-07-29 14:58:52 - INFO - SesionTerapiaComponent.get_asistencias_por_sesion - 0 asistencias encontradas para sesión 6
2025-07-29 14:58:52 - INFO - SesionTerapiaService.get_asistencias_por_sesion - 0 asistencias encontradas
2025-07-29 14:59:21 - INFO - LoginComponent.get_user_by_id - Consulta para usuario ID: 1
2025-07-29 14:59:21 - INFO - SesionTerapiaService.get_cronograma_sesion - ID: 1
2025-07-29 14:59:21 - INFO - SesionTerapiaComponent.get_cronograma_sesion - 36 sesiones programadas
2025-07-29 14:59:21 - INFO - SesionTerapiaService.get_cronograma_sesion - Cronograma obtenido
2025-07-29 14:59:36 - INFO - LoginComponent.get_user_by_id - Consulta para usuario ID: 1
2025-07-29 14:59:36 - INFO - SesionTerapiaService.get_cronograma_sesion - ID: 1
2025-07-29 14:59:36 - INFO - SesionTerapiaComponent.get_cronograma_sesion - 36 sesiones programadas
2025-07-29 14:59:36 - INFO - SesionTerapiaService.get_cronograma_sesion - Cronograma obtenido
2025-07-29 14:59:40 - INFO - LoginComponent.get_user_by_id - Consulta para usuario ID: 1
2025-07-29 14:59:40 - INFO - SesionTerapiaService.get_sesion - ID: 6
2025-07-29 14:59:40 - INFO - SesionTerapiaComponent.get_sesion_by_id - Sesión 6 encontrada
2025-07-29 14:59:40 - INFO - SesionTerapiaComponent.get_pacientes_sesion - 0 pacientes encontrados
2025-07-29 14:59:40 - INFO - SesionTerapiaComponent.get_cronograma_sesion - 12 sesiones programadas
2025-07-29 14:59:40 - INFO - SesionTerapiaService.get_sesion - Sesión 6 encontrada
2025-07-29 14:59:49 - INFO - LoginComponent.get_user_by_id - Consulta para usuario ID: 1
2025-07-29 14:59:49 - INFO - SesionTerapiaService.update_sesion - ID: 6
2025-07-29 14:59:49 - INFO - SesionTerapiaComponent.update_sesion - Sesión 6 actualizada
2025-07-29 14:59:49 - INFO - SesionTerapiaService.update_sesion - Sesión 6 actualizada
2025-07-29 14:59:49 - INFO - LoginComponent.get_user_by_id - Consulta para usuario ID: 1
2025-07-29 14:59:49 - INFO - SesionTerapiaService.get_sesiones - Iniciando
2025-07-29 14:59:49 - INFO - SesionTerapiaComponent.get_sesiones - Sesiones obtenidas exitosamente
2025-07-29 14:59:49 - INFO - SesionTerapiaComponent.get_pacientes_sesion - 0 pacientes encontrados
2025-07-29 14:59:49 - INFO - LoginComponent.get_user_by_id - Consulta para usuario ID: 1
2025-07-29 14:59:49 - INFO - PacienteService.get_pacientes - Iniciando
2025-07-29 14:59:49 - INFO - SesionTerapiaComponent.get_pacientes_sesion - 3 pacientes encontrados
2025-07-29 14:59:49 - INFO - PacienteComponent.get_all_pacientes - 9 pacientes encontrados
2025-07-29 14:59:49 - INFO - PacienteService.get_pacientes - Pacientes obtenidos exitosamente
2025-07-29 14:59:49 - INFO - SesionTerapiaComponent.get_pacientes_sesion - 1 pacientes encontrados
2025-07-29 14:59:49 - INFO - SesionTerapiaComponent.get_pacientes_sesion - 2 pacientes encontrados
2025-07-29 14:59:49 - INFO - LoginComponent.get_user_by_id - Consulta para usuario ID: 1
2025-07-29 14:59:49 - INFO - PersonalService.get_personal - Iniciando
2025-07-29 14:59:49 - INFO - LoginComponent.get_user_by_id - Consulta para usuario ID: 1
2025-07-29 14:59:49 - INFO - EspecialidadService.get_especialidades - Iniciando
2025-07-29 14:59:49 - INFO - EspecialidadComponent.get_all_especialidades - 55 especialidades encontradas
2025-07-29 14:59:49 - INFO - EspecialidadService.get_especialidades - Especialidades obtenidas exitosamente
2025-07-29 14:59:49 - INFO - SesionTerapiaComponent.get_pacientes_sesion - 1 pacientes encontrados
2025-07-29 14:59:49 - INFO - SesionTerapiaComponent.get_pacientes_sesion - 2 pacientes encontrados
2025-07-29 14:59:49 - INFO - SesionTerapiaService.get_sesiones - Sesiones obtenidas exitosamente
2025-07-29 14:59:50 - INFO - PersonalComponent.get_all_personal - 6 miembros del personal encontrados con especialidades
2025-07-29 14:59:50 - INFO - PersonalService.get_personal - Personal obtenido exitosamente
2025-07-29 15:00:09 - INFO - LoginComponent.get_user_by_id - Consulta para usuario ID: 1
2025-07-29 15:00:09 - INFO - SesionTerapiaService.get_cronograma_sesion - ID: 1
2025-07-29 15:00:09 - INFO - SesionTerapiaComponent.get_cronograma_sesion - 36 sesiones programadas
2025-07-29 15:00:09 - INFO - SesionTerapiaService.get_cronograma_sesion - Cronograma obtenido
2025-07-29 15:00:12 - INFO - LoginComponent.get_user_by_id - Consulta para usuario ID: 1
2025-07-29 15:00:12 - INFO - SesionTerapiaService.get_sesion - ID: 6
2025-07-29 15:00:12 - INFO - SesionTerapiaComponent.get_sesion_by_id - Sesión 6 encontrada
2025-07-29 15:00:12 - INFO - SesionTerapiaComponent.get_pacientes_sesion - 0 pacientes encontrados
2025-07-29 15:00:12 - INFO - SesionTerapiaComponent.get_cronograma_sesion - 12 sesiones programadas
2025-07-29 15:00:12 - INFO - SesionTerapiaService.get_sesion - Sesión 6 encontrada
2025-07-29 15:00:12 - INFO - LoginComponent.get_user_by_id - Consulta para usuario ID: 1
2025-07-29 15:00:12 - INFO - SesionTerapiaService.get_asistencias_por_sesion - Sesion ID: 6
2025-07-29 15:00:12 - INFO - SesionTerapiaComponent.get_asistencias_por_sesion - 0 asistencias encontradas para sesión 6
2025-07-29 15:00:12 - INFO - SesionTerapiaService.get_asistencias_por_sesion - 0 asistencias encontradas
2025-07-29 15:00:13 - INFO - LoginComponent.get_user_by_id - Consulta para usuario ID: 1
2025-07-29 15:00:13 - INFO - SesionTerapiaService.get_asistencias_por_sesion - Sesion ID: 6
2025-07-29 15:00:13 - INFO - SesionTerapiaComponent.get_asistencias_por_sesion - 0 asistencias encontradas para sesión 6
2025-07-29 15:00:13 - INFO - SesionTerapiaService.get_asistencias_por_sesion - 0 asistencias encontradas
2025-07-29 15:00:15 - INFO - LoginComponent.get_user_by_id - Consulta para usuario ID: 1
2025-07-29 15:00:15 - INFO - SesionTerapiaService.get_sesion - ID: 6
2025-07-29 15:00:15 - INFO - SesionTerapiaComponent.get_sesion_by_id - Sesión 6 encontrada
2025-07-29 15:00:15 - INFO - SesionTerapiaComponent.get_pacientes_sesion - 0 pacientes encontrados
2025-07-29 15:00:15 - INFO - SesionTerapiaComponent.get_cronograma_sesion - 12 sesiones programadas
2025-07-29 15:00:15 - INFO - SesionTerapiaService.get_sesion - Sesión 6 encontrada
2025-07-29 15:00:27 - INFO - LoginComponent.get_user_by_id - Consulta para usuario ID: 1
2025-07-29 15:00:27 - INFO - SesionTerapiaService.update_sesion - ID: 6
2025-07-29 15:00:27 - INFO - SesionTerapiaComponent.update_sesion - Sesión 6 actualizada
2025-07-29 15:00:27 - INFO - SesionTerapiaService.update_sesion - Sesión 6 actualizada
2025-07-29 15:00:27 - INFO - LoginComponent.get_user_by_id - Consulta para usuario ID: 1
2025-07-29 15:00:27 - INFO - SesionTerapiaService.get_sesiones - Iniciando
2025-07-29 15:00:27 - INFO - SesionTerapiaComponent.get_sesiones - Sesiones obtenidas exitosamente
2025-07-29 15:00:27 - INFO - SesionTerapiaComponent.get_pacientes_sesion - 0 pacientes encontrados
2025-07-29 15:00:27 - INFO - SesionTerapiaComponent.get_pacientes_sesion - 3 pacientes encontrados
2025-07-29 15:00:27 - INFO - SesionTerapiaComponent.get_pacientes_sesion - 1 pacientes encontrados
2025-07-29 15:00:27 - INFO - SesionTerapiaComponent.get_pacientes_sesion - 2 pacientes encontrados
2025-07-29 15:00:28 - INFO - LoginComponent.get_user_by_id - Consulta para usuario ID: 1
2025-07-29 15:00:28 - INFO - PacienteService.get_pacientes - Iniciando
2025-07-29 15:00:28 - INFO - LoginComponent.get_user_by_id - Consulta para usuario ID: 1
2025-07-29 15:00:28 - INFO - LoginComponent.get_user_by_id - Consulta para usuario ID: 1
2025-07-29 15:00:28 - INFO - EspecialidadService.get_especialidades - Iniciando
2025-07-29 15:00:28 - INFO - PersonalService.get_personal - Iniciando
2025-07-29 15:00:28 - INFO - SesionTerapiaComponent.get_pacientes_sesion - 1 pacientes encontrados
2025-07-29 15:00:28 - INFO - PacienteComponent.get_all_pacientes - 9 pacientes encontrados
2025-07-29 15:00:28 - INFO - PacienteService.get_pacientes - Pacientes obtenidos exitosamente
2025-07-29 15:00:28 - INFO - EspecialidadComponent.get_all_especialidades - 55 especialidades encontradas
2025-07-29 15:00:28 - INFO - EspecialidadService.get_especialidades - Especialidades obtenidas exitosamente
2025-07-29 15:00:28 - INFO - SesionTerapiaComponent.get_pacientes_sesion - 2 pacientes encontrados
2025-07-29 15:00:28 - INFO - SesionTerapiaService.get_sesiones - Sesiones obtenidas exitosamente
2025-07-29 15:00:28 - INFO - PersonalComponent.get_all_personal - 6 miembros del personal encontrados con especialidades
2025-07-29 15:00:28 - INFO - PersonalService.get_personal - Personal obtenido exitosamente
2025-07-29 15:01:32 - INFO - LoginComponent.get_user_by_id - Consulta para usuario ID: 1
2025-07-29 15:01:32 - INFO - SesionTerapiaService.get_cronograma_sesion - ID: 6
2025-07-29 15:01:32 - INFO - SesionTerapiaComponent.get_cronograma_sesion - 12 sesiones programadas
2025-07-29 15:01:32 - INFO - SesionTerapiaService.get_cronograma_sesion - Cronograma obtenido
2025-07-29 15:01:36 - INFO - LoginComponent.get_user_by_id - Consulta para usuario ID: 1
2025-07-29 15:01:36 - INFO - SesionTerapiaService.get_sesion - ID: 6
2025-07-29 15:01:36 - INFO - SesionTerapiaComponent.get_sesion_by_id - Sesión 6 encontrada
2025-07-29 15:01:36 - INFO - SesionTerapiaComponent.get_pacientes_sesion - 0 pacientes encontrados
2025-07-29 15:01:36 - INFO - SesionTerapiaComponent.get_cronograma_sesion - 12 sesiones programadas
2025-07-29 15:01:36 - INFO - SesionTerapiaService.get_sesion - Sesión 6 encontrada
2025-07-29 15:01:36 - INFO - LoginComponent.get_user_by_id - Consulta para usuario ID: 1
2025-07-29 15:01:36 - INFO - SesionTerapiaService.get_asistencias_por_sesion - Sesion ID: 6
2025-07-29 15:01:36 - INFO - SesionTerapiaComponent.get_asistencias_por_sesion - 0 asistencias encontradas para sesión 6
2025-07-29 15:01:36 - INFO - SesionTerapiaService.get_asistencias_por_sesion - 0 asistencias encontradas
2025-07-29 15:01:37 - INFO - LoginComponent.get_user_by_id - Consulta para usuario ID: 1
2025-07-29 15:01:37 - INFO - SesionTerapiaService.get_asistencias_por_sesion - Sesion ID: 6
2025-07-29 15:01:37 - INFO - SesionTerapiaComponent.get_asistencias_por_sesion - 0 asistencias encontradas para sesión 6
2025-07-29 15:01:37 - INFO - SesionTerapiaService.get_asistencias_por_sesion - 0 asistencias encontradas
2025-07-29 15:01:49 - INFO - LoginComponent.get_user_by_id - Consulta para usuario ID: 1
2025-07-29 15:01:49 - INFO - SesionTerapiaService.get_cronograma_sesion - ID: 1
2025-07-29 15:01:49 - INFO - SesionTerapiaComponent.get_cronograma_sesion - 36 sesiones programadas
2025-07-29 15:01:49 - INFO - SesionTerapiaService.get_cronograma_sesion - Cronograma obtenido
2025-07-29 15:03:39 - INFO - app - Iniciando Sistema Tía Glenda Backend
2025-07-29 15:05:43 - INFO - LoginComponent.get_user_by_id - Consulta para usuario ID: 1
2025-07-29 15:05:43 - INFO - LoginService.verify_token - Token verificado correctamente
2025-07-29 15:05:43 - INFO - LoginComponent.get_user_by_id - Consulta para usuario ID: 1
2025-07-29 15:05:43 - INFO - LoginService.verify_token - Token verificado correctamente
2025-07-29 15:05:43 - INFO - LoginComponent.get_user_by_id - Consulta para usuario ID: 1
2025-07-29 15:05:43 - INFO - Información solicitada para usuario: admin
2025-07-29 15:05:44 - INFO - LoginComponent.get_user_by_id - Consulta para usuario ID: 1
2025-07-29 15:05:44 - INFO - Información solicitada para usuario: admin
2025-07-29 15:05:45 - INFO - LoginComponent.get_user_by_id - Consulta para usuario ID: 1
2025-07-29 15:05:45 - INFO - LoginComponent.get_user_by_id - Consulta para usuario ID: 1
2025-07-29 15:05:45 - INFO - PacienteService.get_pacientes - Iniciando
2025-07-29 15:05:45 - INFO - LoginComponent.get_user_by_id - Consulta para usuario ID: 1
2025-07-29 15:05:45 - INFO - LoginComponent.get_user_by_id - Consulta para usuario ID: 1
2025-07-29 15:05:45 - INFO - PersonalService.get_personal - Iniciando
2025-07-29 15:05:45 - INFO - EspecialidadService.get_especialidades - Iniciando
2025-07-29 15:05:45 - INFO - SesionTerapiaService.get_sesiones - Iniciando
2025-07-29 15:05:45 - INFO - PacienteComponent.get_all_pacientes - 9 pacientes encontrados
2025-07-29 15:05:45 - INFO - PacienteService.get_pacientes - Pacientes obtenidos exitosamente
2025-07-29 15:05:45 - INFO - EspecialidadComponent.get_all_especialidades - 55 especialidades encontradas
2025-07-29 15:05:45 - INFO - EspecialidadService.get_especialidades - Especialidades obtenidas exitosamente
2025-07-29 15:05:45 - INFO - SesionTerapiaComponent.get_sesiones - Sesiones obtenidas exitosamente
2025-07-29 15:05:45 - INFO - SesionTerapiaComponent.get_pacientes_sesion - 0 pacientes encontrados
2025-07-29 15:05:45 - INFO - SesionTerapiaComponent.get_pacientes_sesion - 3 pacientes encontrados
2025-07-29 15:05:45 - INFO - SesionTerapiaComponent.get_pacientes_sesion - 1 pacientes encontrados
2025-07-29 15:05:45 - INFO - SesionTerapiaComponent.get_pacientes_sesion - 2 pacientes encontrados
2025-07-29 15:05:46 - INFO - SesionTerapiaComponent.get_pacientes_sesion - 1 pacientes encontrados
2025-07-29 15:05:46 - INFO - PersonalComponent.get_all_personal - 6 miembros del personal encontrados con especialidades
2025-07-29 15:05:46 - INFO - PersonalService.get_personal - Personal obtenido exitosamente
2025-07-29 15:05:46 - INFO - SesionTerapiaComponent.get_pacientes_sesion - 2 pacientes encontrados
2025-07-29 15:05:46 - INFO - SesionTerapiaService.get_sesiones - Sesiones obtenidas exitosamente
2025-07-29 15:05:46 - INFO - LoginComponent.get_user_by_id - Consulta para usuario ID: 1
2025-07-29 15:05:46 - INFO - PacienteService.get_pacientes - Iniciando
2025-07-29 15:05:46 - INFO - LoginComponent.get_user_by_id - Consulta para usuario ID: 1
2025-07-29 15:05:46 - INFO - EspecialidadService.get_especialidades - Iniciando
2025-07-29 15:05:46 - INFO - PacienteComponent.get_all_pacientes - 9 pacientes encontrados
2025-07-29 15:05:46 - INFO - PacienteService.get_pacientes - Pacientes obtenidos exitosamente
2025-07-29 15:05:46 - INFO - EspecialidadComponent.get_all_especialidades - 55 especialidades encontradas
2025-07-29 15:05:46 - INFO - EspecialidadService.get_especialidades - Especialidades obtenidas exitosamente
2025-07-29 15:05:46 - INFO - LoginComponent.get_user_by_id - Consulta para usuario ID: 1
2025-07-29 15:05:46 - INFO - PersonalService.get_personal - Iniciando
2025-07-29 15:05:46 - INFO - LoginComponent.get_user_by_id - Consulta para usuario ID: 1
2025-07-29 15:05:46 - INFO - SesionTerapiaService.get_sesiones - Iniciando
2025-07-29 15:05:46 - INFO - SesionTerapiaComponent.get_sesiones - Sesiones obtenidas exitosamente
2025-07-29 15:05:46 - INFO - SesionTerapiaComponent.get_pacientes_sesion - 0 pacientes encontrados
2025-07-29 15:05:46 - INFO - SesionTerapiaComponent.get_pacientes_sesion - 3 pacientes encontrados
2025-07-29 15:05:46 - INFO - SesionTerapiaComponent.get_pacientes_sesion - 1 pacientes encontrados
2025-07-29 15:05:46 - INFO - SesionTerapiaComponent.get_pacientes_sesion - 2 pacientes encontrados
2025-07-29 15:05:46 - INFO - PersonalComponent.get_all_personal - 6 miembros del personal encontrados con especialidades
2025-07-29 15:05:46 - INFO - PersonalService.get_personal - Personal obtenido exitosamente
2025-07-29 15:05:46 - INFO - SesionTerapiaComponent.get_pacientes_sesion - 1 pacientes encontrados
2025-07-29 15:05:46 - INFO - SesionTerapiaComponent.get_pacientes_sesion - 2 pacientes encontrados
2025-07-29 15:05:46 - INFO - SesionTerapiaService.get_sesiones - Sesiones obtenidas exitosamente
2025-07-29 15:05:49 - INFO - LoginComponent.get_user_by_id - Consulta para usuario ID: 1
2025-07-29 15:05:49 - INFO - SesionTerapiaService.get_sesion - ID: 6
2025-07-29 15:05:49 - INFO - LoginComponent.get_user_by_id - Consulta para usuario ID: 1
2025-07-29 15:05:49 - INFO - SesionTerapiaService.get_asistencias_por_sesion - Sesion ID: 6
2025-07-29 15:05:49 - INFO - SesionTerapiaComponent.get_sesion_by_id - Sesión 6 encontrada
2025-07-29 15:05:50 - INFO - SesionTerapiaComponent.get_asistencias_por_sesion - 0 asistencias encontradas para sesión 6
2025-07-29 15:05:50 - INFO - SesionTerapiaComponent.get_pacientes_sesion - 0 pacientes encontrados
2025-07-29 15:05:50 - INFO - SesionTerapiaService.get_asistencias_por_sesion - 0 asistencias encontradas
2025-07-29 15:05:50 - INFO - SesionTerapiaComponent.get_cronograma_sesion - 12 sesiones programadas
2025-07-29 15:05:50 - INFO - SesionTerapiaService.get_sesion - Sesión 6 encontrada
2025-07-29 15:05:50 - INFO - LoginComponent.get_user_by_id - Consulta para usuario ID: 1
2025-07-29 15:05:50 - INFO - SesionTerapiaService.get_asistencias_por_sesion - Sesion ID: 6
2025-07-29 15:05:50 - INFO - SesionTerapiaComponent.get_asistencias_por_sesion - 0 asistencias encontradas para sesión 6
2025-07-29 15:05:50 - INFO - SesionTerapiaService.get_asistencias_por_sesion - 0 asistencias encontradas
2025-07-29 15:05:52 - INFO - LoginComponent.get_user_by_id - Consulta para usuario ID: 1
2025-07-29 15:05:52 - INFO - SesionTerapiaService.delete_sesion - ID: 6
2025-07-29 15:05:52 - INFO - SesionTerapiaComponent.delete_sesion - Sesión 6 cancelada
2025-07-29 15:05:52 - INFO - SesionTerapiaService.delete_sesion - Sesión 6 cancelada
2025-07-29 15:05:53 - INFO - LoginComponent.get_user_by_id - Consulta para usuario ID: 1
2025-07-29 15:05:53 - INFO - SesionTerapiaService.get_sesiones - Iniciando
2025-07-29 15:05:53 - INFO - LoginComponent.get_user_by_id - Consulta para usuario ID: 1
2025-07-29 15:05:53 - INFO - PacienteService.get_pacientes - Iniciando
2025-07-29 15:05:53 - INFO - SesionTerapiaComponent.get_sesiones - Sesiones obtenidas exitosamente
2025-07-29 15:05:53 - INFO - PacienteComponent.get_all_pacientes - 9 pacientes encontrados
2025-07-29 15:05:53 - INFO - SesionTerapiaComponent.get_pacientes_sesion - 0 pacientes encontrados
2025-07-29 15:05:53 - INFO - PacienteService.get_pacientes - Pacientes obtenidos exitosamente
2025-07-29 15:05:53 - INFO - SesionTerapiaComponent.get_pacientes_sesion - 3 pacientes encontrados
2025-07-29 15:05:53 - INFO - LoginComponent.get_user_by_id - Consulta para usuario ID: 1
2025-07-29 15:05:53 - INFO - LoginComponent.get_user_by_id - Consulta para usuario ID: 1
2025-07-29 15:05:53 - INFO - PersonalService.get_personal - Iniciando
2025-07-29 15:05:53 - INFO - EspecialidadService.get_especialidades - Iniciando
2025-07-29 15:05:53 - INFO - EspecialidadComponent.get_all_especialidades - 55 especialidades encontradas
2025-07-29 15:05:53 - INFO - EspecialidadService.get_especialidades - Especialidades obtenidas exitosamente
2025-07-29 15:05:53 - INFO - SesionTerapiaComponent.get_pacientes_sesion - 1 pacientes encontrados
2025-07-29 15:05:53 - INFO - SesionTerapiaComponent.get_pacientes_sesion - 2 pacientes encontrados
2025-07-29 15:05:53 - INFO - SesionTerapiaComponent.get_pacientes_sesion - 1 pacientes encontrados
2025-07-29 15:05:53 - INFO - SesionTerapiaComponent.get_pacientes_sesion - 2 pacientes encontrados
2025-07-29 15:05:53 - INFO - SesionTerapiaService.get_sesiones - Sesiones obtenidas exitosamente
2025-07-29 15:05:54 - INFO - PersonalComponent.get_all_personal - 6 miembros del personal encontrados con especialidades
2025-07-29 15:05:54 - INFO - PersonalService.get_personal - Personal obtenido exitosamente
2025-07-29 15:05:56 - INFO - LoginComponent.get_user_by_id - Consulta para usuario ID: 1
2025-07-29 15:05:56 - INFO - SesionTerapiaService.delete_sesion - ID: 6
2025-07-29 15:05:56 - INFO - SesionTerapiaComponent.delete_sesion - Sesión 6 cancelada
2025-07-29 15:05:56 - INFO - SesionTerapiaService.delete_sesion - Sesión 6 cancelada
2025-07-29 15:05:56 - INFO - LoginComponent.get_user_by_id - Consulta para usuario ID: 1
2025-07-29 15:05:56 - INFO - SesionTerapiaService.get_sesiones - Iniciando
2025-07-29 15:05:56 - INFO - SesionTerapiaComponent.get_sesiones - Sesiones obtenidas exitosamente
2025-07-29 15:05:56 - INFO - SesionTerapiaComponent.get_pacientes_sesion - 0 pacientes encontrados
2025-07-29 15:05:56 - INFO - SesionTerapiaComponent.get_pacientes_sesion - 3 pacientes encontrados
2025-07-29 15:05:56 - INFO - LoginComponent.get_user_by_id - Consulta para usuario ID: 1
2025-07-29 15:05:56 - INFO - PacienteService.get_pacientes - Iniciando
2025-07-29 15:05:56 - INFO - LoginComponent.get_user_by_id - Consulta para usuario ID: 1
2025-07-29 15:05:56 - INFO - PersonalService.get_personal - Iniciando
2025-07-29 15:05:56 - INFO - LoginComponent.get_user_by_id - Consulta para usuario ID: 1
2025-07-29 15:05:56 - INFO - EspecialidadService.get_especialidades - Iniciando
2025-07-29 15:05:56 - INFO - SesionTerapiaComponent.get_pacientes_sesion - 1 pacientes encontrados
2025-07-29 15:05:56 - INFO - PacienteComponent.get_all_pacientes - 9 pacientes encontrados
2025-07-29 15:05:56 - INFO - PacienteService.get_pacientes - Pacientes obtenidos exitosamente
2025-07-29 15:05:56 - INFO - SesionTerapiaComponent.get_pacientes_sesion - 2 pacientes encontrados
2025-07-29 15:05:57 - INFO - SesionTerapiaComponent.get_pacientes_sesion - 1 pacientes encontrados
2025-07-29 15:05:57 - INFO - SesionTerapiaComponent.get_pacientes_sesion - 2 pacientes encontrados
2025-07-29 15:05:57 - INFO - SesionTerapiaService.get_sesiones - Sesiones obtenidas exitosamente
2025-07-29 15:05:57 - INFO - EspecialidadComponent.get_all_especialidades - 55 especialidades encontradas
2025-07-29 15:05:57 - INFO - EspecialidadService.get_especialidades - Especialidades obtenidas exitosamente
2025-07-29 15:05:57 - INFO - PersonalComponent.get_all_personal - 6 miembros del personal encontrados con especialidades
2025-07-29 15:05:57 - INFO - PersonalService.get_personal - Personal obtenido exitosamente
2025-07-29 15:05:59 - INFO - LoginComponent.get_user_by_id - Consulta para usuario ID: 1
2025-07-29 15:05:59 - INFO - SesionTerapiaService.delete_sesion - ID: 1
2025-07-29 15:05:59 - INFO - SesionTerapiaComponent.delete_sesion - Sesión 1 cancelada
2025-07-29 15:05:59 - INFO - SesionTerapiaService.delete_sesion - Sesión 1 cancelada
2025-07-29 15:05:59 - INFO - LoginComponent.get_user_by_id - Consulta para usuario ID: 1
2025-07-29 15:05:59 - INFO - SesionTerapiaService.get_sesiones - Iniciando
2025-07-29 15:06:00 - INFO - SesionTerapiaComponent.get_sesiones - Sesiones obtenidas exitosamente
2025-07-29 15:06:00 - INFO - LoginComponent.get_user_by_id - Consulta para usuario ID: 1
2025-07-29 15:06:00 - INFO - PacienteService.get_pacientes - Iniciando
2025-07-29 15:06:00 - INFO - PacienteComponent.get_all_pacientes - 9 pacientes encontrados
2025-07-29 15:06:00 - INFO - PacienteService.get_pacientes - Pacientes obtenidos exitosamente
2025-07-29 15:06:00 - INFO - SesionTerapiaComponent.get_pacientes_sesion - 0 pacientes encontrados
2025-07-29 15:06:00 - INFO - SesionTerapiaComponent.get_pacientes_sesion - 3 pacientes encontrados
2025-07-29 15:06:00 - INFO - LoginComponent.get_user_by_id - Consulta para usuario ID: 1
2025-07-29 15:06:00 - INFO - PersonalService.get_personal - Iniciando
2025-07-29 15:06:00 - INFO - LoginComponent.get_user_by_id - Consulta para usuario ID: 1
2025-07-29 15:06:00 - INFO - EspecialidadService.get_especialidades - Iniciando
2025-07-29 15:06:00 - INFO - SesionTerapiaComponent.get_pacientes_sesion - 1 pacientes encontrados
2025-07-29 15:06:00 - INFO - EspecialidadComponent.get_all_especialidades - 55 especialidades encontradas
2025-07-29 15:06:00 - INFO - EspecialidadService.get_especialidades - Especialidades obtenidas exitosamente
2025-07-29 15:06:00 - INFO - SesionTerapiaComponent.get_pacientes_sesion - 2 pacientes encontrados
2025-07-29 15:06:00 - INFO - SesionTerapiaComponent.get_pacientes_sesion - 1 pacientes encontrados
2025-07-29 15:06:00 - INFO - SesionTerapiaComponent.get_pacientes_sesion - 2 pacientes encontrados
2025-07-29 15:06:00 - INFO - SesionTerapiaService.get_sesiones - Sesiones obtenidas exitosamente
2025-07-29 15:06:00 - INFO - PersonalComponent.get_all_personal - 6 miembros del personal encontrados con especialidades
2025-07-29 15:06:00 - INFO - PersonalService.get_personal - Personal obtenido exitosamente
2025-07-29 15:06:02 - INFO - LoginComponent.get_user_by_id - Consulta para usuario ID: 1
2025-07-29 15:06:02 - INFO - SesionTerapiaService.delete_sesion - ID: 2
2025-07-29 15:06:02 - INFO - SesionTerapiaComponent.delete_sesion - Sesión 2 cancelada
2025-07-29 15:06:02 - INFO - SesionTerapiaService.delete_sesion - Sesión 2 cancelada
2025-07-29 15:06:03 - INFO - LoginComponent.get_user_by_id - Consulta para usuario ID: 1
2025-07-29 15:06:03 - INFO - SesionTerapiaService.get_sesiones - Iniciando
2025-07-29 15:06:03 - INFO - SesionTerapiaComponent.get_sesiones - Sesiones obtenidas exitosamente
2025-07-29 15:06:03 - INFO - SesionTerapiaComponent.get_pacientes_sesion - 0 pacientes encontrados
2025-07-29 15:06:03 - INFO - LoginComponent.get_user_by_id - Consulta para usuario ID: 1
2025-07-29 15:06:03 - INFO - PacienteService.get_pacientes - Iniciando
2025-07-29 15:06:03 - INFO - LoginComponent.get_user_by_id - Consulta para usuario ID: 1
2025-07-29 15:06:03 - INFO - EspecialidadService.get_especialidades - Iniciando
2025-07-29 15:06:03 - INFO - SesionTerapiaComponent.get_pacientes_sesion - 3 pacientes encontrados
2025-07-29 15:06:03 - INFO - EspecialidadComponent.get_all_especialidades - 55 especialidades encontradas
2025-07-29 15:06:03 - INFO - EspecialidadService.get_especialidades - Especialidades obtenidas exitosamente
2025-07-29 15:06:03 - INFO - PacienteComponent.get_all_pacientes - 9 pacientes encontrados
2025-07-29 15:06:03 - INFO - PacienteService.get_pacientes - Pacientes obtenidos exitosamente
2025-07-29 15:06:03 - INFO - SesionTerapiaComponent.get_pacientes_sesion - 1 pacientes encontrados
2025-07-29 15:06:03 - INFO - LoginComponent.get_user_by_id - Consulta para usuario ID: 1
2025-07-29 15:06:03 - INFO - PersonalService.get_personal - Iniciando
2025-07-29 15:06:03 - INFO - SesionTerapiaComponent.get_pacientes_sesion - 2 pacientes encontrados
2025-07-29 15:06:03 - INFO - SesionTerapiaComponent.get_pacientes_sesion - 1 pacientes encontrados
2025-07-29 15:06:03 - INFO - SesionTerapiaComponent.get_pacientes_sesion - 2 pacientes encontrados
2025-07-29 15:06:03 - INFO - SesionTerapiaService.get_sesiones - Sesiones obtenidas exitosamente
2025-07-29 15:06:03 - INFO - PersonalComponent.get_all_personal - 6 miembros del personal encontrados con especialidades
2025-07-29 15:06:03 - INFO - PersonalService.get_personal - Personal obtenido exitosamente
2025-07-29 15:06:06 - INFO - LoginComponent.get_user_by_id - Consulta para usuario ID: 1
2025-07-29 15:06:06 - INFO - SesionTerapiaService.delete_sesion - ID: 3
2025-07-29 15:06:06 - INFO - SesionTerapiaComponent.delete_sesion - Sesión 3 cancelada
2025-07-29 15:06:06 - INFO - SesionTerapiaService.delete_sesion - Sesión 3 cancelada
2025-07-29 15:06:06 - INFO - LoginComponent.get_user_by_id - Consulta para usuario ID: 1
2025-07-29 15:06:06 - INFO - SesionTerapiaService.get_sesiones - Iniciando
2025-07-29 15:06:06 - INFO - SesionTerapiaComponent.get_sesiones - Sesiones obtenidas exitosamente
2025-07-29 15:06:06 - INFO - LoginComponent.get_user_by_id - Consulta para usuario ID: 1
2025-07-29 15:06:06 - INFO - PacienteService.get_pacientes - Iniciando
2025-07-29 15:06:06 - INFO - SesionTerapiaComponent.get_pacientes_sesion - 0 pacientes encontrados
2025-07-29 15:06:06 - INFO - PacienteComponent.get_all_pacientes - 9 pacientes encontrados
2025-07-29 15:06:06 - INFO - PacienteService.get_pacientes - Pacientes obtenidos exitosamente
2025-07-29 15:06:07 - INFO - SesionTerapiaComponent.get_pacientes_sesion - 3 pacientes encontrados
2025-07-29 15:06:07 - INFO - LoginComponent.get_user_by_id - Consulta para usuario ID: 1
2025-07-29 15:06:07 - INFO - PersonalService.get_personal - Iniciando
2025-07-29 15:06:07 - INFO - LoginComponent.get_user_by_id - Consulta para usuario ID: 1
2025-07-29 15:06:07 - INFO - EspecialidadService.get_especialidades - Iniciando
2025-07-29 15:06:07 - INFO - SesionTerapiaComponent.get_pacientes_sesion - 1 pacientes encontrados
2025-07-29 15:06:07 - INFO - EspecialidadComponent.get_all_especialidades - 55 especialidades encontradas
2025-07-29 15:06:07 - INFO - EspecialidadService.get_especialidades - Especialidades obtenidas exitosamente
2025-07-29 15:06:07 - INFO - SesionTerapiaComponent.get_pacientes_sesion - 2 pacientes encontrados
2025-07-29 15:06:07 - INFO - SesionTerapiaComponent.get_pacientes_sesion - 1 pacientes encontrados
2025-07-29 15:06:07 - INFO - SesionTerapiaComponent.get_pacientes_sesion - 2 pacientes encontrados
2025-07-29 15:06:07 - INFO - SesionTerapiaService.get_sesiones - Sesiones obtenidas exitosamente
2025-07-29 15:06:07 - INFO - PersonalComponent.get_all_personal - 6 miembros del personal encontrados con especialidades
2025-07-29 15:06:07 - INFO - PersonalService.get_personal - Personal obtenido exitosamente
2025-07-29 15:06:09 - INFO - LoginComponent.get_user_by_id - Consulta para usuario ID: 1
2025-07-29 15:06:09 - INFO - SesionTerapiaService.delete_sesion - ID: 4
2025-07-29 15:06:09 - INFO - SesionTerapiaComponent.delete_sesion - Sesión 4 cancelada
2025-07-29 15:06:09 - INFO - SesionTerapiaService.delete_sesion - Sesión 4 cancelada
2025-07-29 15:06:10 - INFO - LoginComponent.get_user_by_id - Consulta para usuario ID: 1
2025-07-29 15:06:10 - INFO - SesionTerapiaService.get_sesiones - Iniciando
2025-07-29 15:06:10 - INFO - SesionTerapiaComponent.get_sesiones - Sesiones obtenidas exitosamente
2025-07-29 15:06:10 - INFO - SesionTerapiaComponent.get_pacientes_sesion - 0 pacientes encontrados
2025-07-29 15:06:10 - INFO - LoginComponent.get_user_by_id - Consulta para usuario ID: 1
2025-07-29 15:06:10 - INFO - LoginComponent.get_user_by_id - Consulta para usuario ID: 1
2025-07-29 15:06:10 - INFO - PersonalService.get_personal - Iniciando
2025-07-29 15:06:10 - INFO - PacienteService.get_pacientes - Iniciando
2025-07-29 15:06:10 - INFO - LoginComponent.get_user_by_id - Consulta para usuario ID: 1
2025-07-29 15:06:10 - INFO - EspecialidadService.get_especialidades - Iniciando
2025-07-29 15:06:10 - INFO - SesionTerapiaComponent.get_pacientes_sesion - 3 pacientes encontrados
2025-07-29 15:06:10 - INFO - EspecialidadComponent.get_all_especialidades - 55 especialidades encontradas
2025-07-29 15:06:10 - INFO - EspecialidadService.get_especialidades - Especialidades obtenidas exitosamente
2025-07-29 15:06:10 - INFO - PacienteComponent.get_all_pacientes - 9 pacientes encontrados
2025-07-29 15:06:10 - INFO - PacienteService.get_pacientes - Pacientes obtenidos exitosamente
2025-07-29 15:06:10 - INFO - SesionTerapiaComponent.get_pacientes_sesion - 1 pacientes encontrados
2025-07-29 15:06:10 - INFO - SesionTerapiaComponent.get_pacientes_sesion - 2 pacientes encontrados
2025-07-29 15:06:10 - INFO - SesionTerapiaComponent.get_pacientes_sesion - 1 pacientes encontrados
2025-07-29 15:06:10 - INFO - SesionTerapiaComponent.get_pacientes_sesion - 2 pacientes encontrados
2025-07-29 15:06:10 - INFO - SesionTerapiaService.get_sesiones - Sesiones obtenidas exitosamente
2025-07-29 15:06:10 - INFO - PersonalComponent.get_all_personal - 6 miembros del personal encontrados con especialidades
2025-07-29 15:06:10 - INFO - PersonalService.get_personal - Personal obtenido exitosamente
2025-07-29 15:06:12 - INFO - LoginComponent.get_user_by_id - Consulta para usuario ID: 1
2025-07-29 15:06:12 - INFO - SesionTerapiaService.delete_sesion - ID: 5
2025-07-29 15:06:12 - INFO - SesionTerapiaComponent.delete_sesion - Sesión 5 cancelada
2025-07-29 15:06:12 - INFO - SesionTerapiaService.delete_sesion - Sesión 5 cancelada
2025-07-29 15:06:13 - INFO - LoginComponent.get_user_by_id - Consulta para usuario ID: 1
2025-07-29 15:06:13 - INFO - SesionTerapiaService.get_sesiones - Iniciando
2025-07-29 15:06:13 - INFO - SesionTerapiaComponent.get_sesiones - Sesiones obtenidas exitosamente
2025-07-29 15:06:13 - INFO - SesionTerapiaComponent.get_pacientes_sesion - 0 pacientes encontrados
2025-07-29 15:06:13 - INFO - LoginComponent.get_user_by_id - Consulta para usuario ID: 1
2025-07-29 15:06:13 - INFO - PacienteService.get_pacientes - Iniciando
2025-07-29 15:06:13 - INFO - SesionTerapiaComponent.get_pacientes_sesion - 3 pacientes encontrados
2025-07-29 15:06:13 - INFO - PacienteComponent.get_all_pacientes - 9 pacientes encontrados
2025-07-29 15:06:13 - INFO - PacienteService.get_pacientes - Pacientes obtenidos exitosamente
2025-07-29 15:06:13 - INFO - SesionTerapiaComponent.get_pacientes_sesion - 1 pacientes encontrados
2025-07-29 15:06:13 - INFO - SesionTerapiaComponent.get_pacientes_sesion - 2 pacientes encontrados
2025-07-29 15:06:13 - INFO - LoginComponent.get_user_by_id - Consulta para usuario ID: 1
2025-07-29 15:06:13 - INFO - PersonalService.get_personal - Iniciando
2025-07-29 15:06:13 - INFO - LoginComponent.get_user_by_id - Consulta para usuario ID: 1
2025-07-29 15:06:13 - INFO - EspecialidadService.get_especialidades - Iniciando
2025-07-29 15:06:13 - INFO - SesionTerapiaComponent.get_pacientes_sesion - 1 pacientes encontrados
2025-07-29 15:06:13 - INFO - EspecialidadComponent.get_all_especialidades - 55 especialidades encontradas
2025-07-29 15:06:13 - INFO - EspecialidadService.get_especialidades - Especialidades obtenidas exitosamente
2025-07-29 15:06:13 - INFO - SesionTerapiaComponent.get_pacientes_sesion - 2 pacientes encontrados
2025-07-29 15:06:13 - INFO - SesionTerapiaService.get_sesiones - Sesiones obtenidas exitosamente
2025-07-29 15:06:14 - INFO - PersonalComponent.get_all_personal - 6 miembros del personal encontrados con especialidades
2025-07-29 15:06:14 - INFO - PersonalService.get_personal - Personal obtenido exitosamente
2025-07-29 15:13:26 - INFO - LoginComponent.get_user_by_id - Consulta para usuario ID: 1
2025-07-29 15:13:26 - INFO - LoginService.verify_token - Token verificado correctamente
2025-07-29 15:13:26 - INFO - LoginComponent.get_user_by_id - Consulta para usuario ID: 1
2025-07-29 15:13:26 - INFO - LoginService.verify_token - Token verificado correctamente
2025-07-29 15:13:27 - INFO - LoginComponent.get_user_by_id - Consulta para usuario ID: 1
2025-07-29 15:13:27 - INFO - Información solicitada para usuario: admin
2025-07-29 15:13:27 - INFO - LoginComponent.get_user_by_id - Consulta para usuario ID: 1
2025-07-29 15:13:27 - INFO - Información solicitada para usuario: admin
2025-07-29 15:13:29 - INFO - LoginComponent.get_user_by_id - Consulta para usuario ID: 1
2025-07-29 15:13:29 - INFO - SesionTerapiaService.get_sesiones - Iniciando
2025-07-29 15:13:29 - INFO - SesionTerapiaComponent.get_sesiones - Sesiones obtenidas exitosamente
2025-07-29 15:13:29 - INFO - SesionTerapiaComponent.get_pacientes_sesion - 0 pacientes encontrados
2025-07-29 15:13:29 - INFO - SesionTerapiaComponent.get_pacientes_sesion - 3 pacientes encontrados
2025-07-29 15:13:29 - INFO - SesionTerapiaComponent.get_pacientes_sesion - 1 pacientes encontrados
2025-07-29 15:13:29 - INFO - SesionTerapiaComponent.get_pacientes_sesion - 2 pacientes encontrados
2025-07-29 15:13:29 - INFO - SesionTerapiaComponent.get_pacientes_sesion - 1 pacientes encontrados
2025-07-29 15:13:29 - INFO - LoginComponent.get_user_by_id - Consulta para usuario ID: 1
2025-07-29 15:13:29 - INFO - PacienteService.get_pacientes - Iniciando
2025-07-29 15:13:29 - INFO - LoginComponent.get_user_by_id - Consulta para usuario ID: 1
2025-07-29 15:13:29 - INFO - EspecialidadService.get_especialidades - Iniciando
2025-07-29 15:13:29 - INFO - LoginComponent.get_user_by_id - Consulta para usuario ID: 1
2025-07-29 15:13:29 - INFO - PersonalService.get_personal - Iniciando
2025-07-29 15:13:29 - INFO - SesionTerapiaComponent.get_pacientes_sesion - 2 pacientes encontrados
2025-07-29 15:13:29 - INFO - SesionTerapiaService.get_sesiones - Sesiones obtenidas exitosamente
2025-07-29 15:13:29 - INFO - EspecialidadComponent.get_all_especialidades - 55 especialidades encontradas
2025-07-29 15:13:29 - INFO - EspecialidadService.get_especialidades - Especialidades obtenidas exitosamente
2025-07-29 15:13:29 - INFO - PacienteComponent.get_all_pacientes - 9 pacientes encontrados
2025-07-29 15:13:29 - INFO - PacienteService.get_pacientes - Pacientes obtenidos exitosamente
2025-07-29 15:13:29 - INFO - LoginComponent.get_user_by_id - Consulta para usuario ID: 1
2025-07-29 15:13:29 - INFO - SesionTerapiaService.get_sesiones - Iniciando
2025-07-29 15:13:29 - INFO - LoginComponent.get_user_by_id - Consulta para usuario ID: 1
2025-07-29 15:13:29 - INFO - LoginComponent.get_user_by_id - Consulta para usuario ID: 1
2025-07-29 15:13:29 - INFO - PacienteService.get_pacientes - Iniciando
2025-07-29 15:13:29 - INFO - EspecialidadService.get_especialidades - Iniciando
2025-07-29 15:13:29 - INFO - SesionTerapiaComponent.get_sesiones - Sesiones obtenidas exitosamente
2025-07-29 15:13:29 - INFO - EspecialidadComponent.get_all_especialidades - 55 especialidades encontradas
2025-07-29 15:13:29 - INFO - EspecialidadService.get_especialidades - Especialidades obtenidas exitosamente
2025-07-29 15:13:29 - INFO - PacienteComponent.get_all_pacientes - 9 pacientes encontrados
2025-07-29 15:13:29 - INFO - PacienteService.get_pacientes - Pacientes obtenidos exitosamente
2025-07-29 15:13:29 - INFO - PersonalComponent.get_all_personal - 6 miembros del personal encontrados con especialidades
2025-07-29 15:13:29 - INFO - SesionTerapiaComponent.get_pacientes_sesion - 0 pacientes encontrados
2025-07-29 15:13:29 - INFO - PersonalService.get_personal - Personal obtenido exitosamente
2025-07-29 15:13:29 - INFO - SesionTerapiaComponent.get_pacientes_sesion - 3 pacientes encontrados
2025-07-29 15:13:29 - INFO - SesionTerapiaComponent.get_pacientes_sesion - 1 pacientes encontrados
2025-07-29 15:13:29 - INFO - SesionTerapiaComponent.get_pacientes_sesion - 2 pacientes encontrados
2025-07-29 15:13:29 - INFO - SesionTerapiaComponent.get_pacientes_sesion - 1 pacientes encontrados
2025-07-29 15:13:30 - INFO - SesionTerapiaComponent.get_pacientes_sesion - 2 pacientes encontrados
2025-07-29 15:13:30 - INFO - SesionTerapiaService.get_sesiones - Sesiones obtenidas exitosamente
2025-07-29 15:13:30 - INFO - LoginComponent.get_user_by_id - Consulta para usuario ID: 1
2025-07-29 15:13:30 - INFO - PersonalService.get_personal - Iniciando
2025-07-29 15:13:30 - INFO - PersonalComponent.get_all_personal - 6 miembros del personal encontrados con especialidades
2025-07-29 15:13:30 - INFO - PersonalService.get_personal - Personal obtenido exitosamente
2025-07-29 15:14:09 - INFO - LoginComponent.get_user_by_id - Consulta para usuario ID: 1
2025-07-29 15:14:09 - INFO - SesionTerapiaService.create_sesion - Iniciando
2025-07-29 15:14:10 - INFO - SesionTerapiaComponent.create_sesion - Sesión creada con ID: 7, Código: ST-2025-007
2025-07-29 15:14:10 - INFO - Cronograma sesión 7: 10/12 generadas
2025-07-29 15:14:10 - INFO - SesionTerapiaComponent.generar_cronograma - 12 sesiones programadas para sesión 7
2025-07-29 15:14:10 - INFO - SesionTerapiaComponent.create_sesion - Cronograma generado para sesión 7
2025-07-29 15:14:11 - INFO - Cronograma sesión 7: 10/12 generadas
2025-07-29 15:14:11 - INFO - SesionTerapiaComponent.generar_cronograma - 12 sesiones programadas para sesión 7
2025-07-29 15:14:11 - INFO - SesionTerapiaService.create_sesion - Sesión creada con ID: 7
2025-07-29 15:14:11 - INFO - LoginComponent.get_user_by_id - Consulta para usuario ID: 1
2025-07-29 15:14:11 - INFO - LoginComponent.get_user_by_id - Consulta para usuario ID: 1
2025-07-29 15:14:11 - INFO - SesionTerapiaService.get_sesiones - Iniciando
2025-07-29 15:14:11 - INFO - PacienteService.get_pacientes - Iniciando
2025-07-29 15:14:11 - INFO - SesionTerapiaComponent.get_sesiones - Sesiones obtenidas exitosamente
2025-07-29 15:14:11 - INFO - SesionTerapiaComponent.get_pacientes_sesion - 0 pacientes encontrados
2025-07-29 15:14:11 - INFO - PacienteComponent.get_all_pacientes - 9 pacientes encontrados
2025-07-29 15:14:11 - INFO - SesionTerapiaComponent.get_pacientes_sesion - 0 pacientes encontrados
2025-07-29 15:14:11 - INFO - PacienteService.get_pacientes - Pacientes obtenidos exitosamente
2025-07-29 15:14:11 - INFO - SesionTerapiaComponent.get_pacientes_sesion - 2 pacientes encontrados
2025-07-29 15:14:11 - INFO - SesionTerapiaComponent.get_pacientes_sesion - 3 pacientes encontrados
2025-07-29 15:14:12 - INFO - LoginComponent.get_user_by_id - Consulta para usuario ID: 1
2025-07-29 15:14:12 - INFO - EspecialidadService.get_especialidades - Iniciando
2025-07-29 15:14:12 - INFO - LoginComponent.get_user_by_id - Consulta para usuario ID: 1
2025-07-29 15:14:12 - INFO - PersonalService.get_personal - Iniciando
2025-07-29 15:14:12 - INFO - SesionTerapiaComponent.get_pacientes_sesion - 2 pacientes encontrados
2025-07-29 15:14:12 - INFO - SesionTerapiaComponent.get_pacientes_sesion - 1 pacientes encontrados
2025-07-29 15:14:12 - INFO - SesionTerapiaComponent.get_pacientes_sesion - 1 pacientes encontrados
2025-07-29 15:14:12 - INFO - SesionTerapiaService.get_sesiones - Sesiones obtenidas exitosamente
2025-07-29 15:14:12 - INFO - EspecialidadComponent.get_all_especialidades - 55 especialidades encontradas
2025-07-29 15:14:12 - INFO - EspecialidadService.get_especialidades - Especialidades obtenidas exitosamente
2025-07-29 15:14:12 - INFO - PersonalComponent.get_all_personal - 6 miembros del personal encontrados con especialidades
2025-07-29 15:14:12 - INFO - PersonalService.get_personal - Personal obtenido exitosamente
2025-07-29 15:14:12 - INFO - LoginComponent.get_user_by_id - Consulta para usuario ID: 1
2025-07-29 15:14:12 - INFO - SesionTerapiaService.get_sesion - ID: 7
2025-07-29 15:14:13 - INFO - SesionTerapiaComponent.get_sesion_by_id - Sesión 7 encontrada
2025-07-29 15:14:13 - INFO - SesionTerapiaComponent.get_pacientes_sesion - 0 pacientes encontrados
2025-07-29 15:14:13 - INFO - LoginComponent.get_user_by_id - Consulta para usuario ID: 1
2025-07-29 15:14:13 - INFO - SesionTerapiaService.get_asistencias_por_sesion - Sesion ID: 7
2025-07-29 15:14:13 - INFO - SesionTerapiaComponent.get_asistencias_por_sesion - 0 asistencias encontradas para sesión 7
2025-07-29 15:14:13 - INFO - SesionTerapiaService.get_asistencias_por_sesion - 0 asistencias encontradas
2025-07-29 15:14:13 - INFO - SesionTerapiaComponent.get_cronograma_sesion - 12 sesiones programadas
2025-07-29 15:14:13 - INFO - SesionTerapiaService.get_sesion - Sesión 7 encontrada
2025-07-29 15:14:13 - INFO - LoginComponent.get_user_by_id - Consulta para usuario ID: 1
2025-07-29 15:14:13 - INFO - SesionTerapiaService.get_asistencias_por_sesion - Sesion ID: 7
2025-07-29 15:14:13 - INFO - SesionTerapiaComponent.get_asistencias_por_sesion - 0 asistencias encontradas para sesión 7
2025-07-29 15:14:13 - INFO - SesionTerapiaService.get_asistencias_por_sesion - 0 asistencias encontradas
2025-07-29 15:14:25 - INFO - LoginComponent.get_user_by_id - Consulta para usuario ID: 1
2025-07-29 15:14:25 - INFO - SesionTerapiaService.get_sesion - ID: 7
2025-07-29 15:14:25 - INFO - LoginComponent.get_user_by_id - Consulta para usuario ID: 1
2025-07-29 15:14:25 - INFO - SesionTerapiaService.get_asistencias_por_sesion - Sesion ID: 7
2025-07-29 15:14:25 - INFO - SesionTerapiaComponent.get_sesion_by_id - Sesión 7 encontrada
2025-07-29 15:14:25 - INFO - SesionTerapiaComponent.get_asistencias_por_sesion - 0 asistencias encontradas para sesión 7
2025-07-29 15:14:25 - INFO - SesionTerapiaService.get_asistencias_por_sesion - 0 asistencias encontradas
2025-07-29 15:14:25 - INFO - SesionTerapiaComponent.get_pacientes_sesion - 0 pacientes encontrados
2025-07-29 15:14:25 - INFO - SesionTerapiaComponent.get_cronograma_sesion - 12 sesiones programadas
2025-07-29 15:14:25 - INFO - SesionTerapiaService.get_sesion - Sesión 7 encontrada
2025-07-29 15:14:25 - INFO - LoginComponent.get_user_by_id - Consulta para usuario ID: 1
2025-07-29 15:14:25 - INFO - SesionTerapiaService.get_asistencias_por_sesion - Sesion ID: 7
2025-07-29 15:14:25 - INFO - SesionTerapiaComponent.get_asistencias_por_sesion - 0 asistencias encontradas para sesión 7
2025-07-29 15:14:25 - INFO - SesionTerapiaService.get_asistencias_por_sesion - 0 asistencias encontradas
2025-07-29 15:14:35 - INFO - LoginComponent.get_user_by_id - Consulta para usuario ID: 1
2025-07-29 15:14:35 - INFO - SesionTerapiaService.get_sesion - ID: 7
2025-07-29 15:14:35 - INFO - SesionTerapiaComponent.get_sesion_by_id - Sesión 7 encontrada
2025-07-29 15:14:35 - INFO - SesionTerapiaComponent.get_pacientes_sesion - 0 pacientes encontrados
2025-07-29 15:14:35 - INFO - SesionTerapiaComponent.get_cronograma_sesion - 12 sesiones programadas
2025-07-29 15:14:35 - INFO - SesionTerapiaService.get_sesion - Sesión 7 encontrada
2025-07-29 15:14:52 - INFO - LoginComponent.get_user_by_id - Consulta para usuario ID: 1
2025-07-29 15:14:52 - INFO - SesionTerapiaService.delete_sesion - ID: 7
2025-07-29 15:14:52 - INFO - SesionTerapiaComponent.delete_sesion - Sesión 7 cancelada
2025-07-29 15:14:52 - INFO - SesionTerapiaService.delete_sesion - Sesión 7 cancelada
2025-07-29 15:14:53 - INFO - LoginComponent.get_user_by_id - Consulta para usuario ID: 1
2025-07-29 15:14:53 - INFO - SesionTerapiaService.get_sesiones - Iniciando
2025-07-29 15:14:53 - INFO - SesionTerapiaComponent.get_sesiones - Sesiones obtenidas exitosamente
2025-07-29 15:14:53 - INFO - SesionTerapiaComponent.get_pacientes_sesion - 0 pacientes encontrados
2025-07-29 15:14:53 - INFO - LoginComponent.get_user_by_id - Consulta para usuario ID: 1
2025-07-29 15:14:53 - INFO - PacienteService.get_pacientes - Iniciando
2025-07-29 15:14:53 - INFO - SesionTerapiaComponent.get_pacientes_sesion - 0 pacientes encontrados
2025-07-29 15:14:53 - INFO - PacienteComponent.get_all_pacientes - 9 pacientes encontrados
2025-07-29 15:14:53 - INFO - PacienteService.get_pacientes - Pacientes obtenidos exitosamente
2025-07-29 15:14:53 - INFO - SesionTerapiaComponent.get_pacientes_sesion - 2 pacientes encontrados
2025-07-29 15:14:53 - INFO - SesionTerapiaComponent.get_pacientes_sesion - 3 pacientes encontrados
2025-07-29 15:14:53 - INFO - SesionTerapiaComponent.get_pacientes_sesion - 2 pacientes encontrados
2025-07-29 15:14:53 - INFO - LoginComponent.get_user_by_id - Consulta para usuario ID: 1
2025-07-29 15:14:53 - INFO - EspecialidadService.get_especialidades - Iniciando
2025-07-29 15:14:53 - INFO - LoginComponent.get_user_by_id - Consulta para usuario ID: 1
2025-07-29 15:14:53 - INFO - PersonalService.get_personal - Iniciando
2025-07-29 15:14:53 - INFO - SesionTerapiaComponent.get_pacientes_sesion - 1 pacientes encontrados
2025-07-29 15:14:53 - INFO - SesionTerapiaComponent.get_pacientes_sesion - 1 pacientes encontrados
2025-07-29 15:14:53 - INFO - SesionTerapiaService.get_sesiones - Sesiones obtenidas exitosamente
2025-07-29 15:14:53 - INFO - EspecialidadComponent.get_all_especialidades - 55 especialidades encontradas
2025-07-29 15:14:53 - INFO - EspecialidadService.get_especialidades - Especialidades obtenidas exitosamente
2025-07-29 15:14:53 - INFO - PersonalComponent.get_all_personal - 6 miembros del personal encontrados con especialidades
2025-07-29 15:14:53 - INFO - PersonalService.get_personal - Personal obtenido exitosamente
2025-07-29 15:15:46 - INFO - LoginComponent.get_user_by_id - Consulta para usuario ID: 1
2025-07-29 15:15:46 - INFO - SesionTerapiaService.create_sesion - Iniciando
2025-07-29 15:15:46 - INFO - SesionTerapiaComponent.create_sesion - Sesión creada con ID: 8, Código: ST-2025-008
2025-07-29 15:15:46 - INFO - Cronograma sesión 8: 10/12 generadas
2025-07-29 15:15:47 - INFO - SesionTerapiaComponent.generar_cronograma - 12 sesiones programadas para sesión 8
2025-07-29 15:15:47 - INFO - SesionTerapiaComponent.create_sesion - Cronograma generado para sesión 8
2025-07-29 15:15:47 - INFO - Cronograma sesión 8: 10/12 generadas
2025-07-29 15:15:47 - INFO - SesionTerapiaComponent.generar_cronograma - 12 sesiones programadas para sesión 8
2025-07-29 15:15:47 - INFO - SesionTerapiaService.create_sesion - Sesión creada con ID: 8
2025-07-29 15:15:48 - INFO - LoginComponent.get_user_by_id - Consulta para usuario ID: 1
2025-07-29 15:15:48 - INFO - LoginComponent.get_user_by_id - Consulta para usuario ID: 1
2025-07-29 15:15:48 - INFO - SesionTerapiaService.get_sesiones - Iniciando
2025-07-29 15:15:48 - INFO - PacienteService.get_pacientes - Iniciando
2025-07-29 15:15:48 - INFO - PacienteComponent.get_all_pacientes - 9 pacientes encontrados
2025-07-29 15:15:48 - INFO - PacienteService.get_pacientes - Pacientes obtenidos exitosamente
2025-07-29 15:15:48 - INFO - SesionTerapiaComponent.get_sesiones - Sesiones obtenidas exitosamente
2025-07-29 15:15:48 - INFO - SesionTerapiaComponent.get_pacientes_sesion - 0 pacientes encontrados
2025-07-29 15:15:48 - INFO - SesionTerapiaComponent.get_pacientes_sesion - 0 pacientes encontrados
2025-07-29 15:15:48 - INFO - SesionTerapiaComponent.get_pacientes_sesion - 0 pacientes encontrados
2025-07-29 15:15:48 - INFO - SesionTerapiaComponent.get_pacientes_sesion - 1 pacientes encontrados
2025-07-29 15:15:48 - INFO - LoginComponent.get_user_by_id - Consulta para usuario ID: 1
2025-07-29 15:15:48 - INFO - PersonalService.get_personal - Iniciando
2025-07-29 15:15:48 - INFO - SesionTerapiaComponent.get_pacientes_sesion - 3 pacientes encontrados
2025-07-29 15:15:48 - INFO - LoginComponent.get_user_by_id - Consulta para usuario ID: 1
2025-07-29 15:15:48 - INFO - EspecialidadService.get_especialidades - Iniciando
2025-07-29 15:15:48 - INFO - SesionTerapiaComponent.get_pacientes_sesion - 2 pacientes encontrados
2025-07-29 15:15:48 - INFO - EspecialidadComponent.get_all_especialidades - 55 especialidades encontradas
2025-07-29 15:15:48 - INFO - EspecialidadService.get_especialidades - Especialidades obtenidas exitosamente
2025-07-29 15:15:48 - INFO - SesionTerapiaComponent.get_pacientes_sesion - 1 pacientes encontrados
2025-07-29 15:15:48 - INFO - SesionTerapiaComponent.get_pacientes_sesion - 2 pacientes encontrados
2025-07-29 15:15:48 - INFO - SesionTerapiaService.get_sesiones - Sesiones obtenidas exitosamente
2025-07-29 15:15:48 - INFO - PersonalComponent.get_all_personal - 6 miembros del personal encontrados con especialidades
2025-07-29 15:15:48 - INFO - PersonalService.get_personal - Personal obtenido exitosamente
2025-07-29 15:15:49 - INFO - LoginComponent.get_user_by_id - Consulta para usuario ID: 1
2025-07-29 15:15:49 - INFO - SesionTerapiaService.get_sesion - ID: 8
2025-07-29 15:15:49 - INFO - LoginComponent.get_user_by_id - Consulta para usuario ID: 1
2025-07-29 15:15:49 - INFO - SesionTerapiaService.get_asistencias_por_sesion - Sesion ID: 8
2025-07-29 15:15:49 - INFO - SesionTerapiaComponent.get_sesion_by_id - Sesión 8 encontrada
2025-07-29 15:15:49 - INFO - SesionTerapiaComponent.get_asistencias_por_sesion - 0 asistencias encontradas para sesión 8
2025-07-29 15:15:49 - INFO - SesionTerapiaService.get_asistencias_por_sesion - 0 asistencias encontradas
2025-07-29 15:15:49 - INFO - SesionTerapiaComponent.get_pacientes_sesion - 0 pacientes encontrados
2025-07-29 15:15:49 - INFO - LoginComponent.get_user_by_id - Consulta para usuario ID: 1
2025-07-29 15:15:49 - INFO - SesionTerapiaService.get_asistencias_por_sesion - Sesion ID: 8
2025-07-29 15:15:49 - INFO - SesionTerapiaComponent.get_cronograma_sesion - 12 sesiones programadas
2025-07-29 15:15:49 - INFO - SesionTerapiaService.get_sesion - Sesión 8 encontrada
2025-07-29 15:15:49 - INFO - SesionTerapiaComponent.get_asistencias_por_sesion - 0 asistencias encontradas para sesión 8
2025-07-29 15:15:49 - INFO - SesionTerapiaService.get_asistencias_por_sesion - 0 asistencias encontradas
2025-07-29 15:16:17 - INFO - LoginComponent.get_user_by_id - Consulta para usuario ID: 1
2025-07-29 15:16:17 - INFO - SesionTerapiaService.get_cronograma_sesion - ID: 8
2025-07-29 15:16:17 - INFO - SesionTerapiaComponent.get_cronograma_sesion - 12 sesiones programadas
2025-07-29 15:16:17 - INFO - SesionTerapiaService.get_cronograma_sesion - Cronograma obtenido
2025-07-29 15:17:08 - INFO - LoginComponent.get_user_by_id - Consulta para usuario ID: 1
2025-07-29 15:17:08 - INFO - SesionTerapiaService.get_sesion - ID: 8
2025-07-29 15:17:08 - INFO - SesionTerapiaComponent.get_sesion_by_id - Sesión 8 encontrada
2025-07-29 15:17:08 - INFO - SesionTerapiaComponent.get_pacientes_sesion - 0 pacientes encontrados
2025-07-29 15:17:08 - INFO - SesionTerapiaComponent.get_cronograma_sesion - 12 sesiones programadas
2025-07-29 15:17:08 - INFO - SesionTerapiaService.get_sesion - Sesión 8 encontrada
2025-07-29 15:19:07 - INFO - app - Iniciando Sistema Tía Glenda Backend
2025-07-29 15:21:09 - INFO - LoginComponent.get_user_by_id - Consulta para usuario ID: 1
2025-07-29 15:21:09 - INFO - SesionTerapiaService.get_cronograma_sesion - ID: 8
2025-07-29 15:21:09 - INFO - SesionTerapiaComponent.get_cronograma_sesion - 12 sesiones programadas
2025-07-29 15:21:09 - INFO - SesionTerapiaService.get_cronograma_sesion - Cronograma obtenido
2025-07-29 15:22:22 - INFO - LoginComponent.get_user_by_id - Consulta para usuario ID: 1
2025-07-29 15:22:22 - INFO - SesionTerapiaService.create_sesion - Iniciando
2025-07-29 15:22:30 - INFO - LoginComponent.get_user_by_id - Consulta para usuario ID: 1
2025-07-29 15:22:30 - INFO - SesionTerapiaService.create_sesion - Iniciando
2025-07-29 15:22:43 - INFO - LoginComponent.get_user_by_id - Consulta para usuario ID: 1
2025-07-29 15:22:43 - INFO - SesionTerapiaService.create_sesion - Iniciando
2025-07-29 15:22:52 - INFO - LoginComponent.get_user_by_id - Consulta para usuario ID: 1
2025-07-29 15:22:52 - INFO - SesionTerapiaService.create_sesion - Iniciando
2025-07-29 15:23:29 - INFO - LoginService.login - Intento de autenticacion
2025-07-29 15:23:29 - INFO - LoginComponent.get_user_for_login - Busqueda para usuario: admin
2025-07-29 15:23:30 - INFO - LoginComponent.update_last_access - Actualizado para usuario ID: 1
2025-07-29 15:23:30 - INFO - LoginService.login - Autenticacion exitosa: admin
2025-07-29 15:23:32 - INFO - LoginComponent.get_user_by_id - Consulta para usuario ID: 1
2025-07-29 15:23:32 - INFO - EspecialidadService.get_especialidades - Iniciando
2025-07-29 15:23:32 - INFO - EspecialidadComponent.get_all_especialidades - 55 especialidades encontradas
2025-07-29 15:23:32 - INFO - EspecialidadService.get_especialidades - Especialidades obtenidas exitosamente
2025-07-29 15:23:34 - INFO - LoginComponent.get_user_by_id - Consulta para usuario ID: 1
2025-07-29 15:23:34 - INFO - SesionTerapiaService.get_terapeutas_disponibles - Iniciando
2025-07-29 15:23:34 - INFO - SesionTerapiaComponent.get_terapeutas_disponibles - 6 terapeutas disponibles
2025-07-29 15:23:34 - INFO - SesionTerapiaService.get_terapeutas_disponibles - 6 terapeutas disponibles
2025-07-29 15:23:36 - INFO - LoginComponent.get_user_by_id - Consulta para usuario ID: 1
2025-07-29 15:23:36 - INFO - SesionTerapiaService.get_pacientes_disponibles - Iniciando
2025-07-29 15:23:36 - INFO - SesionTerapiaComponent.get_pacientes_disponibles - 9 pacientes disponibles
2025-07-29 15:23:36 - INFO - SesionTerapiaService.get_pacientes_disponibles - 9 pacientes disponibles
2025-07-29 15:23:39 - INFO - LoginComponent.get_user_by_id - Consulta para usuario ID: 1
2025-07-29 15:23:39 - INFO - SesionTerapiaService.get_sesiones - Iniciando
2025-07-29 15:23:39 - INFO - SesionTerapiaComponent.get_sesiones - Sesiones obtenidas exitosamente
2025-07-29 15:23:39 - INFO - SesionTerapiaComponent.get_pacientes_sesion - 0 pacientes encontrados
2025-07-29 15:23:39 - INFO - SesionTerapiaComponent.get_pacientes_sesion - 0 pacientes encontrados
2025-07-29 15:23:39 - INFO - SesionTerapiaComponent.get_pacientes_sesion - 0 pacientes encontrados
2025-07-29 15:23:39 - INFO - SesionTerapiaComponent.get_pacientes_sesion - 1 pacientes encontrados
2025-07-29 15:23:39 - INFO - SesionTerapiaComponent.get_pacientes_sesion - 3 pacientes encontrados
2025-07-29 15:23:39 - INFO - SesionTerapiaComponent.get_pacientes_sesion - 2 pacientes encontrados
2025-07-29 15:23:39 - INFO - SesionTerapiaComponent.get_pacientes_sesion - 1 pacientes encontrados
2025-07-29 15:23:39 - INFO - SesionTerapiaComponent.get_pacientes_sesion - 2 pacientes encontrados
2025-07-29 15:23:39 - INFO - SesionTerapiaService.get_sesiones - Sesiones obtenidas exitosamente
2025-07-29 15:23:41 - INFO - LoginComponent.get_user_by_id - Consulta para usuario ID: 1
2025-07-29 15:23:41 - INFO - SesionTerapiaService.create_sesion - Iniciando
2025-07-29 15:23:44 - INFO - LoginComponent.get_user_by_id - Consulta para usuario ID: 1
2025-07-29 15:23:44 - INFO - SesionTerapiaService.get_sesiones - Iniciando
2025-07-29 15:23:44 - INFO - SesionTerapiaComponent.get_sesiones - Sesiones obtenidas exitosamente
2025-07-29 15:23:44 - INFO - SesionTerapiaComponent.get_pacientes_sesion - 0 pacientes encontrados
2025-07-29 15:23:44 - INFO - SesionTerapiaComponent.get_pacientes_sesion - 0 pacientes encontrados
2025-07-29 15:23:44 - INFO - SesionTerapiaComponent.get_pacientes_sesion - 0 pacientes encontrados
2025-07-29 15:23:45 - INFO - SesionTerapiaComponent.get_pacientes_sesion - 1 pacientes encontrados
2025-07-29 15:23:45 - INFO - SesionTerapiaComponent.get_pacientes_sesion - 3 pacientes encontrados
2025-07-29 15:23:45 - INFO - SesionTerapiaComponent.get_pacientes_sesion - 2 pacientes encontrados
2025-07-29 15:23:45 - INFO - SesionTerapiaComponent.get_pacientes_sesion - 1 pacientes encontrados
2025-07-29 15:23:45 - INFO - SesionTerapiaComponent.get_pacientes_sesion - 2 pacientes encontrados
2025-07-29 15:23:45 - INFO - SesionTerapiaService.get_sesiones - Sesiones obtenidas exitosamente
2025-07-29 15:23:47 - INFO - LoginComponent.get_user_by_id - Consulta para usuario ID: 1
2025-07-29 15:23:47 - INFO - SesionTerapiaService.create_sesion - Iniciando
2025-07-29 15:23:51 - INFO - LoginComponent.get_user_by_id - Consulta para usuario ID: 1
2025-07-29 15:23:51 - INFO - SesionTerapiaService.get_estadisticas - Iniciando
2025-07-29 15:23:51 - INFO - SesionTerapiaComponent.get_estadisticas_sesiones - Estadísticas obtenidas
2025-07-29 15:23:51 - INFO - SesionTerapiaService.get_estadisticas - Estadísticas obtenidas
2025-07-29 15:23:54 - INFO - LoginComponent.get_user_by_id - Consulta para usuario ID: 1
2025-07-29 15:23:54 - INFO - SesionTerapiaService.get_sesiones_hoy - Iniciando
2025-07-29 15:23:54 - INFO - SesionTerapiaComponent.get_sesiones_activas_hoy - 0 sesiones hoy
2025-07-29 15:23:54 - INFO - SesionTerapiaService.get_sesiones_hoy - 0 sesiones hoy
2025-07-29 15:23:56 - INFO - LoginComponent.get_user_by_id - Consulta para usuario ID: 1
2025-07-29 15:23:56 - INFO - SesionTerapiaService.get_sesiones_by_terapeuta - ID: 1
2025-07-29 15:23:56 - INFO - SesionTerapiaComponent.get_sesiones_by_terapeuta - 1 sesiones encontradas
2025-07-29 15:23:56 - INFO - SesionTerapiaService.get_sesiones_by_terapeuta - Sesiones obtenidas
2025-07-29 15:24:48 - INFO - app - Iniciando Sistema Tía Glenda Backend
2025-07-29 19:02:25 - INFO - LoginService.login - Intento de autenticacion
2025-07-29 19:02:25 - INFO - LoginComponent.get_user_for_login - Busqueda para usuario: admin
2025-07-29 19:02:25 - INFO - LoginComponent.update_last_access - Actualizado para usuario ID: 1
2025-07-29 19:02:25 - INFO - LoginService.login - Autenticacion exitosa: admin
2025-07-29 19:02:30 - INFO - LoginService.login - Intento de autenticacion
2025-07-29 19:02:30 - INFO - LoginComponent.get_user_for_login - Busqueda para usuario: admin
2025-07-29 19:02:30 - INFO - LoginComponent.update_last_access - Actualizado para usuario ID: 1
2025-07-29 19:02:30 - INFO - LoginService.login - Autenticacion exitosa: admin
2025-07-29 19:02:33 - INFO - LoginService.login - Intento de autenticacion
2025-07-29 19:02:34 - INFO - LoginComponent.get_user_for_login - Busqueda para usuario: admin
2025-07-29 19:02:34 - INFO - LoginComponent.update_last_access - Actualizado para usuario ID: 1
2025-07-29 19:02:34 - INFO - LoginService.login - Autenticacion exitosa: admin
2025-07-29 19:02:36 - INFO - LoginService.login - Intento de autenticacion
2025-07-29 19:02:36 - INFO - LoginComponent.get_user_for_login - Busqueda para usuario: usuario_inexistente
2025-07-29 19:02:36 - INFO - LoginService.login - Usuario no encontrado: usuario_inexistente
2025-07-29 19:02:39 - INFO - LoginService.login - Intento de autenticacion
2025-07-29 19:02:39 - INFO - LoginComponent.get_user_for_login - Busqueda para usuario: usuario_inexistente
2025-07-29 19:02:39 - INFO - LoginService.login - Usuario no encontrado: usuario_inexistente
2025-07-29 19:02:41 - INFO - LoginComponent.get_user_by_id - Consulta para usuario ID: 1
2025-07-29 19:02:41 - INFO - LoginService.verify_token - Token verificado correctamente
2025-07-29 19:02:45 - INFO - LoginComponent.get_user_by_id - Consulta para usuario ID: 1
2025-07-29 19:02:45 - INFO - LoginService.verify_token - Token verificado correctamente
2025-07-29 19:02:47 - INFO - LoginComponent.get_user_by_id - Consulta para usuario ID: 1
2025-07-29 19:02:47 - INFO - Información solicitada para usuario: admin
2025-07-29 19:02:50 - INFO - LoginComponent.get_user_by_id - Consulta para usuario ID: 1
2025-07-29 19:02:50 - INFO - Información solicitada para usuario: admin
2025-07-29 19:02:52 - INFO - LoginComponent.get_user_by_id - Consulta para usuario ID: 1
2025-07-29 19:02:52 - INFO - Logout solicitado
2025-07-29 19:02:55 - INFO - LoginComponent.get_user_by_id - Consulta para usuario ID: 1
2025-07-29 19:02:55 - INFO - Logout solicitado
2025-07-29 19:02:57 - INFO - LoginService.login - Intento de autenticacion
2025-07-29 19:02:57 - INFO - LoginComponent.get_user_for_login - Busqueda para usuario: admin
2025-07-29 19:02:58 - INFO - LoginComponent.update_last_access - Actualizado para usuario ID: 1
2025-07-29 19:02:58 - INFO - LoginService.login - Autenticacion exitosa: admin
2025-07-29 19:03:00 - INFO - LoginComponent.get_user_by_id - Consulta para usuario ID: 1
2025-07-29 19:03:00 - INFO - LoginService.verify_token - Token verificado correctamente
2025-07-29 19:03:02 - INFO - LoginComponent.get_user_by_id - Consulta para usuario ID: 1
2025-07-29 19:03:02 - INFO - Información solicitada para usuario: admin
2025-07-29 19:03:04 - INFO - LoginComponent.get_user_by_id - Consulta para usuario ID: 1
2025-07-29 19:03:04 - INFO - RolService.get_roles - Iniciando
2025-07-29 19:03:04 - INFO - RolService.get_roles - 4 roles encontrados
2025-07-29 19:03:06 - INFO - LoginComponent.get_user_by_id - Consulta para usuario ID: 1
2025-07-29 19:03:06 - INFO - Logout solicitado
2025-07-29 19:03:09 - INFO - LoginService.login - Intento de autenticacion
2025-07-29 19:03:09 - INFO - LoginComponent.get_user_for_login - Busqueda para usuario: admin
2025-07-29 19:03:10 - INFO - LoginComponent.update_last_access - Actualizado para usuario ID: 1
2025-07-29 19:03:10 - INFO - LoginService.login - Autenticacion exitosa: admin
2025-07-29 19:03:12 - INFO - LoginComponent.get_user_by_id - Consulta para usuario ID: 1
2025-07-29 19:03:12 - INFO - LoginService.verify_token - Token verificado correctamente
2025-07-29 19:03:14 - INFO - LoginComponent.get_user_by_id - Consulta para usuario ID: 1
2025-07-29 19:03:14 - INFO - Información solicitada para usuario: admin
2025-07-29 19:03:16 - INFO - LoginComponent.get_user_by_id - Consulta para usuario ID: 1
2025-07-29 19:03:16 - INFO - RolService.get_roles - Iniciando
2025-07-29 19:03:16 - INFO - RolService.get_roles - 4 roles encontrados
2025-07-29 19:03:18 - INFO - LoginComponent.get_user_by_id - Consulta para usuario ID: 1
2025-07-29 19:03:18 - INFO - Logout solicitado
2025-07-29 19:03:21 - INFO - LoginService.login - Intento de autenticacion
2025-07-29 19:03:21 - INFO - LoginComponent.get_user_for_login - Busqueda para usuario: usuario_inexistente
2025-07-29 19:03:21 - INFO - LoginService.login - Usuario no encontrado: usuario_inexistente
2025-07-29 19:03:24 - INFO - LoginService.login - Intento de autenticacion
2025-07-29 19:03:24 - INFO - LoginComponent.get_user_for_login - Busqueda para usuario: usuario_inexistente
2025-07-29 19:03:24 - INFO - LoginService.login - Usuario no encontrado: usuario_inexistente
2025-07-29 19:03:28 - INFO - LoginService.login - Intento de autenticacion
2025-07-29 19:03:28 - INFO - LoginComponent.get_user_for_login - Busqueda para usuario: admin
2025-07-29 19:03:29 - INFO - LoginComponent.update_last_access - Actualizado para usuario ID: 1
2025-07-29 19:03:29 - INFO - LoginService.login - Autenticacion exitosa: admin
2025-07-29 19:03:32 - INFO - LoginService.login - Intento de autenticacion
2025-07-29 19:03:32 - INFO - LoginComponent.get_user_for_login - Busqueda para usuario: admin
2025-07-29 19:03:32 - INFO - LoginComponent.update_last_access - Actualizado para usuario ID: 1
2025-07-29 19:03:32 - INFO - LoginService.login - Autenticacion exitosa: admin
2025-07-29 19:03:34 - INFO - LoginComponent.get_user_by_id - Consulta para usuario ID: 1
2025-07-29 19:03:34 - INFO - RolService.get_roles - Iniciando
2025-07-29 19:03:34 - INFO - RolService.get_roles - 4 roles encontrados
2025-07-29 19:03:37 - INFO - LoginComponent.get_user_by_id - Consulta para usuario ID: 1
2025-07-29 19:03:37 - INFO - RolService.get_roles - Iniciando
2025-07-29 19:03:38 - INFO - RolService.get_roles - 4 roles encontrados
2025-07-29 19:03:47 - INFO - LoginComponent.get_user_by_id - Consulta para usuario ID: 1
2025-07-29 19:03:47 - INFO - UsuarioService.get_usuarios - Iniciando
2025-07-29 19:03:47 - INFO - UsuarioComponent.get_all_usuarios - 8 usuarios encontrados
2025-07-29 19:03:47 - INFO - UsuarioService.get_usuarios - Usuarios obtenidos exitosamente
2025-07-29 19:03:50 - INFO - LoginComponent.get_user_by_id - Consulta para usuario ID: 1
2025-07-29 19:03:50 - INFO - UsuarioService.get_usuarios - Iniciando
2025-07-29 19:03:50 - INFO - UsuarioComponent.get_all_usuarios - 8 usuarios encontrados
2025-07-29 19:03:50 - INFO - UsuarioService.get_usuarios - Usuarios obtenidos exitosamente
2025-07-29 19:03:53 - INFO - LoginComponent.get_user_by_id - Consulta para usuario ID: 1
2025-07-29 19:03:53 - INFO - RolService.get_roles - Iniciando
2025-07-29 19:03:53 - INFO - RolService.get_roles - 4 roles encontrados
2025-07-29 19:03:55 - INFO - LoginComponent.get_user_by_id - Consulta para usuario ID: 1
2025-07-29 19:03:55 - INFO - RolService.get_roles - Iniciando
2025-07-29 19:03:55 - INFO - RolService.get_roles - 4 roles encontrados
2025-07-29 19:03:57 - INFO - LoginComponent.get_user_by_id - Consulta para usuario ID: 1
2025-07-29 19:03:57 - INFO - RolService.get_roles - Iniciando
2025-07-29 19:03:57 - INFO - RolService.get_roles - 4 roles encontrados
2025-07-29 19:03:59 - INFO - LoginComponent.get_user_by_id - Consulta para usuario ID: 1
2025-07-29 19:03:59 - INFO - RolService.get_roles - Iniciando
2025-07-29 19:03:59 - INFO - RolService.get_roles - 4 roles encontrados
2025-07-29 19:04:01 - INFO - LoginComponent.get_user_by_id - Consulta para usuario ID: 1
2025-07-29 19:04:01 - INFO - RolService.get_roles - Iniciando
2025-07-29 19:04:02 - INFO - RolService.get_roles - 4 roles encontrados
2025-07-29 19:04:05 - INFO - LoginComponent.get_user_by_id - Consulta para usuario ID: 1
2025-07-29 19:04:05 - INFO - RolService.get_roles - Iniciando
2025-07-29 19:04:05 - INFO - RolService.get_roles - 4 roles encontrados
2025-07-29 19:04:07 - INFO - LoginComponent.get_user_by_id - Consulta para usuario ID: 1
2025-07-29 19:04:07 - INFO - RolService.get_roles - Iniciando
2025-07-29 19:04:07 - INFO - RolService.get_roles - 4 roles encontrados
2025-07-29 19:04:09 - INFO - LoginComponent.get_user_by_id - Consulta para usuario ID: 1
2025-07-29 19:04:09 - INFO - RolService.get_roles - Iniciando
2025-07-29 19:04:09 - INFO - RolService.get_roles - 4 roles encontrados
2025-07-29 19:04:11 - INFO - LoginComponent.get_user_by_id - Consulta para usuario ID: 1
2025-07-29 19:04:11 - INFO - RolService.get_roles - Iniciando
2025-07-29 19:04:11 - INFO - RolService.get_roles - 4 roles encontrados
2025-07-29 19:04:14 - INFO - LoginComponent.get_user_by_id - Consulta para usuario ID: 1
2025-07-29 19:04:14 - INFO - RolService.get_roles - Iniciando
2025-07-29 19:04:14 - INFO - RolService.get_roles - 4 roles encontrados
2025-07-29 19:04:18 - INFO - LoginService.login - Intento de autenticacion
2025-07-29 19:04:18 - INFO - LoginComponent.get_user_for_login - Busqueda para usuario: admin
2025-07-29 19:04:19 - INFO - LoginComponent.update_last_access - Actualizado para usuario ID: 1
2025-07-29 19:04:19 - INFO - LoginService.login - Autenticacion exitosa: admin
2025-07-29 19:04:22 - INFO - LoginService.login - Intento de autenticacion
2025-07-29 19:04:22 - INFO - LoginComponent.get_user_for_login - Busqueda para usuario: admin
2025-07-29 19:04:23 - INFO - LoginComponent.update_last_access - Actualizado para usuario ID: 1
2025-07-29 19:04:23 - INFO - LoginService.login - Autenticacion exitosa: admin
2025-07-29 19:04:25 - INFO - LoginComponent.get_user_by_id - Consulta para usuario ID: 1
2025-07-29 19:04:25 - INFO - PersonaService.get_personas - Iniciando
2025-07-29 19:04:25 - INFO - PersonaComponent.get_all_personas - 26 personas encontradas
2025-07-29 19:04:25 - INFO - PersonaService.get_personas - Personas obtenidas exitosamente
2025-07-29 19:04:28 - INFO - LoginComponent.get_user_by_id - Consulta para usuario ID: 1
2025-07-29 19:04:28 - INFO - PersonaService.get_personas - Iniciando
2025-07-29 19:04:28 - INFO - PersonaComponent.get_all_personas - 26 personas encontradas
2025-07-29 19:04:28 - INFO - PersonaService.get_personas - Personas obtenidas exitosamente
2025-07-29 19:04:29 - INFO - LoginService.login - Intento de autenticacion
2025-07-29 19:04:29 - INFO - LoginComponent.get_user_for_login - Busqueda para usuario: admin
2025-07-29 19:04:29 - INFO - LoginComponent.update_last_access - Actualizado para usuario ID: 1
2025-07-29 19:04:29 - INFO - LoginService.login - Autenticacion exitosa: admin
2025-07-29 19:04:30 - INFO - LoginComponent.get_user_by_id - Consulta para usuario ID: 1
2025-07-29 19:04:30 - INFO - PersonaService.get_personas_disponibles - Iniciando
2025-07-29 19:04:30 - INFO - PersonaComponent.get_personas_disponibles_para_usuario - 18 personas disponibles
2025-07-29 19:04:30 - INFO - PersonaService.get_personas_disponibles - Personas disponibles obtenidas
2025-07-29 19:04:31 - INFO - LoginComponent.get_user_by_id - Consulta para usuario ID: 1
2025-07-29 19:04:31 - INFO - EspecialidadService.get_especialidades - Iniciando
2025-07-29 19:04:32 - INFO - EspecialidadComponent.get_all_especialidades - 55 especialidades encontradas
2025-07-29 19:04:32 - INFO - EspecialidadService.get_especialidades - Especialidades obtenidas exitosamente
2025-07-29 19:04:34 - INFO - LoginComponent.get_user_by_id - Consulta para usuario ID: 1
2025-07-29 19:04:34 - INFO - PersonaService.get_personas_disponibles - Iniciando
2025-07-29 19:04:34 - INFO - PersonaComponent.get_personas_disponibles_para_usuario - 18 personas disponibles
2025-07-29 19:04:34 - INFO - PersonaService.get_personas_disponibles - Personas disponibles obtenidas
2025-07-29 19:04:34 - INFO - LoginComponent.get_user_by_id - Consulta para usuario ID: 1
2025-07-29 19:04:34 - INFO - SesionTerapiaService.get_terapeutas_disponibles - Iniciando
2025-07-29 19:04:34 - INFO - SesionTerapiaComponent.get_terapeutas_disponibles - 6 terapeutas disponibles
2025-07-29 19:04:34 - INFO - SesionTerapiaService.get_terapeutas_disponibles - 6 terapeutas disponibles
2025-07-29 19:04:36 - INFO - LoginComponent.get_user_by_id - Consulta para usuario ID: 1
2025-07-29 19:04:36 - INFO - PersonaService.create_persona - Iniciando
2025-07-29 19:04:36 - INFO - LoginComponent.get_user_by_id - Consulta para usuario ID: 1
2025-07-29 19:04:36 - INFO - SesionTerapiaService.get_pacientes_disponibles - Iniciando
2025-07-29 19:04:36 - INFO - SesionTerapiaComponent.get_pacientes_disponibles - 9 pacientes disponibles
2025-07-29 19:04:36 - INFO - SesionTerapiaService.get_pacientes_disponibles - 9 pacientes disponibles
2025-07-29 19:04:38 - INFO - LoginComponent.get_user_by_id - Consulta para usuario ID: 1
2025-07-29 19:04:38 - INFO - SesionTerapiaService.get_sesiones - Iniciando
2025-07-29 19:04:38 - INFO - SesionTerapiaComponent.get_sesiones - Sesiones obtenidas exitosamente
2025-07-29 19:04:38 - INFO - SesionTerapiaComponent.get_pacientes_sesion - 0 pacientes encontrados
2025-07-29 19:04:39 - INFO - SesionTerapiaComponent.get_pacientes_sesion - 0 pacientes encontrados
2025-07-29 19:04:39 - INFO - SesionTerapiaComponent.get_pacientes_sesion - 0 pacientes encontrados
2025-07-29 19:04:39 - INFO - SesionTerapiaComponent.get_pacientes_sesion - 1 pacientes encontrados
2025-07-29 19:04:39 - INFO - SesionTerapiaComponent.get_pacientes_sesion - 3 pacientes encontrados
2025-07-29 19:04:39 - INFO - SesionTerapiaComponent.get_pacientes_sesion - 2 pacientes encontrados
2025-07-29 19:04:39 - INFO - SesionTerapiaComponent.get_pacientes_sesion - 1 pacientes encontrados
2025-07-29 19:04:39 - INFO - LoginComponent.get_user_by_id - Consulta para usuario ID: 1
2025-07-29 19:04:39 - INFO - PersonaService.create_persona - Iniciando
2025-07-29 19:04:39 - INFO - SesionTerapiaComponent.get_pacientes_sesion - 2 pacientes encontrados
2025-07-29 19:04:39 - INFO - SesionTerapiaService.get_sesiones - Sesiones obtenidas exitosamente
2025-07-29 19:04:41 - INFO - LoginComponent.get_user_by_id - Consulta para usuario ID: 1
2025-07-29 19:04:41 - INFO - SesionTerapiaService.create_sesion - Iniciando
2025-07-29 19:04:41 - INFO - SesionTerapiaComponent.create_sesion - Sesión creada con ID: 15, Código: ST-2025-009
2025-07-29 19:04:42 - INFO - Cronograma sesión 15: 10/12 generadas
2025-07-29 19:04:42 - INFO - SesionTerapiaComponent.generar_cronograma - 12 sesiones programadas para sesión 15
2025-07-29 19:04:42 - INFO - SesionTerapiaComponent.create_sesion - Cronograma generado para sesión 15
2025-07-29 19:04:43 - INFO - Cronograma sesión 15: 10/12 generadas
2025-07-29 19:04:43 - INFO - SesionTerapiaComponent.generar_cronograma - 12 sesiones programadas para sesión 15
2025-07-29 19:04:43 - INFO - SesionTerapiaComponent.add_paciente_to_sesion - Paciente 9 agregado a sesión 15
2025-07-29 19:04:43 - INFO - SesionTerapiaService.create_sesion - Sesión creada con ID: 15
2025-07-29 19:04:45 - INFO - LoginService.login - Intento de autenticacion
2025-07-29 19:04:45 - INFO - LoginComponent.get_user_for_login - Busqueda para usuario: admin
2025-07-29 19:04:45 - INFO - LoginComponent.get_user_by_id - Consulta para usuario ID: 1
2025-07-29 19:04:45 - INFO - SesionTerapiaService.get_sesion - ID: 15
2025-07-29 19:04:45 - INFO - SesionTerapiaComponent.get_sesion_by_id - Sesión 15 encontrada
2025-07-29 19:04:45 - INFO - SesionTerapiaComponent.get_pacientes_sesion - 1 pacientes encontrados
2025-07-29 19:04:45 - INFO - LoginComponent.update_last_access - Actualizado para usuario ID: 1
2025-07-29 19:04:45 - INFO - LoginService.login - Autenticacion exitosa: admin
2025-07-29 19:04:45 - INFO - SesionTerapiaComponent.get_cronograma_sesion - 12 sesiones programadas
2025-07-29 19:04:45 - INFO - SesionTerapiaService.get_sesion - Sesión 15 encontrada
2025-07-29 19:04:48 - INFO - LoginComponent.get_user_by_id - Consulta para usuario ID: 1
2025-07-29 19:04:48 - INFO - SesionTerapiaService.update_sesion - ID: 15
2025-07-29 19:04:48 - INFO - SesionTerapiaComponent.get_sesion_by_id - Sesión 15 encontrada
2025-07-29 19:04:48 - INFO - SesionTerapiaComponent.update_sesion - Sesión 15 actualizada
2025-07-29 19:04:48 - INFO - SesionTerapiaService.update_sesion - Cambios en cronograma detectados, actualizando...
2025-07-29 19:04:48 - INFO - SesionTerapiaComponent.actualizar_cronograma_inteligente - Sesión ID: 15
2025-07-29 19:04:48 - INFO - SesionTerapiaComponent.get_cronograma_sesion - 12 sesiones programadas
2025-07-29 19:04:48 - INFO - LoginService.login - Intento de autenticacion
2025-07-29 19:04:49 - INFO - LoginComponent.get_user_for_login - Busqueda para usuario: admin
2025-07-29 19:04:49 - INFO - Eliminada sesión futura del 2025-07-30 sin asistencias
2025-07-29 19:04:49 - INFO - Eliminada sesión futura del 2025-08-01 sin asistencias
2025-07-29 19:04:49 - INFO - Eliminada sesión futura del 2025-08-04 sin asistencias
2025-07-29 19:04:49 - INFO - LoginComponent.update_last_access - Actualizado para usuario ID: 1
2025-07-29 19:04:49 - INFO - LoginService.login - Autenticacion exitosa: admin
2025-07-29 19:04:49 - INFO - Eliminada sesión futura del 2025-08-06 sin asistencias
2025-07-29 19:04:49 - INFO - Eliminada sesión futura del 2025-08-08 sin asistencias
2025-07-29 19:04:49 - INFO - Eliminada sesión futura del 2025-08-11 sin asistencias
2025-07-29 19:04:49 - INFO - Eliminada sesión futura del 2025-08-13 sin asistencias
2025-07-29 19:04:50 - INFO - Eliminada sesión futura del 2025-08-15 sin asistencias
2025-07-29 19:04:50 - INFO - Eliminada sesión futura del 2025-08-18 sin asistencias
2025-07-29 19:04:50 - INFO - Eliminada sesión futura del 2025-08-20 sin asistencias
2025-07-29 19:04:50 - INFO - Eliminada sesión futura del 2025-08-22 sin asistencias
2025-07-29 19:04:50 - INFO - Eliminada sesión futura del 2025-08-25 sin asistencias
2025-07-29 19:04:51 - INFO - SesionTerapiaComponent.actualizar_cronograma_inteligente - Cronograma actualizado preservando asistencias
2025-07-29 19:04:51 - INFO - SesionTerapiaService.update_sesion - Sesión 15 actualizada
2025-07-29 19:04:51 - INFO - LoginComponent.get_user_by_id - Consulta para usuario ID: 1
2025-07-29 19:04:51 - INFO - EspecialidadService.get_especialidades - Iniciando
2025-07-29 19:04:51 - INFO - EspecialidadComponent.get_all_especialidades - 55 especialidades encontradas
2025-07-29 19:04:51 - INFO - EspecialidadService.get_especialidades - Especialidades obtenidas exitosamente
2025-07-29 19:04:53 - INFO - LoginComponent.get_user_by_id - Consulta para usuario ID: 1
2025-07-29 19:04:53 - INFO - SesionTerapiaService.get_cronograma_sesion - ID: 15
2025-07-29 19:04:53 - INFO - SesionTerapiaComponent.get_cronograma_sesion - 0 sesiones programadas
2025-07-29 19:04:53 - INFO - SesionTerapiaService.get_cronograma_sesion - Cronograma obtenido
2025-07-29 19:04:54 - INFO - LoginComponent.get_user_by_id - Consulta para usuario ID: 1
2025-07-29 19:04:54 - INFO - EspecialidadService.get_especialidades - Iniciando
2025-07-29 19:04:54 - INFO - EspecialidadComponent.get_all_especialidades - 55 especialidades encontradas
2025-07-29 19:04:54 - INFO - EspecialidadService.get_especialidades - Especialidades obtenidas exitosamente
2025-07-29 19:04:56 - INFO - LoginComponent.get_user_by_id - Consulta para usuario ID: 1
2025-07-29 19:04:56 - INFO - SesionTerapiaService.get_cronograma_sesion - ID: 15
2025-07-29 19:04:56 - INFO - SesionTerapiaComponent.get_cronograma_sesion - 0 sesiones programadas
2025-07-29 19:04:56 - INFO - SesionTerapiaService.get_cronograma_sesion - Cronograma obtenido
2025-07-29 19:04:57 - INFO - LoginComponent.get_user_by_id - Consulta para usuario ID: 1
2025-07-29 19:04:57 - INFO - EspecialidadService.get_especialidades_by_area - Área: terapeutico
2025-07-29 19:04:57 - INFO - EspecialidadComponent.get_especialidades_by_area - 21 especialidades de área terapeutico encontradas
2025-07-29 19:04:57 - INFO - EspecialidadService.get_especialidades_by_area - Especialidades de terapeutico obtenidas
2025-07-29 19:04:59 - INFO - LoginComponent.get_user_by_id - Consulta para usuario ID: 1
2025-07-29 19:04:59 - INFO - SesionTerapiaComponent.get_pacientes_sesion - 1 pacientes encontrados
2025-07-29 19:05:00 - INFO - LoginComponent.get_user_by_id - Consulta para usuario ID: 1
2025-07-29 19:05:00 - INFO - EspecialidadService.get_especialidades_by_area - Área: terapeutico
2025-07-29 19:05:00 - INFO - EspecialidadComponent.get_especialidades_by_area - 21 especialidades de área terapeutico encontradas
2025-07-29 19:05:00 - INFO - EspecialidadService.get_especialidades_by_area - Especialidades de terapeutico obtenidas
2025-07-29 19:05:01 - INFO - LoginComponent.get_user_by_id - Consulta para usuario ID: 1
2025-07-29 19:05:01 - INFO - SesionTerapiaService.add_paciente_to_sesion - Sesion ID: 15
2025-07-29 19:05:02 - INFO - LoginComponent.get_user_by_id - Consulta para usuario ID: 1
2025-07-29 19:05:02 - INFO - EspecialidadService.get_especialidades_activas - Iniciando
2025-07-29 19:05:02 - INFO - EspecialidadComponent.get_especialidades_activas - 55 especialidades activas encontradas
2025-07-29 19:05:02 - INFO - EspecialidadService.get_especialidades_activas - Especialidades activas obtenidas
2025-07-29 19:05:03 - INFO - LoginComponent.get_user_by_id - Consulta para usuario ID: 1
2025-07-29 19:05:03 - INFO - SesionTerapiaService.get_estadisticas - Iniciando
2025-07-29 19:05:03 - INFO - SesionTerapiaComponent.get_estadisticas_sesiones - Estadísticas obtenidas
2025-07-29 19:05:03 - INFO - SesionTerapiaService.get_estadisticas - Estadísticas obtenidas
2025-07-29 19:05:05 - INFO - LoginComponent.get_user_by_id - Consulta para usuario ID: 1
2025-07-29 19:05:05 - INFO - EspecialidadService.get_especialidades_activas - Iniciando
2025-07-29 19:05:05 - INFO - LoginComponent.get_user_by_id - Consulta para usuario ID: 1
2025-07-29 19:05:05 - INFO - SesionTerapiaService.get_sesiones_hoy - Iniciando
2025-07-29 19:05:05 - INFO - EspecialidadComponent.get_especialidades_activas - 55 especialidades activas encontradas
2025-07-29 19:05:05 - INFO - EspecialidadService.get_especialidades_activas - Especialidades activas obtenidas
2025-07-29 19:05:05 - INFO - SesionTerapiaComponent.get_sesiones_activas_hoy - 0 sesiones hoy
2025-07-29 19:05:05 - INFO - SesionTerapiaService.get_sesiones_hoy - 0 sesiones hoy
2025-07-29 19:05:08 - INFO - LoginComponent.get_user_by_id - Consulta para usuario ID: 1
2025-07-29 19:05:08 - INFO - SesionTerapiaService.get_sesiones_by_terapeuta - ID: 1
2025-07-29 19:05:08 - INFO - LoginComponent.get_user_by_id - Consulta para usuario ID: 1
2025-07-29 19:05:08 - INFO - EspecialidadService.create_especialidad - Iniciando
2025-07-29 19:05:08 - INFO - SesionTerapiaComponent.get_sesiones_by_terapeuta - 2 sesiones encontradas
2025-07-29 19:05:08 - INFO - SesionTerapiaService.get_sesiones_by_terapeuta - Sesiones obtenidas
2025-07-29 19:05:10 - INFO - LoginComponent.get_user_by_id - Consulta para usuario ID: 1
2025-07-29 19:05:10 - INFO - SesionTerapiaService.delete_sesion - ID: 15
2025-07-29 19:05:10 - INFO - SesionTerapiaComponent.delete_sesion - Sesión 15 cancelada
2025-07-29 19:05:10 - INFO - SesionTerapiaService.delete_sesion - Sesión 15 cancelada
2025-07-29 19:05:11 - INFO - LoginComponent.get_user_by_id - Consulta para usuario ID: 1
2025-07-29 19:05:11 - INFO - EspecialidadService.create_especialidad - Iniciando
2025-07-29 19:05:14 - INFO - LoginComponent.get_user_by_id - Consulta para usuario ID: 1
2025-07-29 19:05:14 - INFO - EspecialidadService.get_especialidades - Iniciando
2025-07-29 19:05:14 - INFO - EspecialidadComponent.get_all_especialidades - 55 especialidades encontradas
2025-07-29 19:05:14 - INFO - EspecialidadService.get_especialidades - Especialidades obtenidas exitosamente
2025-07-29 19:05:17 - INFO - LoginComponent.get_user_by_id - Consulta para usuario ID: 1
2025-07-29 19:05:17 - INFO - EspecialidadService.get_especialidades - Iniciando
2025-07-29 19:05:17 - INFO - EspecialidadComponent.get_all_especialidades - 55 especialidades encontradas
2025-07-29 19:05:17 - INFO - EspecialidadService.get_especialidades - Especialidades obtenidas exitosamente
2025-07-29 19:05:22 - INFO - LoginService.login - Intento de autenticacion
2025-07-29 19:05:22 - INFO - LoginComponent.get_user_for_login - Busqueda para usuario: admin
2025-07-29 19:05:23 - INFO - LoginComponent.update_last_access - Actualizado para usuario ID: 1
2025-07-29 19:05:23 - INFO - LoginService.login - Autenticacion exitosa: admin
2025-07-29 19:05:25 - INFO - app - Iniciando Sistema Tía Glenda Backend
2025-07-29 19:05:25 - INFO - app - Iniciando Sistema Tía Glenda Backend
2025-07-29 19:05:26 - INFO - LoginService.login - Intento de autenticacion
2025-07-29 19:05:26 - INFO - LoginComponent.get_user_for_login - Busqueda para usuario: admin
2025-07-29 19:05:26 - INFO - LoginComponent.update_last_access - Actualizado para usuario ID: 1
2025-07-29 19:05:26 - INFO - LoginService.login - Autenticacion exitosa: admin
2025-07-29 19:05:29 - INFO - LoginComponent.get_user_by_id - Consulta para usuario ID: 1
2025-07-29 19:05:29 - INFO - PersonaService.create_persona - Iniciando
2025-07-29 19:05:29 - INFO - PersonaComponent.get_persona_by_id - Persona 27 encontrada
2025-07-29 19:05:29 - INFO - PersonaComponent.create_persona - Persona creada con ID: 27
2025-07-29 19:05:29 - INFO - PersonaService.create_persona - Persona creada exitosamente
2025-07-29 19:05:32 - INFO - LoginComponent.get_user_by_id - Consulta para usuario ID: 1
2025-07-29 19:05:32 - INFO - PersonaService.create_persona - Iniciando
2025-07-29 19:05:33 - INFO - PersonaComponent.get_persona_by_id - Persona 28 encontrada
2025-07-29 19:05:33 - INFO - PersonaComponent.create_persona - Persona creada con ID: 28
2025-07-29 19:05:33 - INFO - PersonaService.create_persona - Persona creada exitosamente
2025-07-29 19:05:35 - INFO - LoginComponent.get_user_by_id - Consulta para usuario ID: 1
2025-07-29 19:05:35 - INFO - PersonalService.get_personal - Iniciando
2025-07-29 19:05:35 - INFO - PersonalComponent.get_all_personal - 6 miembros del personal encontrados con especialidades
2025-07-29 19:05:35 - INFO - PersonalService.get_personal - Personal obtenido exitosamente
2025-07-29 19:05:38 - INFO - LoginComponent.get_user_by_id - Consulta para usuario ID: 1
2025-07-29 19:05:38 - INFO - PersonalService.get_personal - Iniciando
2025-07-29 19:05:39 - INFO - PersonalComponent.get_all_personal - 6 miembros del personal encontrados con especialidades
2025-07-29 19:05:39 - INFO - PersonalService.get_personal - Personal obtenido exitosamente
2025-07-29 19:05:42 - INFO - LoginComponent.get_user_by_id - Consulta para usuario ID: 1
2025-07-29 19:05:42 - INFO - PersonalService.get_personal_by_area - Área: terapeutico
2025-07-29 19:05:42 - INFO - PersonalComponent.get_personal_by_area - 3 personal de área terapeutico encontrado
2025-07-29 19:05:42 - INFO - PersonalService.get_personal_by_area - Personal de terapeutico obtenido
2025-07-29 19:05:45 - INFO - LoginComponent.get_user_by_id - Consulta para usuario ID: 1
2025-07-29 19:05:45 - INFO - PersonalService.get_personal_by_area - Área: terapeutico
2025-07-29 19:05:45 - INFO - PersonalComponent.get_personal_by_area - 3 personal de área terapeutico encontrado
2025-07-29 19:05:45 - INFO - PersonalService.get_personal_by_area - Personal de terapeutico obtenido
2025-07-29 19:05:48 - INFO - LoginComponent.get_user_by_id - Consulta para usuario ID: 1
2025-07-29 19:05:48 - INFO - PersonalService.get_estadisticas - Iniciando
2025-07-29 19:05:48 - INFO - PersonalComponent.get_estadisticas_personal - Estadísticas obtenidas
2025-07-29 19:05:48 - INFO - PersonalService.get_estadisticas - Estadísticas obtenidas
2025-07-29 19:05:51 - INFO - LoginComponent.get_user_by_id - Consulta para usuario ID: 1
2025-07-29 19:05:51 - INFO - PersonalService.get_estadisticas - Iniciando
2025-07-29 19:05:51 - INFO - PersonalComponent.get_estadisticas_personal - Estadísticas obtenidas
2025-07-29 19:05:51 - INFO - PersonalService.get_estadisticas - Estadísticas obtenidas
2025-07-29 19:05:53 - INFO - LoginComponent.get_user_by_id - Consulta para usuario ID: 1
2025-07-29 19:05:53 - INFO - PersonalService.create_personal - Iniciando
2025-07-29 19:05:56 - INFO - LoginComponent.get_user_by_id - Consulta para usuario ID: 1
2025-07-29 19:05:56 - INFO - PersonalService.create_personal - Iniciando
2025-07-29 19:06:01 - INFO - LoginService.login - Intento de autenticacion
2025-07-29 19:06:01 - INFO - LoginComponent.get_user_for_login - Busqueda para usuario: admin
2025-07-29 19:06:02 - INFO - LoginComponent.update_last_access - Actualizado para usuario ID: 1
2025-07-29 19:06:02 - INFO - LoginService.login - Autenticacion exitosa: admin
2025-07-29 19:06:05 - INFO - LoginService.login - Intento de autenticacion
2025-07-29 19:06:05 - INFO - LoginComponent.get_user_for_login - Busqueda para usuario: admin
2025-07-29 19:06:05 - INFO - LoginComponent.update_last_access - Actualizado para usuario ID: 1
2025-07-29 19:06:05 - INFO - LoginService.login - Autenticacion exitosa: admin
2025-07-29 19:06:08 - INFO - LoginComponent.get_user_by_id - Consulta para usuario ID: 1
2025-07-29 19:06:08 - INFO - PersonaService.create_persona - Iniciando
2025-07-29 19:06:08 - INFO - PersonaComponent.get_persona_by_id - Persona 29 encontrada
2025-07-29 19:06:08 - INFO - PersonaComponent.create_persona - Persona creada con ID: 29
2025-07-29 19:06:08 - INFO - PersonaService.create_persona - Persona creada exitosamente
2025-07-29 19:06:11 - INFO - LoginComponent.get_user_by_id - Consulta para usuario ID: 1
2025-07-29 19:06:11 - INFO - PersonaService.create_persona - Iniciando
2025-07-29 19:06:11 - INFO - PersonaComponent.get_persona_by_id - Persona 30 encontrada
2025-07-29 19:06:12 - INFO - PersonaComponent.create_persona - Persona creada con ID: 30
2025-07-29 19:06:12 - INFO - PersonaService.create_persona - Persona creada exitosamente
2025-07-29 19:06:14 - INFO - LoginComponent.get_user_by_id - Consulta para usuario ID: 1
2025-07-29 19:06:14 - INFO - TutorService.get_tutores - Iniciando
2025-07-29 19:06:14 - INFO - TutorComponent.get_all_tutores - 9 tutores encontrados
2025-07-29 19:06:14 - INFO - TutorService.get_tutores - Tutores obtenidos exitosamente
2025-07-29 19:06:17 - INFO - LoginComponent.get_user_by_id - Consulta para usuario ID: 1
2025-07-29 19:06:17 - INFO - TutorService.get_tutores - Iniciando
2025-07-29 19:06:17 - INFO - TutorComponent.get_all_tutores - 9 tutores encontrados
2025-07-29 19:06:17 - INFO - TutorService.get_tutores - Tutores obtenidos exitosamente
2025-07-29 19:06:19 - INFO - LoginComponent.get_user_by_id - Consulta para usuario ID: 1
2025-07-29 19:06:19 - INFO - TutorService.get_tutores_activos - Iniciando
2025-07-29 19:06:19 - INFO - TutorComponent.get_tutores_activos - 9 tutores activos encontrados
2025-07-29 19:06:19 - INFO - TutorService.get_tutores_activos - Tutores activos obtenidos
2025-07-29 19:06:23 - INFO - LoginComponent.get_user_by_id - Consulta para usuario ID: 1
2025-07-29 19:06:23 - INFO - TutorService.get_tutores_activos - Iniciando
2025-07-29 19:06:23 - INFO - TutorComponent.get_tutores_activos - 9 tutores activos encontrados
2025-07-29 19:06:23 - INFO - TutorService.get_tutores_activos - Tutores activos obtenidos
2025-07-29 19:06:25 - INFO - LoginComponent.get_user_by_id - Consulta para usuario ID: 1
2025-07-29 19:06:25 - INFO - TutorService.create_tutor - Iniciando
2025-07-29 19:06:28 - INFO - LoginComponent.get_user_by_id - Consulta para usuario ID: 1
2025-07-29 19:06:28 - INFO - TutorService.create_tutor - Iniciando
2025-07-29 19:06:34 - INFO - LoginService.login - Intento de autenticacion
2025-07-29 19:06:34 - INFO - LoginComponent.get_user_for_login - Busqueda para usuario: admin
2025-07-29 19:06:35 - INFO - LoginComponent.update_last_access - Actualizado para usuario ID: 1
2025-07-29 19:06:35 - INFO - LoginService.login - Autenticacion exitosa: admin
2025-07-29 19:06:38 - INFO - LoginService.login - Intento de autenticacion
2025-07-29 19:06:38 - INFO - LoginComponent.get_user_for_login - Busqueda para usuario: admin
2025-07-29 19:06:38 - INFO - LoginComponent.update_last_access - Actualizado para usuario ID: 1
2025-07-29 19:06:38 - INFO - LoginService.login - Autenticacion exitosa: admin
2025-07-29 19:06:40 - INFO - LoginComponent.get_user_by_id - Consulta para usuario ID: 1
2025-07-29 19:06:40 - INFO - PersonaService.create_persona - Iniciando
2025-07-29 19:06:41 - INFO - PersonaComponent.get_persona_by_id - Persona 31 encontrada
2025-07-29 19:06:41 - INFO - PersonaComponent.create_persona - Persona creada con ID: 31
2025-07-29 19:06:41 - INFO - PersonaService.create_persona - Persona creada exitosamente
2025-07-29 19:06:44 - INFO - LoginComponent.get_user_by_id - Consulta para usuario ID: 1
2025-07-29 19:06:44 - INFO - PersonaService.create_persona - Iniciando
2025-07-29 19:06:44 - INFO - PersonaComponent.get_persona_by_id - Persona 32 encontrada
2025-07-29 19:06:44 - INFO - PersonaComponent.create_persona - Persona creada con ID: 32
2025-07-29 19:06:44 - INFO - PersonaService.create_persona - Persona creada exitosamente
2025-07-29 19:06:49 - INFO - LoginComponent.get_user_by_id - Consulta para usuario ID: 1
2025-07-29 19:06:49 - INFO - PacienteService.get_estadisticas - Iniciando
2025-07-29 19:06:49 - INFO - PacienteComponent.get_estadisticas_pacientes - Estadísticas obtenidas
2025-07-29 19:06:49 - INFO - PacienteService.get_estadisticas - Estadísticas obtenidas
2025-07-29 19:06:52 - INFO - LoginComponent.get_user_by_id - Consulta para usuario ID: 1
2025-07-29 19:06:52 - INFO - PacienteService.get_estadisticas - Iniciando
2025-07-29 19:06:52 - INFO - PacienteComponent.get_estadisticas_pacientes - Estadísticas obtenidas
2025-07-29 19:06:52 - INFO - PacienteService.get_estadisticas - Estadísticas obtenidas
2025-07-29 19:06:55 - INFO - LoginComponent.get_user_by_id - Consulta para usuario ID: 1
2025-07-29 19:06:55 - INFO - PacienteService.create_paciente - Iniciando
2025-07-29 19:06:58 - INFO - LoginComponent.get_user_by_id - Consulta para usuario ID: 1
2025-07-29 19:06:58 - INFO - PacienteService.create_paciente - Iniciando
2025-07-29 19:07:02 - INFO - LoginService.login - Intento de autenticacion
2025-07-29 19:07:03 - INFO - LoginComponent.get_user_for_login - Busqueda para usuario: admin
2025-07-29 19:07:03 - INFO - LoginComponent.update_last_access - Actualizado para usuario ID: 1
2025-07-29 19:07:03 - INFO - LoginService.login - Autenticacion exitosa: admin
2025-07-29 19:07:06 - INFO - LoginService.login - Intento de autenticacion
2025-07-29 19:07:06 - INFO - LoginComponent.get_user_for_login - Busqueda para usuario: admin
2025-07-29 19:07:07 - INFO - LoginComponent.update_last_access - Actualizado para usuario ID: 1
2025-07-29 19:07:07 - INFO - LoginService.login - Autenticacion exitosa: admin
2025-07-29 19:07:09 - INFO - LoginComponent.get_user_by_id - Consulta para usuario ID: 1
2025-07-29 19:07:09 - INFO - PersonaService.create_persona - Iniciando
2025-07-29 19:07:09 - INFO - PersonaComponent.get_persona_by_id - Persona 33 encontrada
2025-07-29 19:07:09 - INFO - PersonaComponent.create_persona - Persona creada con ID: 33
2025-07-29 19:07:09 - INFO - PersonaService.create_persona - Persona creada exitosamente
2025-07-29 19:07:13 - INFO - LoginComponent.get_user_by_id - Consulta para usuario ID: 1
2025-07-29 19:07:13 - INFO - PersonaService.create_persona - Iniciando
2025-07-29 19:07:13 - INFO - PersonaComponent.get_persona_by_id - Persona 34 encontrada
2025-07-29 19:07:13 - INFO - PersonaComponent.create_persona - Persona creada con ID: 34
2025-07-29 19:07:13 - INFO - PersonaService.create_persona - Persona creada exitosamente
2025-07-29 19:07:16 - INFO - LoginComponent.get_user_by_id - Consulta para usuario ID: 1
2025-07-29 19:07:16 - INFO - LoginService.verify_token - Token verificado correctamente
2025-07-29 19:07:19 - INFO - LoginComponent.get_user_by_id - Consulta para usuario ID: 1
2025-07-29 19:07:19 - INFO - LoginService.verify_token - Token verificado correctamente
2025-07-29 19:07:22 - INFO - LoginComponent.get_user_by_id - Consulta para usuario ID: 1
2025-07-29 19:07:22 - INFO - RolService.get_roles - Iniciando
2025-07-29 19:07:22 - INFO - RolService.get_roles - 4 roles encontrados
2025-07-29 19:07:25 - INFO - LoginComponent.get_user_by_id - Consulta para usuario ID: 1
2025-07-29 19:07:25 - INFO - RolService.get_roles - Iniciando
2025-07-29 19:07:25 - INFO - RolService.get_roles - 4 roles encontrados
2025-07-29 19:07:27 - INFO - LoginComponent.get_user_by_id - Consulta para usuario ID: 1
2025-07-29 19:07:27 - INFO - UsuarioService.create_usuario - Iniciando
2025-07-29 19:07:30 - INFO - LoginComponent.get_user_by_id - Consulta para usuario ID: 1
2025-07-29 19:07:30 - INFO - UsuarioService.create_usuario - Iniciando
2025-07-29 19:07:38 - INFO - LoginComponent.get_user_by_id - Consulta para usuario ID: 1
2025-07-29 19:07:38 - INFO - PersonaService.get_personas - Iniciando
2025-07-29 19:07:38 - INFO - PersonaComponent.get_all_personas - 34 personas encontradas
2025-07-29 19:07:38 - INFO - PersonaService.get_personas - Personas obtenidas exitosamente
2025-07-29 19:07:40 - INFO - LoginComponent.get_user_by_id - Consulta para usuario ID: 1
2025-07-29 19:07:40 - INFO - EspecialidadService.get_especialidades - Iniciando
2025-07-29 19:07:40 - INFO - EspecialidadComponent.get_all_especialidades - 55 especialidades encontradas
2025-07-29 19:07:40 - INFO - EspecialidadService.get_especialidades - Especialidades obtenidas exitosamente
2025-07-29 19:07:42 - INFO - LoginComponent.get_user_by_id - Consulta para usuario ID: 1
2025-07-29 19:07:42 - INFO - PersonalService.get_personal - Iniciando
2025-07-29 19:07:43 - INFO - PersonalComponent.get_all_personal - 6 miembros del personal encontrados con especialidades
2025-07-29 19:07:43 - INFO - PersonalService.get_personal - Personal obtenido exitosamente
2025-07-29 19:07:45 - INFO - LoginComponent.get_user_by_id - Consulta para usuario ID: 1
2025-07-29 19:07:45 - INFO - UsuarioService.get_usuarios - Iniciando
2025-07-29 19:07:45 - INFO - UsuarioComponent.get_all_usuarios - 8 usuarios encontrados
2025-07-29 19:07:45 - INFO - UsuarioService.get_usuarios - Usuarios obtenidos exitosamente
2025-07-29 19:07:47 - INFO - LoginComponent.get_user_by_id - Consulta para usuario ID: 1
2025-07-29 19:07:47 - INFO - RolService.get_roles - Iniciando
2025-07-29 19:07:47 - INFO - RolService.get_roles - 4 roles encontrados
2025-07-29 19:07:49 - INFO - LoginComponent.get_user_by_id - Consulta para usuario ID: 1
2025-07-29 19:07:49 - INFO - TutorService.get_tutores - Iniciando
2025-07-29 19:07:49 - INFO - TutorComponent.get_all_tutores - 9 tutores encontrados
2025-07-29 19:07:49 - INFO - TutorService.get_tutores - Tutores obtenidos exitosamente
2025-07-29 19:07:51 - INFO - LoginComponent.get_user_by_id - Consulta para usuario ID: 1
2025-07-29 19:07:51 - INFO - PacienteService.get_pacientes - Iniciando
2025-07-29 19:07:52 - INFO - PacienteComponent.get_all_pacientes - 9 pacientes encontrados
2025-07-29 19:07:52 - INFO - PacienteService.get_pacientes - Pacientes obtenidos exitosamente
