2025-07-26 01:35:53 - INFO - LoginService.login - Intento de autenticacion
2025-07-26 01:35:53 - INFO - LoginComponent.get_user_for_login - Busqueda para usuario: admin
2025-07-26 01:35:54 - INFO - LoginComponent.update_last_access - Actualizado para usuario ID: 1
2025-07-26 01:35:54 - INFO - LoginService.login - Autenticacion exitosa: admin
2025-07-26 01:35:56 - INFO - LoginComponent.get_user_by_id - Consulta para usuario ID: 1
2025-07-26 01:35:56 - INFO - EspecialidadService.get_especialidades - Iniciando
2025-07-26 01:35:56 - INFO - EspecialidadComponent.get_all_especialidades - 41 especialidades encontradas
2025-07-26 01:35:56 - INFO - EspecialidadService.get_especialidades - Especialidades obtenidas exitosamente
2025-07-26 01:35:58 - INFO - LoginComponent.get_user_by_id - Consulta para usuario ID: 1
2025-07-26 01:35:58 - INFO - SesionTerapiaService.get_terapeutas_disponibles - Iniciando
2025-07-26 01:35:58 - INFO - SesionTerapiaComponent.get_terapeutas_disponibles - 6 terapeutas disponibles
2025-07-26 01:35:58 - INFO - SesionTerapiaService.get_terapeutas_disponibles - 6 terapeutas disponibles
2025-07-26 01:36:00 - INFO - LoginComponent.get_user_by_id - Consulta para usuario ID: 1
2025-07-26 01:36:00 - INFO - SesionTerapiaService.get_pacientes_disponibles - Iniciando
2025-07-26 01:36:00 - INFO - SesionTerapiaComponent.get_pacientes_disponibles - 9 pacientes disponibles
2025-07-26 01:36:00 - INFO - SesionTerapiaService.get_pacientes_disponibles - 9 pacientes disponibles
2025-07-26 01:36:02 - INFO - LoginComponent.get_user_by_id - Consulta para usuario ID: 1
2025-07-26 01:36:02 - INFO - SesionTerapiaService.get_sesiones - Iniciando
2025-07-26 01:36:02 - INFO - SesionTerapiaComponent.get_sesiones - Sesiones obtenidas exitosamente
2025-07-26 01:36:02 - INFO - SesionTerapiaService.get_sesiones - Sesiones obtenidas exitosamente
2025-07-26 01:36:05 - INFO - LoginComponent.get_user_by_id - Consulta para usuario ID: 1
2025-07-26 01:36:05 - INFO - SesionTerapiaService.create_sesion - Iniciando
2025-07-26 01:36:05 - INFO - SesionTerapiaComponent.create_sesion - Sesión creada con ID: 6, Código: ST-2025-006
2025-07-26 01:36:05 - INFO - SesionTerapiaService.create_sesion - Sesión creada con ID: 6
2025-07-26 01:36:08 - INFO - LoginComponent.get_user_by_id - Consulta para usuario ID: 1
2025-07-26 01:36:08 - INFO - SesionTerapiaService.get_sesiones - Iniciando
2025-07-26 01:36:08 - INFO - SesionTerapiaComponent.get_sesiones - Sesiones obtenidas exitosamente
2025-07-26 01:36:08 - INFO - SesionTerapiaService.get_sesiones - Sesiones obtenidas exitosamente
2025-07-26 01:36:10 - INFO - LoginComponent.get_user_by_id - Consulta para usuario ID: 1
2025-07-26 01:36:10 - INFO - SesionTerapiaService.create_sesion - Iniciando
2025-07-26 01:36:10 - INFO - SesionTerapiaComponent.create_sesion - Sesión creada con ID: 7, Código: ST-2025-006
2025-07-26 01:36:10 - INFO - SesionTerapiaService.create_sesion - Sesión creada con ID: 7
2025-07-26 01:36:15 - INFO - LoginComponent.get_user_by_id - Consulta para usuario ID: 1
2025-07-26 01:36:15 - INFO - SesionTerapiaService.get_estadisticas - Iniciando
2025-07-26 01:36:15 - INFO - SesionTerapiaComponent.get_estadisticas_sesiones - Estadísticas obtenidas
2025-07-26 01:36:15 - INFO - SesionTerapiaService.get_estadisticas - Estadísticas obtenidas
2025-07-26 01:36:17 - INFO - LoginComponent.get_user_by_id - Consulta para usuario ID: 1
2025-07-26 01:36:17 - INFO - SesionTerapiaService.get_sesiones_hoy - Iniciando
2025-07-26 01:36:17 - INFO - SesionTerapiaComponent.get_sesiones_activas_hoy - 0 sesiones hoy
2025-07-26 01:36:17 - INFO - SesionTerapiaService.get_sesiones_hoy - 0 sesiones hoy
2025-07-26 01:36:19 - INFO - LoginComponent.get_user_by_id - Consulta para usuario ID: 1
2025-07-26 01:36:19 - INFO - SesionTerapiaService.get_sesiones_by_terapeuta - ID: 1
2025-07-26 01:36:19 - INFO - SesionTerapiaComponent.get_sesiones_by_terapeuta - 1 sesiones encontradas
2025-07-26 01:36:19 - INFO - SesionTerapiaService.get_sesiones_by_terapeuta - Sesiones obtenidas
2025-07-26 01:36:22 - INFO - LoginComponent.get_user_by_id - Consulta para usuario ID: 1
2025-07-26 01:36:22 - INFO - SesionTerapiaService.get_estadisticas - Iniciando
2025-07-26 01:36:22 - INFO - SesionTerapiaComponent.get_estadisticas_sesiones - Estadísticas obtenidas
2025-07-26 01:36:22 - INFO - SesionTerapiaService.get_estadisticas - Estadísticas obtenidas
2025-07-26 01:36:24 - INFO - LoginComponent.get_user_by_id - Consulta para usuario ID: 1
2025-07-26 01:36:24 - INFO - SesionTerapiaService.get_sesiones_hoy - Iniciando
2025-07-26 01:36:24 - INFO - SesionTerapiaComponent.get_sesiones_activas_hoy - 0 sesiones hoy
2025-07-26 01:36:24 - INFO - SesionTerapiaService.get_sesiones_hoy - 0 sesiones hoy
2025-07-26 01:36:27 - INFO - LoginComponent.get_user_by_id - Consulta para usuario ID: 1
2025-07-26 01:36:27 - INFO - SesionTerapiaService.get_sesiones_by_terapeuta - ID: 1
2025-07-26 01:36:27 - INFO - SesionTerapiaComponent.get_sesiones_by_terapeuta - 1 sesiones encontradas
2025-07-26 01:36:27 - INFO - SesionTerapiaService.get_sesiones_by_terapeuta - Sesiones obtenidas
2025-07-26 01:37:02 - INFO - LoginService.login - Intento de autenticacion
2025-07-26 01:37:02 - INFO - LoginComponent.get_user_for_login - Busqueda para usuario: admin
2025-07-26 01:37:02 - INFO - LoginComponent.update_last_access - Actualizado para usuario ID: 1
2025-07-26 01:37:02 - INFO - LoginService.login - Autenticacion exitosa: admin
2025-07-26 01:37:05 - INFO - LoginComponent.get_user_by_id - Consulta para usuario ID: 1
2025-07-26 01:37:05 - INFO - PersonaService.create_persona - Iniciando
2025-07-26 01:37:05 - INFO - PersonaComponent.get_persona_by_id - Persona 27 encontrada
2025-07-26 01:37:05 - INFO - PersonaComponent.create_persona - Persona creada con ID: 27
2025-07-26 01:37:05 - INFO - PersonaService.create_persona - Persona creada exitosamente
2025-07-26 01:37:07 - INFO - LoginComponent.get_user_by_id - Consulta para usuario ID: 1
2025-07-26 01:37:07 - INFO - EspecialidadService.get_especialidades_activas - Iniciando
2025-07-26 01:37:07 - INFO - EspecialidadComponent.get_especialidades_activas - 41 especialidades activas encontradas
2025-07-26 01:37:07 - INFO - EspecialidadService.get_especialidades_activas - Especialidades activas obtenidas
2025-07-26 01:37:09 - INFO - LoginComponent.get_user_by_id - Consulta para usuario ID: 1
2025-07-26 01:37:09 - INFO - PersonalService.get_personal - Iniciando
2025-07-26 01:37:09 - INFO - PersonalComponent.get_all_personal - 6 miembros del personal encontrados
2025-07-26 01:37:09 - INFO - PersonalService.get_personal - Personal obtenido exitosamente
2025-07-26 01:37:12 - INFO - LoginComponent.get_user_by_id - Consulta para usuario ID: 1
2025-07-26 01:37:12 - INFO - PersonalService.create_personal - Iniciando
2025-07-26 01:37:12 - INFO - PersonalComponent.get_personal_by_id - Personal 7 encontrado
2025-07-26 01:37:12 - INFO - PersonalComponent.create_personal - Personal creado con ID: 7
2025-07-26 01:37:12 - INFO - PersonalService.create_personal - Personal creado exitosamente
2025-07-26 01:37:14 - INFO - LoginComponent.get_user_by_id - Consulta para usuario ID: 1
2025-07-26 01:37:14 - INFO - PersonalService.get_personal_by_id - ID: 7
2025-07-26 01:37:14 - INFO - PersonalComponent.get_personal_by_id - Personal 7 encontrado
2025-07-26 01:37:14 - INFO - PersonalService.get_personal_by_id - Personal 7 encontrado
2025-07-26 01:37:16 - INFO - LoginComponent.get_user_by_id - Consulta para usuario ID: 1
2025-07-26 01:37:16 - INFO - PersonalService.update_personal - ID: 7
2025-07-26 01:37:16 - INFO - PersonalComponent.get_personal_by_id - Personal 7 encontrado
2025-07-26 01:37:16 - INFO - PersonalComponent.update_personal - Personal 7 actualizado
2025-07-26 01:37:16 - INFO - PersonalService.update_personal - Personal 7 actualizado
2025-07-26 01:37:19 - INFO - LoginComponent.get_user_by_id - Consulta para usuario ID: 1
2025-07-26 01:37:19 - INFO - PersonalService.get_personal_especialidades - Personal ID: 7
2025-07-26 01:37:19 - INFO - PersonalComponent.get_personal_by_id - Personal 7 encontrado
2025-07-26 01:37:19 - INFO - PersonalService.get_personal_especialidades - 0 especialidades encontradas
2025-07-26 01:37:21 - INFO - LoginComponent.get_user_by_id - Consulta para usuario ID: 1
2025-07-26 01:37:21 - INFO - PersonalService.assign_especialidad - Personal ID: 7
2025-07-26 01:37:21 - INFO - PersonalComponent.assign_especialidad - Especialidad 36 asignada a personal 7
2025-07-26 01:37:21 - INFO - PersonalService.assign_especialidad - Especialidad 36 asignada a personal 7
2025-07-26 01:37:23 - INFO - LoginComponent.get_user_by_id - Consulta para usuario ID: 1
2025-07-26 01:37:23 - INFO - PersonalService.get_personal_especialidades - Personal ID: 7
2025-07-26 01:37:23 - INFO - PersonalComponent.get_personal_by_id - Personal 7 encontrado
2025-07-26 01:37:23 - INFO - PersonalService.get_personal_especialidades - 1 especialidades encontradas
2025-07-26 01:37:25 - INFO - LoginComponent.get_user_by_id - Consulta para usuario ID: 1
2025-07-26 01:37:25 - INFO - PersonalService.assign_especialidad - Personal ID: 7
2025-07-26 01:37:28 - INFO - LoginComponent.get_user_by_id - Consulta para usuario ID: 1
2025-07-26 01:37:28 - INFO - PersonalService.remove_especialidad - Personal ID: 7, Especialidad ID: 36
2025-07-26 01:37:28 - INFO - PersonalComponent.remove_especialidad - Especialidad 36 removida del personal 7
2025-07-26 01:37:28 - INFO - PersonalService.remove_especialidad - Especialidad 36 removida del personal 7
2025-07-26 01:37:30 - INFO - LoginComponent.get_user_by_id - Consulta para usuario ID: 1
2025-07-26 01:37:30 - INFO - PersonalService.get_personal_by_area - Área: terapeutico
2025-07-26 01:37:30 - INFO - PersonalComponent.get_personal_by_area - 3 personal de área terapeutico encontrado
2025-07-26 01:37:30 - INFO - PersonalService.get_personal_by_area - Personal de terapeutico obtenido
2025-07-26 01:37:32 - INFO - LoginComponent.get_user_by_id - Consulta para usuario ID: 1
2025-07-26 01:37:32 - INFO - PersonalService.get_personal_by_area - Área: pedagogico
2025-07-26 01:37:32 - INFO - PersonalComponent.get_personal_by_area - 3 personal de área pedagogico encontrado
2025-07-26 01:37:32 - INFO - PersonalService.get_personal_by_area - Personal de pedagogico obtenido
2025-07-26 01:37:34 - INFO - LoginComponent.get_user_by_id - Consulta para usuario ID: 1
2025-07-26 01:37:34 - INFO - PersonalService.get_estadisticas - Iniciando
2025-07-26 01:37:34 - INFO - PersonalComponent.get_estadisticas_personal - Estadísticas obtenidas
2025-07-26 01:37:34 - INFO - PersonalService.get_estadisticas - Estadísticas obtenidas
2025-07-26 01:37:37 - INFO - LoginComponent.get_user_by_id - Consulta para usuario ID: 1
2025-07-26 01:37:37 - INFO - PersonalService.create_personal - Iniciando
2025-07-26 01:37:39 - INFO - LoginComponent.get_user_by_id - Consulta para usuario ID: 1
2025-07-26 01:37:39 - INFO - PersonalService.create_personal - Iniciando
2025-07-26 01:37:41 - INFO - LoginComponent.get_user_by_id - Consulta para usuario ID: 1
2025-07-26 01:37:41 - INFO - PersonalService.create_personal - Iniciando
2025-07-26 01:37:41 - INFO - PersonalComponent.get_personal_by_id - Personal 8 encontrado
2025-07-26 01:37:41 - INFO - PersonalComponent.create_personal - Personal creado con ID: 8
2025-07-26 01:37:41 - INFO - PersonalService.create_personal - Personal creado exitosamente
2025-07-26 01:37:44 - INFO - LoginComponent.get_user_by_id - Consulta para usuario ID: 1
2025-07-26 01:37:44 - INFO - PersonalService.create_personal - Iniciando
2025-07-26 01:37:46 - INFO - LoginComponent.get_user_by_id - Consulta para usuario ID: 1
2025-07-26 01:37:46 - INFO - PersonalService.create_personal - Iniciando
2025-07-26 01:37:49 - INFO - LoginComponent.get_user_by_id - Consulta para usuario ID: 1
2025-07-26 01:37:49 - INFO - PersonalService.create_personal - Iniciando
2025-07-26 01:37:51 - INFO - LoginComponent.get_user_by_id - Consulta para usuario ID: 1
2025-07-26 01:37:51 - INFO - PersonalService.create_personal - Iniciando
2025-07-26 01:37:53 - INFO - LoginComponent.get_user_by_id - Consulta para usuario ID: 1
2025-07-26 01:37:53 - INFO - PersonalService.create_personal - Iniciando
2025-07-26 01:37:55 - INFO - LoginComponent.get_user_by_id - Consulta para usuario ID: 1
2025-07-26 01:37:55 - INFO - PersonalService.create_personal - Iniciando
2025-07-26 10:09:01 - INFO - app - Iniciando Sistema Tía Glenda Backend
2025-07-26 10:09:01 - INFO - app - Iniciando Sistema Tía Glenda Backend
2025-07-26 10:09:29 - INFO - LoginService.login - Intento de autenticacion
2025-07-26 10:09:29 - INFO - LoginComponent.get_user_for_login - Busqueda para usuario: admin
2025-07-26 10:09:30 - INFO - LoginComponent.update_last_access - Actualizado para usuario ID: 1
2025-07-26 10:09:30 - INFO - LoginService.login - Autenticacion exitosa: admin
2025-07-26 10:09:32 - INFO - LoginComponent.get_user_by_id - Consulta para usuario ID: 1
2025-07-26 10:09:32 - INFO - EspecialidadService.get_especialidades - Iniciando
2025-07-26 10:09:32 - INFO - EspecialidadComponent.get_all_especialidades - 41 especialidades encontradas
2025-07-26 10:09:32 - INFO - EspecialidadService.get_especialidades - Especialidades obtenidas exitosamente
2025-07-26 10:09:34 - INFO - LoginComponent.get_user_by_id - Consulta para usuario ID: 1
2025-07-26 10:09:34 - INFO - SesionTerapiaService.get_terapeutas_disponibles - Iniciando
2025-07-26 10:09:34 - INFO - SesionTerapiaComponent.get_terapeutas_disponibles - 8 terapeutas disponibles
2025-07-26 10:09:34 - INFO - SesionTerapiaService.get_terapeutas_disponibles - 8 terapeutas disponibles
2025-07-26 10:09:36 - INFO - LoginComponent.get_user_by_id - Consulta para usuario ID: 1
2025-07-26 10:09:36 - INFO - SesionTerapiaService.get_pacientes_disponibles - Iniciando
2025-07-26 10:09:36 - INFO - SesionTerapiaComponent.get_pacientes_disponibles - 9 pacientes disponibles
2025-07-26 10:09:36 - INFO - SesionTerapiaService.get_pacientes_disponibles - 9 pacientes disponibles
2025-07-26 10:09:38 - INFO - LoginComponent.get_user_by_id - Consulta para usuario ID: 1
2025-07-26 10:09:38 - INFO - SesionTerapiaService.get_sesiones - Iniciando
2025-07-26 10:09:39 - INFO - SesionTerapiaComponent.get_sesiones - Sesiones obtenidas exitosamente
2025-07-26 10:09:39 - INFO - SesionTerapiaService.get_sesiones - Sesiones obtenidas exitosamente
2025-07-26 10:09:41 - INFO - LoginComponent.get_user_by_id - Consulta para usuario ID: 1
2025-07-26 10:09:41 - INFO - SesionTerapiaService.create_sesion - Iniciando
2025-07-26 10:09:41 - INFO - SesionTerapiaComponent.create_sesion - Sesión creada con ID: 8, Código: ST-2025-006
2025-07-26 10:09:41 - INFO - SesionTerapiaService.create_sesion - Sesión creada con ID: 8
2025-07-26 10:09:44 - INFO - LoginComponent.get_user_by_id - Consulta para usuario ID: 1
2025-07-26 10:09:44 - INFO - SesionTerapiaService.get_sesiones - Iniciando
2025-07-26 10:09:44 - INFO - SesionTerapiaComponent.get_sesiones - Sesiones obtenidas exitosamente
2025-07-26 10:09:44 - INFO - SesionTerapiaService.get_sesiones - Sesiones obtenidas exitosamente
2025-07-26 10:09:46 - INFO - LoginComponent.get_user_by_id - Consulta para usuario ID: 1
2025-07-26 10:09:46 - INFO - SesionTerapiaService.create_sesion - Iniciando
2025-07-26 10:09:46 - INFO - SesionTerapiaComponent.create_sesion - Sesión creada con ID: 9, Código: ST-2025-006
2025-07-26 10:09:46 - INFO - SesionTerapiaService.create_sesion - Sesión creada con ID: 9
2025-07-26 10:09:51 - INFO - LoginComponent.get_user_by_id - Consulta para usuario ID: 1
2025-07-26 10:09:51 - INFO - SesionTerapiaService.get_estadisticas - Iniciando
2025-07-26 10:09:51 - INFO - SesionTerapiaComponent.get_estadisticas_sesiones - Estadísticas obtenidas
2025-07-26 10:09:51 - INFO - SesionTerapiaService.get_estadisticas - Estadísticas obtenidas
2025-07-26 10:09:53 - INFO - LoginComponent.get_user_by_id - Consulta para usuario ID: 1
2025-07-26 10:09:53 - INFO - SesionTerapiaService.get_sesiones_hoy - Iniciando
2025-07-26 10:09:53 - INFO - SesionTerapiaComponent.get_sesiones_activas_hoy - 0 sesiones hoy
2025-07-26 10:09:53 - INFO - SesionTerapiaService.get_sesiones_hoy - 0 sesiones hoy
2025-07-26 10:09:55 - INFO - LoginComponent.get_user_by_id - Consulta para usuario ID: 1
2025-07-26 10:09:55 - INFO - SesionTerapiaService.get_sesiones_by_terapeuta - ID: 8
2025-07-26 10:09:55 - INFO - SesionTerapiaComponent.get_sesiones_by_terapeuta - 0 sesiones encontradas
2025-07-26 10:09:55 - INFO - SesionTerapiaService.get_sesiones_by_terapeuta - Sesiones obtenidas
2025-07-26 10:13:06 - INFO - app - Iniciando Sistema Tía Glenda Backend
2025-07-26 10:13:11 - INFO - app - Iniciando Sistema Tía Glenda Backend
2025-07-26 10:13:18 - INFO - app - Iniciando Sistema Tía Glenda Backend
2025-07-26 10:13:28 - INFO - app - Iniciando Sistema Tía Glenda Backend
2025-07-26 10:14:00 - INFO - app - Iniciando Sistema Tía Glenda Backend
2025-07-26 10:14:08 - INFO - LoginService.login - Intento de autenticacion
2025-07-26 10:14:08 - INFO - LoginComponent.get_user_for_login - Busqueda para usuario: admin
2025-07-26 10:14:09 - INFO - LoginComponent.update_last_access - Actualizado para usuario ID: 1
2025-07-26 10:14:09 - INFO - LoginService.login - Autenticacion exitosa: admin
2025-07-26 10:14:11 - INFO - LoginComponent.get_user_by_id - Consulta para usuario ID: 1
2025-07-26 10:14:11 - INFO - EspecialidadService.get_especialidades - Iniciando
2025-07-26 10:14:11 - INFO - EspecialidadComponent.get_all_especialidades - 41 especialidades encontradas
2025-07-26 10:14:11 - INFO - EspecialidadService.get_especialidades - Especialidades obtenidas exitosamente
2025-07-26 10:14:13 - INFO - LoginComponent.get_user_by_id - Consulta para usuario ID: 1
2025-07-26 10:14:13 - INFO - SesionTerapiaService.get_terapeutas_disponibles - Iniciando
2025-07-26 10:14:13 - INFO - SesionTerapiaComponent.get_terapeutas_disponibles - 8 terapeutas disponibles
2025-07-26 10:14:13 - INFO - SesionTerapiaService.get_terapeutas_disponibles - 8 terapeutas disponibles
2025-07-26 10:14:15 - INFO - LoginComponent.get_user_by_id - Consulta para usuario ID: 1
2025-07-26 10:14:15 - INFO - SesionTerapiaService.get_pacientes_disponibles - Iniciando
2025-07-26 10:14:15 - INFO - SesionTerapiaComponent.get_pacientes_disponibles - 9 pacientes disponibles
2025-07-26 10:14:15 - INFO - SesionTerapiaService.get_pacientes_disponibles - 9 pacientes disponibles
2025-07-26 10:14:18 - INFO - LoginComponent.get_user_by_id - Consulta para usuario ID: 1
2025-07-26 10:14:18 - INFO - SesionTerapiaService.get_sesiones - Iniciando
2025-07-26 10:14:18 - INFO - SesionTerapiaComponent.get_sesiones - Sesiones obtenidas exitosamente
2025-07-26 10:14:18 - INFO - SesionTerapiaService.get_sesiones - Sesiones obtenidas exitosamente
2025-07-26 10:14:20 - INFO - LoginComponent.get_user_by_id - Consulta para usuario ID: 1
2025-07-26 10:14:20 - INFO - SesionTerapiaService.create_sesion - Iniciando
2025-07-26 10:14:20 - INFO - SesionTerapiaComponent.create_sesion - Sesión creada con ID: 10, Código: ST-2025-006
2025-07-26 10:14:20 - INFO - SesionTerapiaService.create_sesion - Sesión creada con ID: 10
2025-07-26 10:14:23 - INFO - LoginComponent.get_user_by_id - Consulta para usuario ID: 1
2025-07-26 10:14:23 - INFO - SesionTerapiaService.get_sesiones - Iniciando
2025-07-26 10:14:23 - INFO - SesionTerapiaComponent.get_sesiones - Sesiones obtenidas exitosamente
2025-07-26 10:14:23 - INFO - SesionTerapiaService.get_sesiones - Sesiones obtenidas exitosamente
2025-07-26 10:14:25 - INFO - LoginComponent.get_user_by_id - Consulta para usuario ID: 1
2025-07-26 10:14:25 - INFO - SesionTerapiaService.create_sesion - Iniciando
2025-07-26 10:14:25 - INFO - SesionTerapiaComponent.create_sesion - Sesión creada con ID: 11, Código: ST-2025-006
2025-07-26 10:14:25 - INFO - SesionTerapiaService.create_sesion - Sesión creada con ID: 11
2025-07-26 10:14:30 - INFO - LoginComponent.get_user_by_id - Consulta para usuario ID: 1
2025-07-26 10:14:30 - INFO - SesionTerapiaService.get_estadisticas - Iniciando
2025-07-26 10:14:30 - INFO - SesionTerapiaComponent.get_estadisticas_sesiones - Estadísticas obtenidas
2025-07-26 10:14:30 - INFO - SesionTerapiaService.get_estadisticas - Estadísticas obtenidas
2025-07-26 10:14:32 - INFO - LoginComponent.get_user_by_id - Consulta para usuario ID: 1
2025-07-26 10:14:32 - INFO - SesionTerapiaService.get_sesiones_hoy - Iniciando
2025-07-26 10:14:32 - INFO - SesionTerapiaComponent.get_sesiones_activas_hoy - 0 sesiones hoy
2025-07-26 10:14:32 - INFO - SesionTerapiaService.get_sesiones_hoy - 0 sesiones hoy
2025-07-26 10:14:34 - INFO - LoginComponent.get_user_by_id - Consulta para usuario ID: 1
2025-07-26 10:14:34 - INFO - SesionTerapiaService.get_sesiones_by_terapeuta - ID: 8
2025-07-26 10:14:34 - INFO - SesionTerapiaComponent.get_sesiones_by_terapeuta - 0 sesiones encontradas
2025-07-26 10:14:34 - INFO - SesionTerapiaService.get_sesiones_by_terapeuta - Sesiones obtenidas
2025-07-26 10:14:48 - INFO - LoginService.login - Intento de autenticacion
2025-07-26 10:14:48 - INFO - LoginComponent.get_user_for_login - Busqueda para usuario: admin
2025-07-26 10:14:48 - INFO - LoginComponent.update_last_access - Actualizado para usuario ID: 1
2025-07-26 10:14:48 - INFO - LoginService.login - Autenticacion exitosa: admin
2025-07-26 10:14:51 - INFO - LoginComponent.get_user_by_id - Consulta para usuario ID: 1
2025-07-26 10:14:51 - INFO - EspecialidadService.get_especialidades - Iniciando
2025-07-26 10:14:51 - INFO - EspecialidadComponent.get_all_especialidades - 41 especialidades encontradas
2025-07-26 10:14:51 - INFO - EspecialidadService.get_especialidades - Especialidades obtenidas exitosamente
2025-07-26 10:14:53 - INFO - LoginComponent.get_user_by_id - Consulta para usuario ID: 1
2025-07-26 10:14:53 - INFO - SesionTerapiaService.get_terapeutas_disponibles - Iniciando
2025-07-26 10:14:53 - INFO - SesionTerapiaComponent.get_terapeutas_disponibles - 8 terapeutas disponibles
2025-07-26 10:14:53 - INFO - SesionTerapiaService.get_terapeutas_disponibles - 8 terapeutas disponibles
2025-07-26 10:14:55 - INFO - LoginComponent.get_user_by_id - Consulta para usuario ID: 1
2025-07-26 10:14:55 - INFO - SesionTerapiaService.get_pacientes_disponibles - Iniciando
2025-07-26 10:14:55 - INFO - SesionTerapiaComponent.get_pacientes_disponibles - 9 pacientes disponibles
2025-07-26 10:14:55 - INFO - SesionTerapiaService.get_pacientes_disponibles - 9 pacientes disponibles
2025-07-26 10:14:57 - INFO - LoginComponent.get_user_by_id - Consulta para usuario ID: 1
2025-07-26 10:14:57 - INFO - SesionTerapiaService.get_sesiones - Iniciando
2025-07-26 10:14:57 - INFO - SesionTerapiaComponent.get_sesiones - Sesiones obtenidas exitosamente
2025-07-26 10:14:57 - INFO - SesionTerapiaService.get_sesiones - Sesiones obtenidas exitosamente
2025-07-26 10:14:59 - INFO - LoginComponent.get_user_by_id - Consulta para usuario ID: 1
2025-07-26 10:14:59 - INFO - SesionTerapiaService.create_sesion - Iniciando
2025-07-26 10:14:59 - INFO - SesionTerapiaComponent.create_sesion - Sesión creada con ID: 12, Código: ST-2025-006
2025-07-26 10:15:00 - INFO - SesionTerapiaService.create_sesion - Sesión creada con ID: 12
2025-07-26 10:15:03 - INFO - LoginComponent.get_user_by_id - Consulta para usuario ID: 1
2025-07-26 10:15:03 - INFO - SesionTerapiaService.get_sesiones - Iniciando
2025-07-26 10:15:03 - INFO - SesionTerapiaComponent.get_sesiones - Sesiones obtenidas exitosamente
2025-07-26 10:15:03 - INFO - SesionTerapiaService.get_sesiones - Sesiones obtenidas exitosamente
2025-07-26 10:15:05 - INFO - LoginComponent.get_user_by_id - Consulta para usuario ID: 1
2025-07-26 10:15:05 - INFO - SesionTerapiaService.create_sesion - Iniciando
2025-07-26 10:15:05 - INFO - SesionTerapiaComponent.create_sesion - Sesión creada con ID: 13, Código: ST-2025-006
2025-07-26 10:15:05 - INFO - SesionTerapiaService.create_sesion - Sesión creada con ID: 13
2025-07-26 10:15:09 - INFO - LoginComponent.get_user_by_id - Consulta para usuario ID: 1
2025-07-26 10:15:09 - INFO - SesionTerapiaService.get_estadisticas - Iniciando
2025-07-26 10:15:09 - INFO - SesionTerapiaComponent.get_estadisticas_sesiones - Estadísticas obtenidas
2025-07-26 10:15:09 - INFO - SesionTerapiaService.get_estadisticas - Estadísticas obtenidas
2025-07-26 10:15:12 - INFO - LoginComponent.get_user_by_id - Consulta para usuario ID: 1
2025-07-26 10:15:12 - INFO - SesionTerapiaService.get_sesiones_hoy - Iniciando
2025-07-26 10:15:12 - INFO - SesionTerapiaComponent.get_sesiones_activas_hoy - 0 sesiones hoy
2025-07-26 10:15:12 - INFO - SesionTerapiaService.get_sesiones_hoy - 0 sesiones hoy
2025-07-26 10:15:14 - INFO - LoginComponent.get_user_by_id - Consulta para usuario ID: 1
2025-07-26 10:15:14 - INFO - SesionTerapiaService.get_sesiones_by_terapeuta - ID: 8
2025-07-26 10:15:14 - INFO - SesionTerapiaComponent.get_sesiones_by_terapeuta - 0 sesiones encontradas
2025-07-26 10:15:14 - INFO - SesionTerapiaService.get_sesiones_by_terapeuta - Sesiones obtenidas
2025-07-26 10:16:40 - INFO - app - Iniciando Sistema Tía Glenda Backend
2025-07-26 10:17:10 - INFO - app - Iniciando Sistema Tía Glenda Backend
2025-07-26 10:17:16 - INFO - app - Iniciando Sistema Tía Glenda Backend
2025-07-26 10:17:22 - INFO - app - Iniciando Sistema Tía Glenda Backend
2025-07-26 10:17:52 - INFO - app - Iniciando Sistema Tía Glenda Backend
2025-07-26 10:18:03 - INFO - app - Iniciando Sistema Tía Glenda Backend
2025-07-26 10:18:31 - INFO - app - Iniciando Sistema Tía Glenda Backend
2025-07-26 10:18:37 - INFO - app - Iniciando Sistema Tía Glenda Backend
2025-07-26 10:18:42 - INFO - app - Iniciando Sistema Tía Glenda Backend
2025-07-26 10:18:56 - INFO - app - Iniciando Sistema Tía Glenda Backend
2025-07-26 10:19:10 - INFO - app - Iniciando Sistema Tía Glenda Backend
2025-07-26 10:19:17 - INFO - app - Iniciando Sistema Tía Glenda Backend
2025-07-26 10:19:26 - INFO - LoginService.login - Intento de autenticacion
2025-07-26 10:19:26 - INFO - LoginComponent.get_user_for_login - Busqueda para usuario: admin
2025-07-26 10:19:26 - INFO - LoginComponent.update_last_access - Actualizado para usuario ID: 1
2025-07-26 10:19:26 - INFO - LoginService.login - Autenticacion exitosa: admin
2025-07-26 10:19:28 - INFO - LoginComponent.get_user_by_id - Consulta para usuario ID: 1
2025-07-26 10:19:28 - INFO - EspecialidadService.get_especialidades - Iniciando
2025-07-26 10:19:28 - INFO - EspecialidadComponent.get_all_especialidades - 41 especialidades encontradas
2025-07-26 10:19:28 - INFO - EspecialidadService.get_especialidades - Especialidades obtenidas exitosamente
2025-07-26 10:19:30 - INFO - LoginComponent.get_user_by_id - Consulta para usuario ID: 1
2025-07-26 10:19:30 - INFO - SesionTerapiaService.get_terapeutas_disponibles - Iniciando
2025-07-26 10:19:30 - INFO - SesionTerapiaComponent.get_terapeutas_disponibles - 8 terapeutas disponibles
2025-07-26 10:19:30 - INFO - SesionTerapiaService.get_terapeutas_disponibles - 8 terapeutas disponibles
2025-07-26 10:19:33 - INFO - LoginComponent.get_user_by_id - Consulta para usuario ID: 1
2025-07-26 10:19:33 - INFO - SesionTerapiaService.get_pacientes_disponibles - Iniciando
2025-07-26 10:19:33 - INFO - SesionTerapiaComponent.get_pacientes_disponibles - 9 pacientes disponibles
2025-07-26 10:19:33 - INFO - SesionTerapiaService.get_pacientes_disponibles - 9 pacientes disponibles
2025-07-26 10:19:35 - INFO - LoginComponent.get_user_by_id - Consulta para usuario ID: 1
2025-07-26 10:19:35 - INFO - SesionTerapiaService.get_sesiones - Iniciando
2025-07-26 10:19:35 - INFO - SesionTerapiaComponent.get_sesiones - Sesiones obtenidas exitosamente
2025-07-26 10:19:35 - INFO - SesionTerapiaService.get_sesiones - Sesiones obtenidas exitosamente
2025-07-26 10:19:37 - INFO - LoginComponent.get_user_by_id - Consulta para usuario ID: 1
2025-07-26 10:19:37 - INFO - SesionTerapiaService.create_sesion - Iniciando
2025-07-26 10:19:37 - INFO - SesionTerapiaComponent.create_sesion - Sesión creada con ID: 14, Código: ST-2025-006
2025-07-26 10:19:37 - INFO - SesionTerapiaService.create_sesion - Sesión creada con ID: 14
2025-07-26 10:19:40 - INFO - LoginComponent.get_user_by_id - Consulta para usuario ID: 1
2025-07-26 10:19:40 - INFO - SesionTerapiaService.get_sesiones - Iniciando
2025-07-26 10:19:40 - INFO - SesionTerapiaComponent.get_sesiones - Sesiones obtenidas exitosamente
2025-07-26 10:19:40 - INFO - SesionTerapiaService.get_sesiones - Sesiones obtenidas exitosamente
2025-07-26 10:19:42 - INFO - LoginComponent.get_user_by_id - Consulta para usuario ID: 1
2025-07-26 10:19:42 - INFO - SesionTerapiaService.create_sesion - Iniciando
2025-07-26 10:19:42 - INFO - SesionTerapiaComponent.create_sesion - Sesión creada con ID: 15, Código: ST-2025-006
2025-07-26 10:19:42 - INFO - SesionTerapiaService.create_sesion - Sesión creada con ID: 15
2025-07-26 10:19:47 - INFO - LoginComponent.get_user_by_id - Consulta para usuario ID: 1
2025-07-26 10:19:47 - INFO - SesionTerapiaService.get_estadisticas - Iniciando
2025-07-26 10:19:47 - INFO - SesionTerapiaComponent.get_estadisticas_sesiones - Estadísticas obtenidas
2025-07-26 10:19:47 - INFO - SesionTerapiaService.get_estadisticas - Estadísticas obtenidas
2025-07-26 10:19:49 - INFO - LoginComponent.get_user_by_id - Consulta para usuario ID: 1
2025-07-26 10:19:49 - INFO - SesionTerapiaService.get_sesiones_hoy - Iniciando
2025-07-26 10:19:49 - INFO - SesionTerapiaComponent.get_sesiones_activas_hoy - 0 sesiones hoy
2025-07-26 10:19:49 - INFO - SesionTerapiaService.get_sesiones_hoy - 0 sesiones hoy
2025-07-26 10:19:51 - INFO - LoginComponent.get_user_by_id - Consulta para usuario ID: 1
2025-07-26 10:19:51 - INFO - SesionTerapiaService.get_sesiones_by_terapeuta - ID: 8
2025-07-26 10:19:51 - INFO - SesionTerapiaComponent.get_sesiones_by_terapeuta - 0 sesiones encontradas
2025-07-26 10:19:51 - INFO - SesionTerapiaService.get_sesiones_by_terapeuta - Sesiones obtenidas
2025-07-26 10:20:46 - INFO - LoginService.login - Intento de autenticacion
2025-07-26 10:20:46 - INFO - LoginComponent.get_user_for_login - Busqueda para usuario: admin
2025-07-26 10:20:46 - INFO - LoginComponent.update_last_access - Actualizado para usuario ID: 1
2025-07-26 10:20:46 - INFO - LoginService.login - Autenticacion exitosa: admin
2025-07-26 10:20:59 - INFO - LoginComponent.get_user_by_id - Consulta para usuario ID: 1
2025-07-26 10:20:59 - INFO - SesionTerapiaService.create_sesion - Iniciando
2025-07-26 10:20:59 - INFO - SesionTerapiaComponent.create_sesion - Sesión creada con ID: 16, Código: ST-2025-006
2025-07-26 10:20:59 - INFO - SesionTerapiaService.create_sesion - Sesión creada con ID: 16
2025-07-26 10:21:07 - INFO - LoginComponent.get_user_by_id - Consulta para usuario ID: 1
2025-07-26 10:21:07 - INFO - SesionTerapiaService.create_sesion - Iniciando
2025-07-26 10:21:07 - INFO - SesionTerapiaComponent.create_sesion - Sesión creada con ID: 17, Código: ST-2025-006
2025-07-26 10:21:07 - INFO - SesionTerapiaService.create_sesion - Sesión creada con ID: 17
2025-07-26 10:21:15 - INFO - app - Iniciando Sistema Tía Glenda Backend
2025-07-26 10:21:32 - INFO - LoginService.login - Intento de autenticacion
2025-07-26 10:21:32 - INFO - LoginComponent.get_user_for_login - Busqueda para usuario: admin
2025-07-26 10:21:32 - INFO - LoginComponent.update_last_access - Actualizado para usuario ID: 1
2025-07-26 10:21:32 - INFO - LoginService.login - Autenticacion exitosa: admin
2025-07-26 10:21:34 - INFO - LoginComponent.get_user_by_id - Consulta para usuario ID: 1
2025-07-26 10:21:34 - INFO - EspecialidadService.get_especialidades - Iniciando
2025-07-26 10:21:34 - INFO - EspecialidadComponent.get_all_especialidades - 41 especialidades encontradas
2025-07-26 10:21:34 - INFO - EspecialidadService.get_especialidades - Especialidades obtenidas exitosamente
2025-07-26 10:21:37 - INFO - LoginComponent.get_user_by_id - Consulta para usuario ID: 1
2025-07-26 10:21:37 - INFO - SesionTerapiaService.get_terapeutas_disponibles - Iniciando
2025-07-26 10:21:37 - INFO - SesionTerapiaComponent.get_terapeutas_disponibles - 8 terapeutas disponibles
2025-07-26 10:21:37 - INFO - SesionTerapiaService.get_terapeutas_disponibles - 8 terapeutas disponibles
2025-07-26 10:21:39 - INFO - LoginComponent.get_user_by_id - Consulta para usuario ID: 1
2025-07-26 10:21:39 - INFO - SesionTerapiaService.get_pacientes_disponibles - Iniciando
2025-07-26 10:21:39 - INFO - SesionTerapiaComponent.get_pacientes_disponibles - 9 pacientes disponibles
2025-07-26 10:21:39 - INFO - SesionTerapiaService.get_pacientes_disponibles - 9 pacientes disponibles
2025-07-26 10:21:41 - INFO - LoginComponent.get_user_by_id - Consulta para usuario ID: 1
2025-07-26 10:21:41 - INFO - SesionTerapiaService.get_sesiones - Iniciando
2025-07-26 10:21:41 - INFO - SesionTerapiaComponent.get_sesiones - Sesiones obtenidas exitosamente
2025-07-26 10:21:41 - INFO - SesionTerapiaService.get_sesiones - Sesiones obtenidas exitosamente
2025-07-26 10:21:43 - INFO - LoginComponent.get_user_by_id - Consulta para usuario ID: 1
2025-07-26 10:21:43 - INFO - SesionTerapiaService.create_sesion - Iniciando
2025-07-26 10:21:43 - INFO - SesionTerapiaComponent.create_sesion - Sesión creada con ID: 18, Código: ST-2025-006
2025-07-26 10:21:43 - INFO - SesionTerapiaService.create_sesion - Sesión creada con ID: 18
2025-07-26 10:21:45 - INFO - LoginComponent.get_user_by_id - Consulta para usuario ID: 1
2025-07-26 10:21:45 - INFO - SesionTerapiaService.get_sesion - ID: 18
2025-07-26 10:21:45 - INFO - SesionTerapiaComponent.get_sesion_by_id - Sesión 18 no encontrada
2025-07-26 10:21:49 - INFO - LoginComponent.get_user_by_id - Consulta para usuario ID: 1
2025-07-26 10:21:49 - INFO - SesionTerapiaService.get_sesiones - Iniciando
2025-07-26 10:21:49 - INFO - SesionTerapiaComponent.get_sesiones - Sesiones obtenidas exitosamente
2025-07-26 10:21:49 - INFO - SesionTerapiaService.get_sesiones - Sesiones obtenidas exitosamente
2025-07-26 10:21:51 - INFO - LoginComponent.get_user_by_id - Consulta para usuario ID: 1
2025-07-26 10:21:51 - INFO - SesionTerapiaService.create_sesion - Iniciando
2025-07-26 10:21:51 - INFO - SesionTerapiaComponent.create_sesion - Sesión creada con ID: 19, Código: ST-2025-006
2025-07-26 10:21:51 - INFO - SesionTerapiaService.create_sesion - Sesión creada con ID: 19
2025-07-26 10:21:53 - INFO - LoginComponent.get_user_by_id - Consulta para usuario ID: 1
2025-07-26 10:21:53 - INFO - SesionTerapiaService.get_sesion - ID: 19
2025-07-26 10:21:53 - INFO - SesionTerapiaComponent.get_sesion_by_id - Sesión 19 no encontrada
2025-07-26 10:21:55 - INFO - LoginComponent.get_user_by_id - Consulta para usuario ID: 1
2025-07-26 10:21:55 - INFO - SesionTerapiaService.get_cronograma_sesion - ID: 19
2025-07-26 10:21:55 - INFO - SesionTerapiaComponent.get_cronograma_sesion - 0 sesiones programadas
2025-07-26 10:21:55 - INFO - SesionTerapiaService.get_cronograma_sesion - Cronograma obtenido
2025-07-26 10:21:58 - INFO - LoginComponent.get_user_by_id - Consulta para usuario ID: 1
2025-07-26 10:21:58 - INFO - SesionTerapiaService.get_cronograma_sesion - ID: 19
2025-07-26 10:21:59 - INFO - SesionTerapiaComponent.get_cronograma_sesion - 0 sesiones programadas
2025-07-26 10:21:59 - INFO - SesionTerapiaService.get_cronograma_sesion - Cronograma obtenido
2025-07-26 10:22:01 - INFO - LoginComponent.get_user_by_id - Consulta para usuario ID: 1
2025-07-26 10:22:01 - INFO - SesionTerapiaComponent.get_pacientes_sesion - 0 pacientes encontrados
2025-07-26 10:22:03 - INFO - LoginComponent.get_user_by_id - Consulta para usuario ID: 1
2025-07-26 10:22:03 - INFO - SesionTerapiaService.add_paciente_to_sesion - Sesion ID: 19
2025-07-26 10:22:05 - INFO - LoginComponent.get_user_by_id - Consulta para usuario ID: 1
2025-07-26 10:22:05 - INFO - SesionTerapiaService.get_estadisticas - Iniciando
2025-07-26 10:22:05 - INFO - SesionTerapiaComponent.get_estadisticas_sesiones - Estadísticas obtenidas
2025-07-26 10:22:05 - INFO - SesionTerapiaService.get_estadisticas - Estadísticas obtenidas
2025-07-26 10:22:07 - INFO - LoginComponent.get_user_by_id - Consulta para usuario ID: 1
2025-07-26 10:22:07 - INFO - SesionTerapiaService.get_sesiones_hoy - Iniciando
2025-07-26 10:22:07 - INFO - SesionTerapiaComponent.get_sesiones_activas_hoy - 0 sesiones hoy
2025-07-26 10:22:07 - INFO - SesionTerapiaService.get_sesiones_hoy - 0 sesiones hoy
2025-07-26 10:22:10 - INFO - LoginComponent.get_user_by_id - Consulta para usuario ID: 1
2025-07-26 10:22:10 - INFO - SesionTerapiaService.get_sesiones_by_terapeuta - ID: 8
2025-07-26 10:22:10 - INFO - SesionTerapiaComponent.get_sesiones_by_terapeuta - 0 sesiones encontradas
2025-07-26 10:22:10 - INFO - SesionTerapiaService.get_sesiones_by_terapeuta - Sesiones obtenidas
2025-07-26 10:22:12 - INFO - LoginComponent.get_user_by_id - Consulta para usuario ID: 1
2025-07-26 10:22:12 - INFO - SesionTerapiaService.delete_sesion - ID: 19
2025-07-26 10:22:24 - INFO - LoginService.login - Intento de autenticacion
2025-07-26 10:22:24 - INFO - LoginComponent.get_user_for_login - Busqueda para usuario: admin
2025-07-26 10:22:25 - INFO - LoginComponent.update_last_access - Actualizado para usuario ID: 1
2025-07-26 10:22:25 - INFO - LoginService.login - Autenticacion exitosa: admin
2025-07-26 10:22:27 - INFO - LoginComponent.get_user_by_id - Consulta para usuario ID: 1
2025-07-26 10:22:27 - INFO - EspecialidadService.get_especialidades - Iniciando
2025-07-26 10:22:27 - INFO - EspecialidadComponent.get_all_especialidades - 41 especialidades encontradas
2025-07-26 10:22:27 - INFO - EspecialidadService.get_especialidades - Especialidades obtenidas exitosamente
2025-07-26 10:22:29 - INFO - LoginComponent.get_user_by_id - Consulta para usuario ID: 1
2025-07-26 10:22:29 - INFO - SesionTerapiaService.get_terapeutas_disponibles - Iniciando
2025-07-26 10:22:29 - INFO - SesionTerapiaComponent.get_terapeutas_disponibles - 8 terapeutas disponibles
2025-07-26 10:22:29 - INFO - SesionTerapiaService.get_terapeutas_disponibles - 8 terapeutas disponibles
2025-07-26 10:22:31 - INFO - LoginComponent.get_user_by_id - Consulta para usuario ID: 1
2025-07-26 10:22:31 - INFO - SesionTerapiaService.get_pacientes_disponibles - Iniciando
2025-07-26 10:22:31 - INFO - SesionTerapiaComponent.get_pacientes_disponibles - 9 pacientes disponibles
2025-07-26 10:22:31 - INFO - SesionTerapiaService.get_pacientes_disponibles - 9 pacientes disponibles
2025-07-26 10:22:34 - INFO - LoginComponent.get_user_by_id - Consulta para usuario ID: 1
2025-07-26 10:22:34 - INFO - SesionTerapiaService.get_sesiones - Iniciando
2025-07-26 10:22:34 - INFO - SesionTerapiaComponent.get_sesiones - Sesiones obtenidas exitosamente
2025-07-26 10:22:34 - INFO - SesionTerapiaService.get_sesiones - Sesiones obtenidas exitosamente
2025-07-26 10:22:36 - INFO - LoginComponent.get_user_by_id - Consulta para usuario ID: 1
2025-07-26 10:22:36 - INFO - SesionTerapiaService.create_sesion - Iniciando
2025-07-26 10:22:36 - INFO - SesionTerapiaComponent.create_sesion - Sesión creada con ID: 20, Código: ST-2025-006
2025-07-26 10:22:36 - INFO - SesionTerapiaService.create_sesion - Sesión creada con ID: 20
2025-07-26 10:22:38 - INFO - LoginComponent.get_user_by_id - Consulta para usuario ID: 1
2025-07-26 10:22:38 - INFO - SesionTerapiaService.get_sesion - ID: 20
2025-07-26 10:22:38 - INFO - SesionTerapiaComponent.get_sesion_by_id - Sesión 20 no encontrada
2025-07-26 10:22:41 - INFO - LoginComponent.get_user_by_id - Consulta para usuario ID: 1
2025-07-26 10:22:41 - INFO - SesionTerapiaService.get_sesiones - Iniciando
2025-07-26 10:22:41 - INFO - SesionTerapiaComponent.get_sesiones - Sesiones obtenidas exitosamente
2025-07-26 10:22:41 - INFO - SesionTerapiaService.get_sesiones - Sesiones obtenidas exitosamente
2025-07-26 10:22:44 - INFO - LoginComponent.get_user_by_id - Consulta para usuario ID: 1
2025-07-26 10:22:44 - INFO - SesionTerapiaService.create_sesion - Iniciando
2025-07-26 10:22:44 - INFO - SesionTerapiaComponent.create_sesion - Sesión creada con ID: 21, Código: ST-2025-006
2025-07-26 10:22:44 - INFO - SesionTerapiaService.create_sesion - Sesión creada con ID: 21
2025-07-26 10:22:46 - INFO - LoginComponent.get_user_by_id - Consulta para usuario ID: 1
2025-07-26 10:22:46 - INFO - SesionTerapiaService.get_sesion - ID: 21
2025-07-26 10:22:46 - INFO - SesionTerapiaComponent.get_sesion_by_id - Sesión 21 no encontrada
2025-07-26 10:22:48 - INFO - LoginComponent.get_user_by_id - Consulta para usuario ID: 1
2025-07-26 10:22:48 - INFO - SesionTerapiaService.get_cronograma_sesion - ID: 21
2025-07-26 10:22:48 - INFO - SesionTerapiaComponent.get_cronograma_sesion - 0 sesiones programadas
2025-07-26 10:22:48 - INFO - SesionTerapiaService.get_cronograma_sesion - Cronograma obtenido
2025-07-26 10:22:51 - INFO - LoginComponent.get_user_by_id - Consulta para usuario ID: 1
2025-07-26 10:22:51 - INFO - SesionTerapiaService.get_cronograma_sesion - ID: 21
2025-07-26 10:22:51 - INFO - SesionTerapiaComponent.get_cronograma_sesion - 0 sesiones programadas
2025-07-26 10:22:51 - INFO - SesionTerapiaService.get_cronograma_sesion - Cronograma obtenido
2025-07-26 10:22:53 - INFO - LoginComponent.get_user_by_id - Consulta para usuario ID: 1
2025-07-26 10:22:54 - INFO - SesionTerapiaComponent.get_pacientes_sesion - 0 pacientes encontrados
2025-07-26 10:22:56 - INFO - LoginComponent.get_user_by_id - Consulta para usuario ID: 1
2025-07-26 10:22:56 - INFO - SesionTerapiaService.add_paciente_to_sesion - Sesion ID: 21
2025-07-26 10:22:58 - INFO - LoginComponent.get_user_by_id - Consulta para usuario ID: 1
2025-07-26 10:22:58 - INFO - SesionTerapiaService.get_estadisticas - Iniciando
2025-07-26 10:22:58 - INFO - SesionTerapiaComponent.get_estadisticas_sesiones - Estadísticas obtenidas
2025-07-26 10:22:58 - INFO - SesionTerapiaService.get_estadisticas - Estadísticas obtenidas
2025-07-26 10:23:00 - INFO - LoginComponent.get_user_by_id - Consulta para usuario ID: 1
2025-07-26 10:23:00 - INFO - SesionTerapiaService.get_sesiones_hoy - Iniciando
2025-07-26 10:23:00 - INFO - SesionTerapiaComponent.get_sesiones_activas_hoy - 0 sesiones hoy
2025-07-26 10:23:00 - INFO - SesionTerapiaService.get_sesiones_hoy - 0 sesiones hoy
2025-07-26 10:23:02 - INFO - LoginComponent.get_user_by_id - Consulta para usuario ID: 1
2025-07-26 10:23:02 - INFO - SesionTerapiaService.get_sesiones_by_terapeuta - ID: 8
2025-07-26 10:23:02 - INFO - SesionTerapiaComponent.get_sesiones_by_terapeuta - 0 sesiones encontradas
2025-07-26 10:23:02 - INFO - SesionTerapiaService.get_sesiones_by_terapeuta - Sesiones obtenidas
2025-07-26 10:23:05 - INFO - LoginComponent.get_user_by_id - Consulta para usuario ID: 1
2025-07-26 10:23:05 - INFO - SesionTerapiaService.delete_sesion - ID: 21
2025-07-26 10:26:44 - INFO - app - Iniciando Sistema Tía Glenda Backend
2025-07-26 10:27:50 - INFO - LoginService.login - Intento de autenticacion
2025-07-26 10:27:50 - INFO - LoginComponent.get_user_for_login - Busqueda para usuario: admin
2025-07-26 10:27:51 - INFO - LoginComponent.update_last_access - Actualizado para usuario ID: 1
2025-07-26 10:27:51 - INFO - LoginService.login - Autenticacion exitosa: admin
2025-07-26 10:27:53 - INFO - LoginComponent.get_user_by_id - Consulta para usuario ID: 1
2025-07-26 10:27:53 - INFO - EspecialidadService.get_especialidades - Iniciando
2025-07-26 10:27:53 - INFO - EspecialidadComponent.get_all_especialidades - 41 especialidades encontradas
2025-07-26 10:27:53 - INFO - EspecialidadService.get_especialidades - Especialidades obtenidas exitosamente
2025-07-26 10:27:55 - INFO - LoginComponent.get_user_by_id - Consulta para usuario ID: 1
2025-07-26 10:27:55 - INFO - SesionTerapiaService.get_terapeutas_disponibles - Iniciando
2025-07-26 10:27:55 - INFO - SesionTerapiaComponent.get_terapeutas_disponibles - 8 terapeutas disponibles
2025-07-26 10:27:55 - INFO - SesionTerapiaService.get_terapeutas_disponibles - 8 terapeutas disponibles
2025-07-26 10:27:57 - INFO - LoginComponent.get_user_by_id - Consulta para usuario ID: 1
2025-07-26 10:27:57 - INFO - SesionTerapiaService.get_pacientes_disponibles - Iniciando
2025-07-26 10:27:57 - INFO - SesionTerapiaComponent.get_pacientes_disponibles - 9 pacientes disponibles
2025-07-26 10:27:57 - INFO - SesionTerapiaService.get_pacientes_disponibles - 9 pacientes disponibles
2025-07-26 10:28:00 - INFO - LoginComponent.get_user_by_id - Consulta para usuario ID: 1
2025-07-26 10:28:00 - INFO - SesionTerapiaService.get_sesiones - Iniciando
2025-07-26 10:28:00 - INFO - SesionTerapiaComponent.get_sesiones - Sesiones obtenidas exitosamente
2025-07-26 10:28:00 - INFO - SesionTerapiaService.get_sesiones - Sesiones obtenidas exitosamente
2025-07-26 10:28:02 - INFO - LoginComponent.get_user_by_id - Consulta para usuario ID: 1
2025-07-26 10:28:02 - INFO - SesionTerapiaService.create_sesion - Iniciando
2025-07-26 10:28:05 - INFO - LoginComponent.get_user_by_id - Consulta para usuario ID: 1
2025-07-26 10:28:05 - INFO - SesionTerapiaService.get_sesiones - Iniciando
2025-07-26 10:28:06 - INFO - SesionTerapiaComponent.get_sesiones - Sesiones obtenidas exitosamente
2025-07-26 10:28:06 - INFO - SesionTerapiaService.get_sesiones - Sesiones obtenidas exitosamente
2025-07-26 10:28:08 - INFO - LoginComponent.get_user_by_id - Consulta para usuario ID: 1
2025-07-26 10:28:08 - INFO - SesionTerapiaService.create_sesion - Iniciando
2025-07-26 10:28:12 - INFO - LoginComponent.get_user_by_id - Consulta para usuario ID: 1
2025-07-26 10:28:12 - INFO - SesionTerapiaService.get_estadisticas - Iniciando
2025-07-26 10:28:12 - INFO - SesionTerapiaComponent.get_estadisticas_sesiones - Estadísticas obtenidas
2025-07-26 10:28:12 - INFO - SesionTerapiaService.get_estadisticas - Estadísticas obtenidas
2025-07-26 10:28:15 - INFO - LoginComponent.get_user_by_id - Consulta para usuario ID: 1
2025-07-26 10:28:15 - INFO - SesionTerapiaService.get_sesiones_hoy - Iniciando
2025-07-26 10:28:15 - INFO - SesionTerapiaComponent.get_sesiones_activas_hoy - 0 sesiones hoy
2025-07-26 10:28:15 - INFO - SesionTerapiaService.get_sesiones_hoy - 0 sesiones hoy
2025-07-26 10:28:17 - INFO - LoginComponent.get_user_by_id - Consulta para usuario ID: 1
2025-07-26 10:28:17 - INFO - SesionTerapiaService.get_sesiones_by_terapeuta - ID: 8
2025-07-26 10:28:17 - INFO - SesionTerapiaComponent.get_sesiones_by_terapeuta - 0 sesiones encontradas
2025-07-26 10:28:17 - INFO - SesionTerapiaService.get_sesiones_by_terapeuta - Sesiones obtenidas
2025-07-26 10:29:00 - INFO - app - Iniciando Sistema Tía Glenda Backend
2025-07-26 10:29:20 - INFO - LoginService.login - Intento de autenticacion
2025-07-26 10:29:20 - INFO - LoginComponent.get_user_for_login - Busqueda para usuario: admin
2025-07-26 10:29:21 - INFO - LoginComponent.update_last_access - Actualizado para usuario ID: 1
2025-07-26 10:29:21 - INFO - LoginService.login - Autenticacion exitosa: admin
2025-07-26 10:29:23 - INFO - LoginComponent.get_user_by_id - Consulta para usuario ID: 1
2025-07-26 10:29:23 - INFO - EspecialidadService.get_especialidades - Iniciando
2025-07-26 10:29:23 - INFO - EspecialidadComponent.get_all_especialidades - 41 especialidades encontradas
2025-07-26 10:29:23 - INFO - EspecialidadService.get_especialidades - Especialidades obtenidas exitosamente
2025-07-26 10:29:25 - INFO - LoginComponent.get_user_by_id - Consulta para usuario ID: 1
2025-07-26 10:29:25 - INFO - SesionTerapiaService.get_terapeutas_disponibles - Iniciando
2025-07-26 10:29:25 - INFO - SesionTerapiaComponent.get_terapeutas_disponibles - 8 terapeutas disponibles
2025-07-26 10:29:25 - INFO - SesionTerapiaService.get_terapeutas_disponibles - 8 terapeutas disponibles
2025-07-26 10:29:27 - INFO - LoginComponent.get_user_by_id - Consulta para usuario ID: 1
2025-07-26 10:29:27 - INFO - SesionTerapiaService.get_pacientes_disponibles - Iniciando
2025-07-26 10:29:27 - INFO - SesionTerapiaComponent.get_pacientes_disponibles - 9 pacientes disponibles
2025-07-26 10:29:27 - INFO - SesionTerapiaService.get_pacientes_disponibles - 9 pacientes disponibles
2025-07-26 10:29:30 - INFO - LoginComponent.get_user_by_id - Consulta para usuario ID: 1
2025-07-26 10:29:30 - INFO - SesionTerapiaService.get_sesiones - Iniciando
2025-07-26 10:29:30 - INFO - SesionTerapiaComponent.get_sesiones - Sesiones obtenidas exitosamente
2025-07-26 10:29:30 - INFO - SesionTerapiaService.get_sesiones - Sesiones obtenidas exitosamente
2025-07-26 10:29:32 - INFO - LoginComponent.get_user_by_id - Consulta para usuario ID: 1
2025-07-26 10:29:32 - INFO - SesionTerapiaService.create_sesion - Iniciando
2025-07-26 10:29:32 - INFO - SesionTerapiaComponent.create_sesion - Sesión creada con ID: 24, Código: ST-2025-006
2025-07-26 10:29:32 - INFO - SesionTerapiaComponent.generar_cronograma - Cronograma generado para sesión 24
2025-07-26 10:29:32 - INFO - SesionTerapiaComponent.create_sesion - Cronograma generado para sesión 24
2025-07-26 10:29:32 - INFO - SesionTerapiaComponent.generar_cronograma - Cronograma generado para sesión 24
2025-07-26 10:29:32 - INFO - SesionTerapiaComponent.add_paciente_to_sesion - Paciente 9 agregado a sesión 24
2025-07-26 10:29:32 - INFO - SesionTerapiaService.create_sesion - Sesión creada con ID: 24
2025-07-26 10:29:34 - INFO - LoginComponent.get_user_by_id - Consulta para usuario ID: 1
2025-07-26 10:29:34 - INFO - SesionTerapiaService.get_sesion - ID: 24
2025-07-26 10:29:35 - INFO - SesionTerapiaComponent.get_sesion_by_id - Sesión 24 encontrada
2025-07-26 10:29:35 - INFO - SesionTerapiaComponent.get_pacientes_sesion - 0 pacientes encontrados
2025-07-26 10:29:35 - INFO - SesionTerapiaComponent.get_cronograma_sesion - 0 sesiones programadas
2025-07-26 10:29:35 - INFO - SesionTerapiaService.get_sesion - Sesión 24 encontrada
2025-07-26 10:29:37 - INFO - LoginComponent.get_user_by_id - Consulta para usuario ID: 1
2025-07-26 10:29:37 - INFO - SesionTerapiaService.update_sesion - ID: 24
2025-07-26 10:29:37 - INFO - SesionTerapiaComponent.update_sesion - Sesión 24 actualizada
2025-07-26 10:29:37 - INFO - SesionTerapiaService.update_sesion - Sesión 24 actualizada
2025-07-26 10:29:39 - INFO - LoginComponent.get_user_by_id - Consulta para usuario ID: 1
2025-07-26 10:29:39 - INFO - SesionTerapiaService.get_cronograma_sesion - ID: 24
2025-07-26 10:29:39 - INFO - SesionTerapiaComponent.get_cronograma_sesion - 0 sesiones programadas
2025-07-26 10:29:39 - INFO - SesionTerapiaService.get_cronograma_sesion - Cronograma obtenido
2025-07-26 10:29:42 - INFO - LoginComponent.get_user_by_id - Consulta para usuario ID: 1
2025-07-26 10:29:42 - INFO - SesionTerapiaService.get_cronograma_sesion - ID: 24
2025-07-26 10:29:43 - INFO - SesionTerapiaComponent.get_cronograma_sesion - 0 sesiones programadas
2025-07-26 10:29:43 - INFO - SesionTerapiaService.get_cronograma_sesion - Cronograma obtenido
2025-07-26 10:29:45 - INFO - LoginComponent.get_user_by_id - Consulta para usuario ID: 1
2025-07-26 10:29:45 - INFO - SesionTerapiaComponent.get_pacientes_sesion - 0 pacientes encontrados
2025-07-26 10:29:47 - INFO - LoginComponent.get_user_by_id - Consulta para usuario ID: 1
2025-07-26 10:29:47 - INFO - SesionTerapiaService.add_paciente_to_sesion - Sesion ID: 24
2025-07-26 10:29:47 - INFO - SesionTerapiaComponent.add_paciente_to_sesion - Paciente 9 agregado a sesión 24
2025-07-26 10:29:47 - INFO - SesionTerapiaService.add_paciente_to_sesion - Paciente 9 agregado a sesión 24
2025-07-26 10:29:49 - INFO - LoginComponent.get_user_by_id - Consulta para usuario ID: 1
2025-07-26 10:29:49 - INFO - SesionTerapiaService.get_estadisticas - Iniciando
2025-07-26 10:29:49 - INFO - SesionTerapiaComponent.get_estadisticas_sesiones - Estadísticas obtenidas
2025-07-26 10:29:49 - INFO - SesionTerapiaService.get_estadisticas - Estadísticas obtenidas
2025-07-26 10:29:51 - INFO - LoginComponent.get_user_by_id - Consulta para usuario ID: 1
2025-07-26 10:29:51 - INFO - SesionTerapiaService.get_sesiones_hoy - Iniciando
2025-07-26 10:29:51 - INFO - SesionTerapiaComponent.get_sesiones_activas_hoy - 0 sesiones hoy
2025-07-26 10:29:51 - INFO - SesionTerapiaService.get_sesiones_hoy - 0 sesiones hoy
2025-07-26 10:29:54 - INFO - LoginComponent.get_user_by_id - Consulta para usuario ID: 1
2025-07-26 10:29:54 - INFO - SesionTerapiaService.get_sesiones_by_terapeuta - ID: 8
2025-07-26 10:29:54 - INFO - SesionTerapiaComponent.get_sesiones_by_terapeuta - 1 sesiones encontradas
2025-07-26 10:29:54 - INFO - SesionTerapiaService.get_sesiones_by_terapeuta - Sesiones obtenidas
2025-07-26 10:29:57 - INFO - LoginComponent.get_user_by_id - Consulta para usuario ID: 1
2025-07-26 10:29:57 - INFO - SesionTerapiaService.get_estadisticas - Iniciando
2025-07-26 10:29:57 - INFO - SesionTerapiaComponent.get_estadisticas_sesiones - Estadísticas obtenidas
2025-07-26 10:29:57 - INFO - SesionTerapiaService.get_estadisticas - Estadísticas obtenidas
2025-07-26 10:29:59 - INFO - LoginComponent.get_user_by_id - Consulta para usuario ID: 1
2025-07-26 10:29:59 - INFO - SesionTerapiaService.get_sesiones_hoy - Iniciando
2025-07-26 10:29:59 - INFO - SesionTerapiaComponent.get_sesiones_activas_hoy - 0 sesiones hoy
2025-07-26 10:29:59 - INFO - SesionTerapiaService.get_sesiones_hoy - 0 sesiones hoy
2025-07-26 10:30:01 - INFO - LoginComponent.get_user_by_id - Consulta para usuario ID: 1
2025-07-26 10:30:01 - INFO - SesionTerapiaService.get_sesiones_by_terapeuta - ID: 8
2025-07-26 10:30:01 - INFO - SesionTerapiaComponent.get_sesiones_by_terapeuta - 1 sesiones encontradas
2025-07-26 10:30:01 - INFO - SesionTerapiaService.get_sesiones_by_terapeuta - Sesiones obtenidas
2025-07-26 10:30:03 - INFO - LoginComponent.get_user_by_id - Consulta para usuario ID: 1
2025-07-26 10:30:03 - INFO - SesionTerapiaService.delete_sesion - ID: 24
2025-07-26 10:30:03 - INFO - SesionTerapiaComponent.delete_sesion - Sesión 24 cancelada
2025-07-26 10:30:03 - INFO - SesionTerapiaService.delete_sesion - Sesión 24 cancelada
2025-07-26 10:30:14 - INFO - LoginService.login - Intento de autenticacion
2025-07-26 10:30:14 - INFO - LoginComponent.get_user_for_login - Busqueda para usuario: admin
2025-07-26 10:30:14 - INFO - LoginComponent.update_last_access - Actualizado para usuario ID: 1
2025-07-26 10:30:14 - INFO - LoginService.login - Autenticacion exitosa: admin
2025-07-26 10:30:16 - INFO - LoginComponent.get_user_by_id - Consulta para usuario ID: 1
2025-07-26 10:30:16 - INFO - EspecialidadService.get_especialidades - Iniciando
2025-07-26 10:30:17 - INFO - EspecialidadComponent.get_all_especialidades - 41 especialidades encontradas
2025-07-26 10:30:17 - INFO - EspecialidadService.get_especialidades - Especialidades obtenidas exitosamente
2025-07-26 10:30:19 - INFO - LoginComponent.get_user_by_id - Consulta para usuario ID: 1
2025-07-26 10:30:19 - INFO - SesionTerapiaService.get_terapeutas_disponibles - Iniciando
2025-07-26 10:30:19 - INFO - SesionTerapiaComponent.get_terapeutas_disponibles - 8 terapeutas disponibles
2025-07-26 10:30:19 - INFO - SesionTerapiaService.get_terapeutas_disponibles - 8 terapeutas disponibles
2025-07-26 10:30:21 - INFO - LoginComponent.get_user_by_id - Consulta para usuario ID: 1
2025-07-26 10:30:21 - INFO - SesionTerapiaService.get_pacientes_disponibles - Iniciando
2025-07-26 10:30:21 - INFO - SesionTerapiaComponent.get_pacientes_disponibles - 9 pacientes disponibles
2025-07-26 10:30:21 - INFO - SesionTerapiaService.get_pacientes_disponibles - 9 pacientes disponibles
2025-07-26 10:30:23 - INFO - LoginComponent.get_user_by_id - Consulta para usuario ID: 1
2025-07-26 10:30:23 - INFO - SesionTerapiaService.get_sesiones - Iniciando
2025-07-26 10:30:23 - INFO - SesionTerapiaComponent.get_sesiones - Sesiones obtenidas exitosamente
2025-07-26 10:30:23 - INFO - SesionTerapiaService.get_sesiones - Sesiones obtenidas exitosamente
2025-07-26 10:30:25 - INFO - LoginComponent.get_user_by_id - Consulta para usuario ID: 1
2025-07-26 10:30:25 - INFO - SesionTerapiaService.create_sesion - Iniciando
2025-07-26 10:30:25 - INFO - SesionTerapiaComponent.create_sesion - Sesión creada con ID: 25, Código: ST-2025-007
2025-07-26 10:30:25 - INFO - SesionTerapiaComponent.generar_cronograma - Cronograma generado para sesión 25
2025-07-26 10:30:25 - INFO - SesionTerapiaComponent.create_sesion - Cronograma generado para sesión 25
2025-07-26 10:30:25 - INFO - SesionTerapiaComponent.generar_cronograma - Cronograma generado para sesión 25
2025-07-26 10:30:26 - INFO - SesionTerapiaComponent.add_paciente_to_sesion - Paciente 9 agregado a sesión 25
2025-07-26 10:30:26 - INFO - SesionTerapiaService.create_sesion - Sesión creada con ID: 25
2025-07-26 10:30:28 - INFO - LoginComponent.get_user_by_id - Consulta para usuario ID: 1
2025-07-26 10:30:28 - INFO - SesionTerapiaService.get_sesion - ID: 25
2025-07-26 10:30:28 - INFO - SesionTerapiaComponent.get_sesion_by_id - Sesión 25 encontrada
2025-07-26 10:30:28 - INFO - SesionTerapiaComponent.get_pacientes_sesion - 0 pacientes encontrados
2025-07-26 10:30:28 - INFO - SesionTerapiaComponent.get_cronograma_sesion - 0 sesiones programadas
2025-07-26 10:30:28 - INFO - SesionTerapiaService.get_sesion - Sesión 25 encontrada
2025-07-26 10:30:30 - INFO - LoginComponent.get_user_by_id - Consulta para usuario ID: 1
2025-07-26 10:30:30 - INFO - SesionTerapiaService.update_sesion - ID: 25
2025-07-26 10:30:30 - INFO - SesionTerapiaComponent.update_sesion - Sesión 25 actualizada
2025-07-26 10:30:30 - INFO - SesionTerapiaService.update_sesion - Sesión 25 actualizada
2025-07-26 10:30:31 - INFO - LoginService.login - Intento de autenticacion
2025-07-26 10:30:31 - INFO - LoginComponent.get_user_for_login - Busqueda para usuario: admin
2025-07-26 10:30:31 - INFO - LoginComponent.update_last_access - Actualizado para usuario ID: 1
2025-07-26 10:30:31 - INFO - LoginService.login - Autenticacion exitosa: admin
2025-07-26 10:30:32 - INFO - LoginComponent.get_user_by_id - Consulta para usuario ID: 1
2025-07-26 10:30:32 - INFO - SesionTerapiaService.get_cronograma_sesion - ID: 25
2025-07-26 10:30:32 - INFO - SesionTerapiaComponent.get_cronograma_sesion - 0 sesiones programadas
2025-07-26 10:30:32 - INFO - SesionTerapiaService.get_cronograma_sesion - Cronograma obtenido
2025-07-26 10:30:35 - INFO - LoginComponent.get_user_by_id - Consulta para usuario ID: 1
2025-07-26 10:30:35 - INFO - SesionTerapiaService.get_cronograma_sesion - ID: 25
2025-07-26 10:30:35 - INFO - SesionTerapiaComponent.get_cronograma_sesion - 0 sesiones programadas
2025-07-26 10:30:35 - INFO - SesionTerapiaService.get_cronograma_sesion - Cronograma obtenido
2025-07-26 10:30:38 - INFO - LoginComponent.get_user_by_id - Consulta para usuario ID: 1
2025-07-26 10:30:38 - INFO - SesionTerapiaComponent.get_pacientes_sesion - 0 pacientes encontrados
2025-07-26 10:30:39 - INFO - LoginComponent.get_user_by_id - Consulta para usuario ID: 1
2025-07-26 10:30:39 - INFO - SesionTerapiaComponent.generar_cronograma - Cronograma generado para sesión 24
2025-07-26 10:30:40 - INFO - LoginComponent.get_user_by_id - Consulta para usuario ID: 1
2025-07-26 10:30:40 - INFO - SesionTerapiaService.add_paciente_to_sesion - Sesion ID: 25
2025-07-26 10:30:40 - INFO - SesionTerapiaComponent.add_paciente_to_sesion - Paciente 9 agregado a sesión 25
2025-07-26 10:30:40 - INFO - SesionTerapiaService.add_paciente_to_sesion - Paciente 9 agregado a sesión 25
2025-07-26 10:30:42 - INFO - LoginComponent.get_user_by_id - Consulta para usuario ID: 1
2025-07-26 10:30:42 - INFO - SesionTerapiaService.get_estadisticas - Iniciando
2025-07-26 10:30:42 - INFO - SesionTerapiaComponent.get_estadisticas_sesiones - Estadísticas obtenidas
2025-07-26 10:30:42 - INFO - SesionTerapiaService.get_estadisticas - Estadísticas obtenidas
2025-07-26 10:30:44 - INFO - LoginComponent.get_user_by_id - Consulta para usuario ID: 1
2025-07-26 10:30:44 - INFO - SesionTerapiaService.get_sesiones_hoy - Iniciando
2025-07-26 10:30:44 - INFO - SesionTerapiaComponent.get_sesiones_activas_hoy - 0 sesiones hoy
2025-07-26 10:30:44 - INFO - SesionTerapiaService.get_sesiones_hoy - 0 sesiones hoy
2025-07-26 10:30:46 - INFO - LoginComponent.get_user_by_id - Consulta para usuario ID: 1
2025-07-26 10:30:46 - INFO - SesionTerapiaService.get_sesiones_by_terapeuta - ID: 8
2025-07-26 10:30:47 - INFO - SesionTerapiaComponent.get_sesiones_by_terapeuta - 1 sesiones encontradas
2025-07-26 10:30:47 - INFO - SesionTerapiaService.get_sesiones_by_terapeuta - Sesiones obtenidas
2025-07-26 10:30:50 - INFO - LoginComponent.get_user_by_id - Consulta para usuario ID: 1
2025-07-26 10:30:50 - INFO - SesionTerapiaService.get_cronograma_sesion - ID: 24
2025-07-26 10:30:50 - INFO - SesionTerapiaComponent.get_cronograma_sesion - 0 sesiones programadas
2025-07-26 10:30:50 - INFO - SesionTerapiaService.get_cronograma_sesion - Cronograma obtenido
2025-07-26 10:30:50 - INFO - LoginComponent.get_user_by_id - Consulta para usuario ID: 1
2025-07-26 10:30:50 - INFO - SesionTerapiaService.get_estadisticas - Iniciando
2025-07-26 10:30:50 - INFO - SesionTerapiaComponent.get_estadisticas_sesiones - Estadísticas obtenidas
2025-07-26 10:30:50 - INFO - SesionTerapiaService.get_estadisticas - Estadísticas obtenidas
2025-07-26 10:30:52 - INFO - LoginComponent.get_user_by_id - Consulta para usuario ID: 1
2025-07-26 10:30:52 - INFO - SesionTerapiaService.get_sesiones_hoy - Iniciando
2025-07-26 10:30:52 - INFO - SesionTerapiaComponent.get_sesiones_activas_hoy - 0 sesiones hoy
2025-07-26 10:30:52 - INFO - SesionTerapiaService.get_sesiones_hoy - 0 sesiones hoy
2025-07-26 10:30:54 - INFO - LoginComponent.get_user_by_id - Consulta para usuario ID: 1
2025-07-26 10:30:54 - INFO - SesionTerapiaService.get_sesiones_by_terapeuta - ID: 8
2025-07-26 10:30:54 - INFO - SesionTerapiaComponent.get_sesiones_by_terapeuta - 1 sesiones encontradas
2025-07-26 10:30:54 - INFO - SesionTerapiaService.get_sesiones_by_terapeuta - Sesiones obtenidas
2025-07-26 10:30:56 - INFO - LoginComponent.get_user_by_id - Consulta para usuario ID: 1
2025-07-26 10:30:56 - INFO - SesionTerapiaService.delete_sesion - ID: 25
2025-07-26 10:30:56 - INFO - SesionTerapiaComponent.delete_sesion - Sesión 25 cancelada
2025-07-26 10:30:56 - INFO - SesionTerapiaService.delete_sesion - Sesión 25 cancelada
2025-07-26 10:31:47 - INFO - app - Iniciando Sistema Tía Glenda Backend
2025-07-26 10:32:28 - INFO - LoginService.login - Intento de autenticacion
2025-07-26 10:32:28 - INFO - LoginComponent.get_user_for_login - Busqueda para usuario: admin
2025-07-26 10:32:28 - INFO - LoginComponent.update_last_access - Actualizado para usuario ID: 1
2025-07-26 10:32:28 - INFO - LoginService.login - Autenticacion exitosa: admin
2025-07-26 10:32:30 - INFO - LoginComponent.get_user_by_id - Consulta para usuario ID: 1
2025-07-26 10:32:30 - INFO - EspecialidadService.get_especialidades - Iniciando
2025-07-26 10:32:30 - INFO - EspecialidadComponent.get_all_especialidades - 41 especialidades encontradas
2025-07-26 10:32:30 - INFO - EspecialidadService.get_especialidades - Especialidades obtenidas exitosamente
2025-07-26 10:32:32 - INFO - LoginComponent.get_user_by_id - Consulta para usuario ID: 1
2025-07-26 10:32:32 - INFO - SesionTerapiaService.get_terapeutas_disponibles - Iniciando
2025-07-26 10:32:32 - INFO - SesionTerapiaComponent.get_terapeutas_disponibles - 8 terapeutas disponibles
2025-07-26 10:32:32 - INFO - SesionTerapiaService.get_terapeutas_disponibles - 8 terapeutas disponibles
2025-07-26 10:32:35 - INFO - LoginComponent.get_user_by_id - Consulta para usuario ID: 1
2025-07-26 10:32:35 - INFO - SesionTerapiaService.get_pacientes_disponibles - Iniciando
2025-07-26 10:32:35 - INFO - SesionTerapiaComponent.get_pacientes_disponibles - 9 pacientes disponibles
2025-07-26 10:32:35 - INFO - SesionTerapiaService.get_pacientes_disponibles - 9 pacientes disponibles
2025-07-26 10:32:37 - INFO - LoginComponent.get_user_by_id - Consulta para usuario ID: 1
2025-07-26 10:32:37 - INFO - SesionTerapiaService.get_sesiones - Iniciando
2025-07-26 10:32:37 - INFO - SesionTerapiaComponent.get_sesiones - Sesiones obtenidas exitosamente
2025-07-26 10:32:37 - INFO - SesionTerapiaService.get_sesiones - Sesiones obtenidas exitosamente
2025-07-26 10:32:39 - INFO - LoginComponent.get_user_by_id - Consulta para usuario ID: 1
2025-07-26 10:32:39 - INFO - SesionTerapiaService.create_sesion - Iniciando
2025-07-26 10:32:39 - INFO - SesionTerapiaComponent.create_sesion - Sesión creada con ID: 26, Código: ST-2025-008
2025-07-26 10:32:40 - INFO - SesionTerapiaComponent.generar_cronograma - 12 sesiones programadas para sesión 26
2025-07-26 10:32:40 - INFO - SesionTerapiaComponent.create_sesion - Cronograma generado para sesión 26
2025-07-26 10:32:41 - INFO - SesionTerapiaComponent.generar_cronograma - 12 sesiones programadas para sesión 26
2025-07-26 10:32:41 - INFO - SesionTerapiaComponent.add_paciente_to_sesion - Paciente 9 agregado a sesión 26
2025-07-26 10:32:41 - INFO - SesionTerapiaService.create_sesion - Sesión creada con ID: 26
2025-07-26 10:32:43 - INFO - LoginComponent.get_user_by_id - Consulta para usuario ID: 1
2025-07-26 10:32:43 - INFO - SesionTerapiaService.get_sesion - ID: 26
2025-07-26 10:32:43 - INFO - SesionTerapiaComponent.get_sesion_by_id - Sesión 26 encontrada
2025-07-26 10:32:43 - INFO - SesionTerapiaComponent.get_pacientes_sesion - 0 pacientes encontrados
2025-07-26 10:32:43 - INFO - SesionTerapiaComponent.get_cronograma_sesion - 12 sesiones programadas
2025-07-26 10:32:43 - INFO - SesionTerapiaService.get_sesion - Sesión 26 encontrada
2025-07-26 10:32:47 - INFO - LoginComponent.get_user_by_id - Consulta para usuario ID: 1
2025-07-26 10:32:47 - INFO - SesionTerapiaService.get_sesiones - Iniciando
2025-07-26 10:32:47 - INFO - SesionTerapiaComponent.get_sesiones - Sesiones obtenidas exitosamente
2025-07-26 10:32:47 - INFO - SesionTerapiaService.get_sesiones - Sesiones obtenidas exitosamente
2025-07-26 10:32:49 - INFO - LoginComponent.get_user_by_id - Consulta para usuario ID: 1
2025-07-26 10:32:49 - INFO - SesionTerapiaService.create_sesion - Iniciando
2025-07-26 10:32:49 - INFO - SesionTerapiaComponent.create_sesion - Sesión creada con ID: 27, Código: ST-2025-009
2025-07-26 10:32:50 - INFO - SesionTerapiaComponent.generar_cronograma - 12 sesiones programadas para sesión 27
2025-07-26 10:32:50 - INFO - SesionTerapiaComponent.create_sesion - Cronograma generado para sesión 27
2025-07-26 10:32:51 - INFO - SesionTerapiaComponent.generar_cronograma - 12 sesiones programadas para sesión 27
2025-07-26 10:32:51 - INFO - SesionTerapiaComponent.add_paciente_to_sesion - Paciente 9 agregado a sesión 27
2025-07-26 10:32:51 - INFO - SesionTerapiaService.create_sesion - Sesión creada con ID: 27
2025-07-26 10:32:53 - INFO - LoginComponent.get_user_by_id - Consulta para usuario ID: 1
2025-07-26 10:32:53 - INFO - SesionTerapiaService.get_sesion - ID: 27
2025-07-26 10:32:53 - INFO - SesionTerapiaComponent.get_sesion_by_id - Sesión 27 encontrada
2025-07-26 10:32:53 - INFO - SesionTerapiaComponent.get_pacientes_sesion - 0 pacientes encontrados
2025-07-26 10:32:53 - INFO - SesionTerapiaComponent.get_cronograma_sesion - 12 sesiones programadas
2025-07-26 10:32:53 - INFO - SesionTerapiaService.get_sesion - Sesión 27 encontrada
2025-07-26 10:32:56 - INFO - LoginComponent.get_user_by_id - Consulta para usuario ID: 1
2025-07-26 10:32:56 - INFO - SesionTerapiaService.get_cronograma_sesion - ID: 27
2025-07-26 10:32:56 - INFO - SesionTerapiaComponent.get_cronograma_sesion - 12 sesiones programadas
2025-07-26 10:32:56 - INFO - SesionTerapiaService.get_cronograma_sesion - Cronograma obtenido
2025-07-26 10:32:59 - INFO - LoginComponent.get_user_by_id - Consulta para usuario ID: 1
2025-07-26 10:32:59 - INFO - SesionTerapiaService.get_cronograma_sesion - ID: 27
2025-07-26 10:32:59 - INFO - SesionTerapiaComponent.get_cronograma_sesion - 12 sesiones programadas
2025-07-26 10:32:59 - INFO - SesionTerapiaService.get_cronograma_sesion - Cronograma obtenido
2025-07-26 10:33:02 - INFO - LoginComponent.get_user_by_id - Consulta para usuario ID: 1
2025-07-26 10:33:02 - INFO - SesionTerapiaComponent.get_pacientes_sesion - 0 pacientes encontrados
2025-07-26 10:33:04 - INFO - LoginComponent.get_user_by_id - Consulta para usuario ID: 1
2025-07-26 10:33:04 - INFO - SesionTerapiaService.add_paciente_to_sesion - Sesion ID: 27
2025-07-26 10:33:04 - INFO - SesionTerapiaComponent.add_paciente_to_sesion - Paciente 9 agregado a sesión 27
2025-07-26 10:33:04 - INFO - SesionTerapiaService.add_paciente_to_sesion - Paciente 9 agregado a sesión 27
2025-07-26 10:33:06 - INFO - LoginComponent.get_user_by_id - Consulta para usuario ID: 1
2025-07-26 10:33:06 - INFO - SesionTerapiaService.get_estadisticas - Iniciando
2025-07-26 10:33:06 - INFO - SesionTerapiaComponent.get_estadisticas_sesiones - Estadísticas obtenidas
2025-07-26 10:33:06 - INFO - SesionTerapiaService.get_estadisticas - Estadísticas obtenidas
2025-07-26 10:33:09 - INFO - LoginComponent.get_user_by_id - Consulta para usuario ID: 1
2025-07-26 10:33:09 - INFO - SesionTerapiaService.get_sesiones_hoy - Iniciando
2025-07-26 10:33:09 - INFO - SesionTerapiaComponent.get_sesiones_activas_hoy - 0 sesiones hoy
2025-07-26 10:33:09 - INFO - SesionTerapiaService.get_sesiones_hoy - 0 sesiones hoy
2025-07-26 10:33:11 - INFO - LoginComponent.get_user_by_id - Consulta para usuario ID: 1
2025-07-26 10:33:11 - INFO - SesionTerapiaService.get_sesiones_by_terapeuta - ID: 8
2025-07-26 10:33:11 - INFO - SesionTerapiaComponent.get_sesiones_by_terapeuta - 2 sesiones encontradas
2025-07-26 10:33:11 - INFO - SesionTerapiaService.get_sesiones_by_terapeuta - Sesiones obtenidas
2025-07-26 10:33:13 - INFO - LoginComponent.get_user_by_id - Consulta para usuario ID: 1
2025-07-26 10:33:13 - INFO - SesionTerapiaService.delete_sesion - ID: 27
2025-07-26 10:33:13 - INFO - SesionTerapiaComponent.delete_sesion - Sesión 27 cancelada
2025-07-26 10:33:13 - INFO - SesionTerapiaService.delete_sesion - Sesión 27 cancelada
2025-07-26 10:33:39 - INFO - app - Iniciando Sistema Tía Glenda Backend
2025-07-26 10:34:03 - INFO - LoginService.login - Intento de autenticacion
2025-07-26 10:34:03 - INFO - LoginComponent.get_user_for_login - Busqueda para usuario: admin
2025-07-26 10:34:03 - INFO - LoginComponent.update_last_access - Actualizado para usuario ID: 1
2025-07-26 10:34:03 - INFO - LoginService.login - Autenticacion exitosa: admin
2025-07-26 10:34:05 - INFO - LoginComponent.get_user_by_id - Consulta para usuario ID: 1
2025-07-26 10:34:05 - INFO - EspecialidadService.get_especialidades - Iniciando
2025-07-26 10:34:05 - INFO - EspecialidadComponent.get_all_especialidades - 41 especialidades encontradas
2025-07-26 10:34:05 - INFO - EspecialidadService.get_especialidades - Especialidades obtenidas exitosamente
2025-07-26 10:34:07 - INFO - LoginComponent.get_user_by_id - Consulta para usuario ID: 1
2025-07-26 10:34:07 - INFO - SesionTerapiaService.get_terapeutas_disponibles - Iniciando
2025-07-26 10:34:07 - INFO - SesionTerapiaComponent.get_terapeutas_disponibles - 8 terapeutas disponibles
2025-07-26 10:34:07 - INFO - SesionTerapiaService.get_terapeutas_disponibles - 8 terapeutas disponibles
2025-07-26 10:34:09 - INFO - LoginService.login - Intento de autenticacion
2025-07-26 10:34:09 - INFO - LoginComponent.get_user_for_login - Busqueda para usuario: admin
2025-07-26 10:34:10 - INFO - LoginComponent.get_user_by_id - Consulta para usuario ID: 1
2025-07-26 10:34:10 - INFO - SesionTerapiaService.get_pacientes_disponibles - Iniciando
2025-07-26 10:34:10 - INFO - SesionTerapiaComponent.get_pacientes_disponibles - 9 pacientes disponibles
2025-07-26 10:34:10 - INFO - SesionTerapiaService.get_pacientes_disponibles - 9 pacientes disponibles
2025-07-26 10:34:10 - INFO - LoginComponent.update_last_access - Actualizado para usuario ID: 1
2025-07-26 10:34:10 - INFO - LoginService.login - Autenticacion exitosa: admin
2025-07-26 10:34:12 - INFO - LoginComponent.get_user_by_id - Consulta para usuario ID: 1
2025-07-26 10:34:12 - INFO - SesionTerapiaService.get_sesiones - Iniciando
2025-07-26 10:34:12 - INFO - LoginComponent.get_user_by_id - Consulta para usuario ID: 1
2025-07-26 10:34:12 - INFO - EspecialidadService.get_especialidades - Iniciando
2025-07-26 10:34:12 - INFO - SesionTerapiaComponent.get_sesiones - Sesiones obtenidas exitosamente
2025-07-26 10:34:12 - INFO - SesionTerapiaService.get_sesiones - Sesiones obtenidas exitosamente
2025-07-26 10:34:12 - INFO - EspecialidadComponent.get_all_especialidades - 41 especialidades encontradas
2025-07-26 10:34:12 - INFO - EspecialidadService.get_especialidades - Especialidades obtenidas exitosamente
2025-07-26 10:34:14 - INFO - LoginComponent.get_user_by_id - Consulta para usuario ID: 1
2025-07-26 10:34:14 - INFO - SesionTerapiaService.create_sesion - Iniciando
2025-07-26 10:34:14 - INFO - LoginComponent.get_user_by_id - Consulta para usuario ID: 1
2025-07-26 10:34:14 - INFO - SesionTerapiaService.get_terapeutas_disponibles - Iniciando
2025-07-26 10:34:14 - INFO - SesionTerapiaComponent.get_terapeutas_disponibles - 8 terapeutas disponibles
2025-07-26 10:34:14 - INFO - SesionTerapiaService.get_terapeutas_disponibles - 8 terapeutas disponibles
2025-07-26 10:34:14 - INFO - SesionTerapiaComponent.create_sesion - Sesión creada con ID: 28, Código: ST-2025-010
2025-07-26 10:34:15 - INFO - SesionTerapiaComponent.generar_cronograma - 12 sesiones programadas para sesión 28
2025-07-26 10:34:15 - INFO - SesionTerapiaComponent.create_sesion - Cronograma generado para sesión 28
2025-07-26 10:34:16 - INFO - SesionTerapiaComponent.generar_cronograma - 12 sesiones programadas para sesión 28
2025-07-26 10:34:16 - INFO - SesionTerapiaComponent.add_paciente_to_sesion - Paciente 9 agregado a sesión 28
2025-07-26 10:34:16 - INFO - SesionTerapiaService.create_sesion - Sesión creada con ID: 28
2025-07-26 10:34:16 - INFO - LoginComponent.get_user_by_id - Consulta para usuario ID: 1
2025-07-26 10:34:16 - INFO - SesionTerapiaService.get_pacientes_disponibles - Iniciando
2025-07-26 10:34:16 - INFO - SesionTerapiaComponent.get_pacientes_disponibles - 9 pacientes disponibles
2025-07-26 10:34:16 - INFO - SesionTerapiaService.get_pacientes_disponibles - 9 pacientes disponibles
2025-07-26 10:34:18 - INFO - LoginComponent.get_user_by_id - Consulta para usuario ID: 1
2025-07-26 10:34:18 - INFO - SesionTerapiaService.get_sesion - ID: 28
2025-07-26 10:34:18 - INFO - SesionTerapiaComponent.get_sesion_by_id - Sesión 28 encontrada
2025-07-26 10:34:18 - INFO - SesionTerapiaComponent.get_pacientes_sesion - 0 pacientes encontrados
2025-07-26 10:34:18 - INFO - SesionTerapiaComponent.get_cronograma_sesion - 12 sesiones programadas
2025-07-26 10:34:18 - INFO - SesionTerapiaService.get_sesion - Sesión 28 encontrada
2025-07-26 10:34:19 - INFO - LoginComponent.get_user_by_id - Consulta para usuario ID: 1
2025-07-26 10:34:19 - INFO - SesionTerapiaService.get_sesiones - Iniciando
2025-07-26 10:34:19 - INFO - SesionTerapiaComponent.get_sesiones - Sesiones obtenidas exitosamente
2025-07-26 10:34:19 - INFO - SesionTerapiaService.get_sesiones - Sesiones obtenidas exitosamente
2025-07-26 10:34:20 - INFO - LoginComponent.get_user_by_id - Consulta para usuario ID: 1
2025-07-26 10:34:20 - INFO - SesionTerapiaService.update_sesion - ID: 28
2025-07-26 10:34:20 - INFO - SesionTerapiaComponent.update_sesion - Sesión 28 actualizada
2025-07-26 10:34:20 - INFO - SesionTerapiaService.update_sesion - Sesión 28 actualizada
2025-07-26 10:34:21 - INFO - LoginComponent.get_user_by_id - Consulta para usuario ID: 1
2025-07-26 10:34:21 - INFO - SesionTerapiaService.create_sesion - Iniciando
2025-07-26 10:34:21 - INFO - SesionTerapiaComponent.create_sesion - Sesión creada con ID: 29, Código: ST-2025-011
2025-07-26 10:34:22 - INFO - SesionTerapiaComponent.generar_cronograma - 12 sesiones programadas para sesión 29
2025-07-26 10:34:22 - INFO - SesionTerapiaComponent.create_sesion - Cronograma generado para sesión 29
2025-07-26 10:34:22 - INFO - SesionTerapiaComponent.generar_cronograma - 12 sesiones programadas para sesión 29
2025-07-26 10:34:22 - INFO - LoginComponent.get_user_by_id - Consulta para usuario ID: 1
2025-07-26 10:34:22 - INFO - SesionTerapiaService.get_cronograma_sesion - ID: 28
2025-07-26 10:34:22 - INFO - SesionTerapiaComponent.add_paciente_to_sesion - Paciente 9 agregado a sesión 29
2025-07-26 10:34:22 - INFO - SesionTerapiaService.create_sesion - Sesión creada con ID: 29
2025-07-26 10:34:22 - INFO - SesionTerapiaComponent.get_cronograma_sesion - 12 sesiones programadas
2025-07-26 10:34:22 - INFO - SesionTerapiaService.get_cronograma_sesion - Cronograma obtenido
2025-07-26 10:34:24 - INFO - LoginComponent.get_user_by_id - Consulta para usuario ID: 1
2025-07-26 10:34:24 - INFO - SesionTerapiaService.get_sesion - ID: 29
2025-07-26 10:34:24 - INFO - LoginComponent.get_user_by_id - Consulta para usuario ID: 1
2025-07-26 10:34:24 - INFO - SesionTerapiaService.marcar_sesion_realizada - Cronograma ID: 346
2025-07-26 10:34:24 - INFO - SesionTerapiaComponent.marcar_sesion_realizada - Sesión 346 marcada como realizada
2025-07-26 10:34:24 - INFO - SesionTerapiaService.marcar_sesion_realizada - Sesión 346 marcada como realizada
2025-07-26 10:34:24 - INFO - SesionTerapiaComponent.get_sesion_by_id - Sesión 29 encontrada
2025-07-26 10:34:25 - INFO - SesionTerapiaComponent.get_pacientes_sesion - 0 pacientes encontrados
2025-07-26 10:34:25 - INFO - SesionTerapiaComponent.get_cronograma_sesion - 12 sesiones programadas
2025-07-26 10:34:25 - INFO - SesionTerapiaService.get_sesion - Sesión 29 encontrada
2025-07-26 10:34:27 - INFO - LoginComponent.get_user_by_id - Consulta para usuario ID: 1
2025-07-26 10:34:27 - INFO - SesionTerapiaService.update_sesion - ID: 29
2025-07-26 10:34:27 - INFO - LoginComponent.get_user_by_id - Consulta para usuario ID: 1
2025-07-26 10:34:27 - INFO - SesionTerapiaComponent.update_sesion - Sesión 29 actualizada
2025-07-26 10:34:27 - INFO - SesionTerapiaService.update_sesion - Sesión 29 actualizada
2025-07-26 10:34:27 - INFO - SesionTerapiaComponent.get_pacientes_sesion - 0 pacientes encontrados
2025-07-26 10:34:29 - INFO - LoginComponent.get_user_by_id - Consulta para usuario ID: 1
2025-07-26 10:34:29 - INFO - SesionTerapiaService.add_paciente_to_sesion - Sesion ID: 28
2025-07-26 10:34:29 - INFO - LoginComponent.get_user_by_id - Consulta para usuario ID: 1
2025-07-26 10:34:29 - INFO - SesionTerapiaService.get_cronograma_sesion - ID: 29
2025-07-26 10:34:29 - INFO - SesionTerapiaComponent.add_paciente_to_sesion - Paciente 9 agregado a sesión 28
2025-07-26 10:34:29 - INFO - SesionTerapiaService.add_paciente_to_sesion - Paciente 9 agregado a sesión 28
2025-07-26 10:34:29 - INFO - SesionTerapiaComponent.get_cronograma_sesion - 12 sesiones programadas
2025-07-26 10:34:29 - INFO - SesionTerapiaService.get_cronograma_sesion - Cronograma obtenido
2025-07-26 10:34:31 - INFO - LoginComponent.get_user_by_id - Consulta para usuario ID: 1
2025-07-26 10:34:31 - INFO - SesionTerapiaService.marcar_sesion_realizada - Cronograma ID: 370
2025-07-26 10:34:31 - INFO - SesionTerapiaComponent.marcar_sesion_realizada - Sesión 370 marcada como realizada
2025-07-26 10:34:31 - INFO - SesionTerapiaService.marcar_sesion_realizada - Sesión 370 marcada como realizada
2025-07-26 10:34:31 - INFO - LoginComponent.get_user_by_id - Consulta para usuario ID: 1
2025-07-26 10:34:31 - INFO - SesionTerapiaService.get_estadisticas - Iniciando
2025-07-26 10:34:31 - INFO - SesionTerapiaComponent.get_estadisticas_sesiones - Estadísticas obtenidas
2025-07-26 10:34:31 - INFO - SesionTerapiaService.get_estadisticas - Estadísticas obtenidas
2025-07-26 10:34:33 - INFO - LoginComponent.get_user_by_id - Consulta para usuario ID: 1
2025-07-26 10:34:33 - INFO - LoginComponent.get_user_by_id - Consulta para usuario ID: 1
2025-07-26 10:34:33 - INFO - SesionTerapiaService.get_sesiones_hoy - Iniciando
2025-07-26 10:34:33 - INFO - SesionTerapiaComponent.get_pacientes_sesion - 0 pacientes encontrados
2025-07-26 10:34:33 - INFO - SesionTerapiaComponent.get_sesiones_activas_hoy - 0 sesiones hoy
2025-07-26 10:34:33 - INFO - SesionTerapiaService.get_sesiones_hoy - 0 sesiones hoy
2025-07-26 10:34:36 - INFO - LoginComponent.get_user_by_id - Consulta para usuario ID: 1
2025-07-26 10:34:36 - INFO - SesionTerapiaService.add_paciente_to_sesion - Sesion ID: 29
2025-07-26 10:34:36 - INFO - LoginComponent.get_user_by_id - Consulta para usuario ID: 1
2025-07-26 10:34:36 - INFO - SesionTerapiaService.get_sesiones_by_terapeuta - ID: 8
2025-07-26 10:34:36 - INFO - SesionTerapiaComponent.add_paciente_to_sesion - Paciente 9 agregado a sesión 29
2025-07-26 10:34:36 - INFO - SesionTerapiaService.add_paciente_to_sesion - Paciente 9 agregado a sesión 29
2025-07-26 10:34:36 - INFO - SesionTerapiaComponent.get_sesiones_by_terapeuta - 3 sesiones encontradas
2025-07-26 10:34:36 - INFO - SesionTerapiaService.get_sesiones_by_terapeuta - Sesiones obtenidas
2025-07-26 10:34:38 - INFO - LoginComponent.get_user_by_id - Consulta para usuario ID: 1
2025-07-26 10:34:38 - INFO - LoginComponent.get_user_by_id - Consulta para usuario ID: 1
2025-07-26 10:34:38 - INFO - SesionTerapiaService.delete_sesion - ID: 28
2025-07-26 10:34:38 - INFO - SesionTerapiaService.get_estadisticas - Iniciando
2025-07-26 10:34:38 - INFO - SesionTerapiaComponent.delete_sesion - Sesión 28 cancelada
2025-07-26 10:34:38 - INFO - SesionTerapiaService.delete_sesion - Sesión 28 cancelada
2025-07-26 10:34:38 - INFO - SesionTerapiaComponent.get_estadisticas_sesiones - Estadísticas obtenidas
2025-07-26 10:34:38 - INFO - SesionTerapiaService.get_estadisticas - Estadísticas obtenidas
2025-07-26 10:34:40 - INFO - LoginComponent.get_user_by_id - Consulta para usuario ID: 1
2025-07-26 10:34:40 - INFO - SesionTerapiaService.get_sesiones_hoy - Iniciando
2025-07-26 10:34:40 - INFO - SesionTerapiaComponent.get_sesiones_activas_hoy - 0 sesiones hoy
2025-07-26 10:34:40 - INFO - SesionTerapiaService.get_sesiones_hoy - 0 sesiones hoy
2025-07-26 10:34:42 - INFO - LoginComponent.get_user_by_id - Consulta para usuario ID: 1
2025-07-26 10:34:42 - INFO - SesionTerapiaService.get_sesiones_by_terapeuta - ID: 8
2025-07-26 10:34:42 - INFO - SesionTerapiaComponent.get_sesiones_by_terapeuta - 2 sesiones encontradas
2025-07-26 10:34:42 - INFO - SesionTerapiaService.get_sesiones_by_terapeuta - Sesiones obtenidas
2025-07-26 10:34:45 - INFO - LoginComponent.get_user_by_id - Consulta para usuario ID: 1
2025-07-26 10:34:45 - INFO - SesionTerapiaService.delete_sesion - ID: 29
2025-07-26 10:34:45 - INFO - SesionTerapiaComponent.delete_sesion - Sesión 29 cancelada
2025-07-26 10:34:45 - INFO - SesionTerapiaService.delete_sesion - Sesión 29 cancelada
2025-07-26 10:44:50 - INFO - LoginService.login - Intento de autenticacion
2025-07-26 10:44:50 - INFO - LoginComponent.get_user_for_login - Busqueda para usuario: admin
2025-07-26 10:44:50 - INFO - LoginComponent.update_last_access - Actualizado para usuario ID: 1
2025-07-26 10:44:50 - INFO - LoginService.login - Autenticacion exitosa: admin
2025-07-26 10:47:18 - INFO - app - Iniciando Sistema Tía Glenda Backend
2025-07-26 10:48:57 - INFO - app - Iniciando Sistema Tía Glenda Backend
2025-07-26 10:48:58 - INFO - app - Iniciando Sistema Tía Glenda Backend
2025-07-26 10:49:12 - INFO - Acceso a ruta de prueba
2025-07-26 10:49:20 - INFO - LoginService.login - Intento de autenticacion
2025-07-26 10:49:26 - INFO - LoginService.login - Intento de autenticacion
2025-07-26 10:49:27 - INFO - LoginComponent.get_user_for_login - Busqueda para usuario: admin
2025-07-26 10:49:27 - INFO - LoginComponent.update_last_access - Actualizado para usuario ID: 1
2025-07-26 10:49:27 - INFO - LoginService.login - Autenticacion exitosa: admin
2025-07-26 10:49:35 - INFO - LoginComponent.get_user_by_id - Consulta para usuario ID: 1
2025-07-26 10:49:35 - INFO - SesionTerapiaService.get_sesiones - Iniciando
2025-07-26 10:49:36 - INFO - SesionTerapiaComponent.get_sesiones - Sesiones obtenidas exitosamente
2025-07-26 10:49:36 - INFO - SesionTerapiaService.get_sesiones - Sesiones obtenidas exitosamente
2025-07-26 10:49:44 - INFO - LoginComponent.get_user_by_id - Consulta para usuario ID: 1
2025-07-26 10:49:44 - INFO - SesionTerapiaService.get_sesiones - Iniciando
2025-07-26 10:49:44 - INFO - SesionTerapiaComponent.get_sesiones - Sesiones obtenidas exitosamente
2025-07-26 10:49:44 - INFO - SesionTerapiaService.get_sesiones - Sesiones obtenidas exitosamente
2025-07-26 10:49:57 - INFO - LoginComponent.get_user_by_id - Consulta para usuario ID: 1
2025-07-26 10:49:57 - INFO - SesionTerapiaService.get_sesion - ID: 1
2025-07-26 10:49:57 - INFO - SesionTerapiaComponent.get_sesion_by_id - Sesión 1 encontrada
2025-07-26 10:49:57 - INFO - SesionTerapiaComponent.get_pacientes_sesion - 3 pacientes encontrados
2025-07-26 10:49:57 - INFO - SesionTerapiaComponent.get_cronograma_sesion - 36 sesiones programadas
2025-07-26 10:49:57 - INFO - SesionTerapiaService.get_sesion - Sesión 1 encontrada
2025-07-26 10:50:07 - INFO - LoginComponent.get_user_by_id - Consulta para usuario ID: 1
2025-07-26 10:50:07 - INFO - SesionTerapiaService.get_sesion - ID: 1
2025-07-26 10:50:07 - INFO - SesionTerapiaComponent.get_sesion_by_id - Sesión 1 encontrada
2025-07-26 10:50:07 - INFO - SesionTerapiaComponent.get_pacientes_sesion - 3 pacientes encontrados
2025-07-26 10:50:07 - INFO - SesionTerapiaComponent.get_cronograma_sesion - 36 sesiones programadas
2025-07-26 10:50:07 - INFO - SesionTerapiaService.get_sesion - Sesión 1 encontrada
2025-07-26 10:50:19 - INFO - LoginComponent.get_user_by_id - Consulta para usuario ID: 1
2025-07-26 10:50:19 - INFO - SesionTerapiaService.get_cronograma_sesion - ID: 1
2025-07-26 10:50:19 - INFO - SesionTerapiaComponent.get_cronograma_sesion - 36 sesiones programadas
2025-07-26 10:50:19 - INFO - SesionTerapiaService.get_cronograma_sesion - Cronograma obtenido
2025-07-26 10:50:27 - INFO - LoginComponent.get_user_by_id - Consulta para usuario ID: 1
2025-07-26 10:50:27 - INFO - SesionTerapiaService.get_cronograma_sesion - ID: 1
2025-07-26 10:50:27 - INFO - SesionTerapiaComponent.get_cronograma_sesion - 36 sesiones programadas
2025-07-26 10:50:27 - INFO - SesionTerapiaService.get_cronograma_sesion - Cronograma obtenido
2025-07-26 10:50:40 - INFO - LoginComponent.get_user_by_id - Consulta para usuario ID: 1
2025-07-26 10:50:40 - INFO - SesionTerapiaService.get_sesiones_by_terapeuta - ID: 1
2025-07-26 10:50:40 - INFO - SesionTerapiaComponent.get_sesiones_by_terapeuta - 1 sesiones encontradas
2025-07-26 10:50:40 - INFO - SesionTerapiaService.get_sesiones_by_terapeuta - Sesiones obtenidas
2025-07-26 10:50:49 - INFO - LoginComponent.get_user_by_id - Consulta para usuario ID: 1
2025-07-26 10:50:49 - INFO - SesionTerapiaService.get_sesiones_by_paciente - ID: 1
2025-07-26 10:50:49 - INFO - SesionTerapiaComponent.get_sesiones_by_paciente - 1 sesiones encontradas
2025-07-26 10:50:49 - INFO - SesionTerapiaService.get_sesiones_by_paciente - Sesiones obtenidas
2025-07-26 10:59:47 - INFO - LoginService.login - Intento de autenticacion
2025-07-26 10:59:47 - INFO - LoginComponent.get_user_for_login - Busqueda para usuario: admin
2025-07-26 10:59:48 - INFO - LoginComponent.update_last_access - Actualizado para usuario ID: 1
2025-07-26 10:59:48 - INFO - LoginService.login - Autenticacion exitosa: admin
2025-07-26 10:59:50 - INFO - LoginComponent.get_user_by_id - Consulta para usuario ID: 1
2025-07-26 10:59:50 - INFO - EspecialidadService.get_especialidades - Iniciando
2025-07-26 10:59:50 - INFO - EspecialidadComponent.get_all_especialidades - 41 especialidades encontradas
2025-07-26 10:59:50 - INFO - EspecialidadService.get_especialidades - Especialidades obtenidas exitosamente
2025-07-26 10:59:55 - INFO - LoginComponent.get_user_by_id - Consulta para usuario ID: 1
2025-07-26 10:59:55 - INFO - EspecialidadService.get_especialidades - Iniciando
2025-07-26 10:59:55 - INFO - EspecialidadComponent.get_all_especialidades - 41 especialidades encontradas
2025-07-26 10:59:55 - INFO - EspecialidadService.get_especialidades - Especialidades obtenidas exitosamente
2025-07-26 11:02:00 - INFO - app - Iniciando Sistema Tía Glenda Backend
2025-07-26 11:02:29 - INFO - app - Iniciando Sistema Tía Glenda Backend
2025-07-26 11:02:29 - INFO - app - Iniciando Sistema Tía Glenda Backend
2025-07-26 11:03:42 - INFO - LoginService.login - Intento de autenticacion
2025-07-26 11:03:42 - INFO - LoginComponent.get_user_for_login - Busqueda para usuario: admin
2025-07-26 11:03:42 - INFO - LoginComponent.update_last_access - Actualizado para usuario ID: 1
2025-07-26 11:03:42 - INFO - LoginService.login - Autenticacion exitosa: admin
2025-07-26 11:03:44 - INFO - LoginComponent.get_user_by_id - Consulta para usuario ID: 1
2025-07-26 11:03:44 - INFO - EspecialidadService.get_especialidades - Iniciando
2025-07-26 11:03:44 - INFO - EspecialidadComponent.get_all_especialidades - 41 especialidades encontradas
2025-07-26 11:03:44 - INFO - EspecialidadService.get_especialidades - Especialidades obtenidas exitosamente
2025-07-26 11:03:49 - INFO - LoginComponent.get_user_by_id - Consulta para usuario ID: 1
2025-07-26 11:03:49 - INFO - EspecialidadService.get_especialidades - Iniciando
2025-07-26 11:03:50 - INFO - EspecialidadComponent.get_all_especialidades - 41 especialidades encontradas
2025-07-26 11:03:50 - INFO - EspecialidadService.get_especialidades - Especialidades obtenidas exitosamente
2025-07-26 11:05:32 - INFO - app - Iniciando Sistema Tía Glenda Backend
2025-07-26 11:05:33 - INFO - app - Iniciando Sistema Tía Glenda Backend
2025-07-26 11:06:05 - INFO - LoginService.login - Intento de autenticacion
2025-07-26 11:06:05 - INFO - LoginComponent.get_user_for_login - Busqueda para usuario: admin
2025-07-26 11:06:05 - INFO - LoginComponent.update_last_access - Actualizado para usuario ID: 1
2025-07-26 11:06:05 - INFO - LoginService.login - Autenticacion exitosa: admin
2025-07-26 11:06:07 - INFO - LoginComponent.get_user_by_id - Consulta para usuario ID: 1
2025-07-26 11:06:07 - INFO - EspecialidadService.get_especialidades - Iniciando
2025-07-26 11:06:07 - INFO - EspecialidadComponent.get_all_especialidades - 41 especialidades encontradas
2025-07-26 11:06:07 - INFO - EspecialidadService.get_especialidades - Especialidades obtenidas exitosamente
2025-07-26 11:06:09 - INFO - LoginComponent.get_user_by_id - Consulta para usuario ID: 1
2025-07-26 11:06:09 - INFO - SesionTerapiaService.get_terapeutas_disponibles - Iniciando
2025-07-26 11:06:09 - INFO - SesionTerapiaComponent.get_terapeutas_disponibles - 8 terapeutas disponibles
2025-07-26 11:06:09 - INFO - SesionTerapiaService.get_terapeutas_disponibles - 8 terapeutas disponibles
2025-07-26 11:06:12 - INFO - LoginComponent.get_user_by_id - Consulta para usuario ID: 1
2025-07-26 11:06:12 - INFO - SesionTerapiaService.get_pacientes_disponibles - Iniciando
2025-07-26 11:06:12 - INFO - SesionTerapiaComponent.get_pacientes_disponibles - 9 pacientes disponibles
2025-07-26 11:06:12 - INFO - SesionTerapiaService.get_pacientes_disponibles - 9 pacientes disponibles
2025-07-26 11:06:14 - INFO - LoginComponent.get_user_by_id - Consulta para usuario ID: 1
2025-07-26 11:06:14 - INFO - SesionTerapiaService.get_sesiones - Iniciando
2025-07-26 11:06:14 - INFO - SesionTerapiaComponent.get_sesiones - Sesiones obtenidas exitosamente
2025-07-26 11:06:14 - INFO - SesionTerapiaService.get_sesiones - Sesiones obtenidas exitosamente
2025-07-26 11:06:16 - INFO - LoginComponent.get_user_by_id - Consulta para usuario ID: 1
2025-07-26 11:06:16 - INFO - SesionTerapiaService.create_sesion - Iniciando
2025-07-26 11:06:16 - INFO - SesionTerapiaComponent.create_sesion - Sesión creada con ID: 30, Código: ST-2025-012
2025-07-26 11:06:17 - INFO - SesionTerapiaComponent.generar_cronograma - 12 sesiones programadas para sesión 30
2025-07-26 11:06:17 - INFO - SesionTerapiaComponent.create_sesion - Cronograma generado para sesión 30
2025-07-26 11:06:17 - INFO - SesionTerapiaComponent.generar_cronograma - 12 sesiones programadas para sesión 30
2025-07-26 11:06:18 - INFO - SesionTerapiaComponent.add_paciente_to_sesion - Paciente 9 agregado a sesión 30
2025-07-26 11:06:18 - INFO - SesionTerapiaService.create_sesion - Sesión creada con ID: 30
2025-07-26 11:06:20 - INFO - LoginComponent.get_user_by_id - Consulta para usuario ID: 1
2025-07-26 11:06:20 - INFO - SesionTerapiaService.get_sesion - ID: 30
2025-07-26 11:06:20 - INFO - SesionTerapiaComponent.get_sesion_by_id - Sesión 30 encontrada
2025-07-26 11:06:20 - INFO - SesionTerapiaComponent.get_pacientes_sesion - 0 pacientes encontrados
2025-07-26 11:06:20 - INFO - SesionTerapiaComponent.get_cronograma_sesion - 12 sesiones programadas
2025-07-26 11:06:20 - INFO - SesionTerapiaService.get_sesion - Sesión 30 encontrada
2025-07-26 11:06:22 - INFO - LoginComponent.get_user_by_id - Consulta para usuario ID: 1
2025-07-26 11:06:22 - INFO - SesionTerapiaService.update_sesion - ID: 30
2025-07-26 11:06:22 - INFO - SesionTerapiaComponent.update_sesion - Sesión 30 actualizada
2025-07-26 11:06:22 - INFO - SesionTerapiaService.update_sesion - Sesión 30 actualizada
2025-07-26 11:06:24 - INFO - LoginComponent.get_user_by_id - Consulta para usuario ID: 1
2025-07-26 11:06:24 - INFO - SesionTerapiaService.get_cronograma_sesion - ID: 30
2025-07-26 11:06:24 - INFO - SesionTerapiaComponent.get_cronograma_sesion - 12 sesiones programadas
2025-07-26 11:06:24 - INFO - SesionTerapiaService.get_cronograma_sesion - Cronograma obtenido
2025-07-26 11:06:27 - INFO - LoginComponent.get_user_by_id - Consulta para usuario ID: 1
2025-07-26 11:06:27 - INFO - SesionTerapiaService.marcar_sesion_realizada - Cronograma ID: 394
2025-07-26 11:06:27 - INFO - SesionTerapiaComponent.marcar_sesion_realizada - Sesión 394 marcada como realizada
2025-07-26 11:06:27 - INFO - SesionTerapiaService.marcar_sesion_realizada - Sesión 394 marcada como realizada
2025-07-26 11:06:29 - INFO - LoginComponent.get_user_by_id - Consulta para usuario ID: 1
2025-07-26 11:06:29 - INFO - SesionTerapiaComponent.get_pacientes_sesion - 0 pacientes encontrados
2025-07-26 11:06:31 - INFO - LoginComponent.get_user_by_id - Consulta para usuario ID: 1
2025-07-26 11:06:31 - INFO - SesionTerapiaService.add_paciente_to_sesion - Sesion ID: 30
2025-07-26 11:06:31 - INFO - SesionTerapiaComponent.add_paciente_to_sesion - Paciente 9 agregado a sesión 30
2025-07-26 11:06:31 - INFO - SesionTerapiaService.add_paciente_to_sesion - Paciente 9 agregado a sesión 30
2025-07-26 11:06:34 - INFO - LoginComponent.get_user_by_id - Consulta para usuario ID: 1
2025-07-26 11:06:34 - INFO - SesionTerapiaService.get_estadisticas - Iniciando
2025-07-26 11:06:34 - INFO - SesionTerapiaComponent.get_estadisticas_sesiones - Estadísticas obtenidas
2025-07-26 11:06:34 - INFO - SesionTerapiaService.get_estadisticas - Estadísticas obtenidas
2025-07-26 11:06:36 - INFO - LoginComponent.get_user_by_id - Consulta para usuario ID: 1
2025-07-26 11:06:36 - INFO - SesionTerapiaService.get_sesiones_hoy - Iniciando
2025-07-26 11:06:36 - INFO - SesionTerapiaComponent.get_sesiones_activas_hoy - 0 sesiones hoy
2025-07-26 11:06:36 - INFO - SesionTerapiaService.get_sesiones_hoy - 0 sesiones hoy
2025-07-26 11:06:38 - INFO - LoginComponent.get_user_by_id - Consulta para usuario ID: 1
2025-07-26 11:06:38 - INFO - SesionTerapiaService.get_sesiones_by_terapeuta - ID: 8
2025-07-26 11:06:38 - INFO - SesionTerapiaComponent.get_sesiones_by_terapeuta - 2 sesiones encontradas
2025-07-26 11:06:38 - INFO - SesionTerapiaService.get_sesiones_by_terapeuta - Sesiones obtenidas
2025-07-26 11:06:40 - INFO - LoginComponent.get_user_by_id - Consulta para usuario ID: 1
2025-07-26 11:06:40 - INFO - SesionTerapiaService.delete_sesion - ID: 30
2025-07-26 11:06:40 - INFO - SesionTerapiaComponent.delete_sesion - Sesión 30 cancelada
2025-07-26 11:06:40 - INFO - SesionTerapiaService.delete_sesion - Sesión 30 cancelada
2025-07-26 11:07:00 - INFO - LoginService.login - Intento de autenticacion
2025-07-26 11:07:00 - INFO - LoginComponent.get_user_for_login - Busqueda para usuario: admin
2025-07-26 11:07:00 - INFO - LoginComponent.update_last_access - Actualizado para usuario ID: 1
2025-07-26 11:07:00 - INFO - LoginService.login - Autenticacion exitosa: admin
2025-07-26 11:07:03 - INFO - LoginComponent.get_user_by_id - Consulta para usuario ID: 1
2025-07-26 11:07:03 - INFO - EspecialidadService.get_especialidades - Iniciando
2025-07-26 11:07:03 - INFO - EspecialidadComponent.get_all_especialidades - 41 especialidades encontradas
2025-07-26 11:07:03 - INFO - EspecialidadService.get_especialidades - Especialidades obtenidas exitosamente
2025-07-26 11:07:05 - INFO - LoginComponent.get_user_by_id - Consulta para usuario ID: 1
2025-07-26 11:07:05 - INFO - SesionTerapiaService.get_terapeutas_disponibles - Iniciando
2025-07-26 11:07:05 - INFO - SesionTerapiaComponent.get_terapeutas_disponibles - 8 terapeutas disponibles
2025-07-26 11:07:05 - INFO - SesionTerapiaService.get_terapeutas_disponibles - 8 terapeutas disponibles
2025-07-26 11:07:07 - INFO - LoginComponent.get_user_by_id - Consulta para usuario ID: 1
2025-07-26 11:07:07 - INFO - SesionTerapiaService.get_pacientes_disponibles - Iniciando
2025-07-26 11:07:07 - INFO - SesionTerapiaComponent.get_pacientes_disponibles - 9 pacientes disponibles
2025-07-26 11:07:07 - INFO - SesionTerapiaService.get_pacientes_disponibles - 9 pacientes disponibles
2025-07-26 11:07:09 - INFO - LoginComponent.get_user_by_id - Consulta para usuario ID: 1
2025-07-26 11:07:09 - INFO - SesionTerapiaService.get_sesiones - Iniciando
2025-07-26 11:07:09 - INFO - SesionTerapiaComponent.get_sesiones - Sesiones obtenidas exitosamente
2025-07-26 11:07:09 - INFO - SesionTerapiaService.get_sesiones - Sesiones obtenidas exitosamente
2025-07-26 11:07:11 - INFO - LoginComponent.get_user_by_id - Consulta para usuario ID: 1
2025-07-26 11:07:11 - INFO - SesionTerapiaService.create_sesion - Iniciando
2025-07-26 11:07:11 - INFO - SesionTerapiaComponent.create_sesion - Sesión creada con ID: 31, Código: ST-2025-013
2025-07-26 11:07:12 - INFO - SesionTerapiaComponent.generar_cronograma - 12 sesiones programadas para sesión 31
2025-07-26 11:07:12 - INFO - SesionTerapiaComponent.create_sesion - Cronograma generado para sesión 31
2025-07-26 11:07:13 - INFO - SesionTerapiaComponent.generar_cronograma - 12 sesiones programadas para sesión 31
2025-07-26 11:07:13 - INFO - SesionTerapiaComponent.add_paciente_to_sesion - Paciente 9 agregado a sesión 31
2025-07-26 11:07:13 - INFO - SesionTerapiaService.create_sesion - Sesión creada con ID: 31
2025-07-26 11:07:15 - INFO - LoginComponent.get_user_by_id - Consulta para usuario ID: 1
2025-07-26 11:07:15 - INFO - SesionTerapiaService.get_sesion - ID: 31
2025-07-26 11:07:15 - INFO - SesionTerapiaComponent.get_sesion_by_id - Sesión 31 encontrada
2025-07-26 11:07:15 - INFO - SesionTerapiaComponent.get_pacientes_sesion - 0 pacientes encontrados
2025-07-26 11:07:15 - INFO - SesionTerapiaComponent.get_cronograma_sesion - 12 sesiones programadas
2025-07-26 11:07:15 - INFO - SesionTerapiaService.get_sesion - Sesión 31 encontrada
2025-07-26 11:07:17 - INFO - LoginComponent.get_user_by_id - Consulta para usuario ID: 1
2025-07-26 11:07:17 - INFO - SesionTerapiaService.update_sesion - ID: 31
2025-07-26 11:07:17 - INFO - SesionTerapiaComponent.update_sesion - Sesión 31 actualizada
2025-07-26 11:07:17 - INFO - SesionTerapiaService.update_sesion - Sesión 31 actualizada
2025-07-26 11:07:18 - INFO - LoginService.login - Intento de autenticacion
2025-07-26 11:07:18 - INFO - LoginComponent.get_user_for_login - Busqueda para usuario: admin
2025-07-26 11:07:19 - INFO - LoginComponent.update_last_access - Actualizado para usuario ID: 1
2025-07-26 11:07:19 - INFO - LoginService.login - Autenticacion exitosa: admin
2025-07-26 11:07:20 - INFO - LoginComponent.get_user_by_id - Consulta para usuario ID: 1
2025-07-26 11:07:20 - INFO - SesionTerapiaService.get_cronograma_sesion - ID: 31
2025-07-26 11:07:20 - INFO - SesionTerapiaComponent.get_cronograma_sesion - 12 sesiones programadas
2025-07-26 11:07:20 - INFO - SesionTerapiaService.get_cronograma_sesion - Cronograma obtenido
2025-07-26 11:07:22 - INFO - LoginComponent.get_user_by_id - Consulta para usuario ID: 1
2025-07-26 11:07:22 - INFO - SesionTerapiaService.marcar_sesion_realizada - Cronograma ID: 418
2025-07-26 11:07:22 - INFO - SesionTerapiaComponent.marcar_sesion_realizada - Sesión 418 marcada como realizada
2025-07-26 11:07:22 - INFO - SesionTerapiaService.marcar_sesion_realizada - Sesión 418 marcada como realizada
2025-07-26 11:07:24 - INFO - LoginComponent.get_user_by_id - Consulta para usuario ID: 1
2025-07-26 11:07:24 - INFO - SesionTerapiaComponent.get_pacientes_sesion - 0 pacientes encontrados
2025-07-26 11:07:26 - INFO - LoginComponent.get_user_by_id - Consulta para usuario ID: 1
2025-07-26 11:07:26 - INFO - SesionTerapiaService.add_paciente_to_sesion - Sesion ID: 31
2025-07-26 11:07:26 - INFO - SesionTerapiaComponent.add_paciente_to_sesion - Paciente 9 agregado a sesión 31
2025-07-26 11:07:26 - INFO - SesionTerapiaService.add_paciente_to_sesion - Paciente 9 agregado a sesión 31
2025-07-26 11:07:29 - INFO - LoginComponent.get_user_by_id - Consulta para usuario ID: 1
2025-07-26 11:07:29 - INFO - SesionTerapiaService.get_estadisticas - Iniciando
2025-07-26 11:07:29 - INFO - SesionTerapiaComponent.get_estadisticas_sesiones - Estadísticas obtenidas
2025-07-26 11:07:29 - INFO - SesionTerapiaService.get_estadisticas - Estadísticas obtenidas
2025-07-26 11:07:31 - INFO - LoginComponent.get_user_by_id - Consulta para usuario ID: 1
2025-07-26 11:07:31 - INFO - SesionTerapiaService.get_sesiones_hoy - Iniciando
2025-07-26 11:07:31 - INFO - SesionTerapiaComponent.get_sesiones_activas_hoy - 0 sesiones hoy
2025-07-26 11:07:31 - INFO - SesionTerapiaService.get_sesiones_hoy - 0 sesiones hoy
2025-07-26 11:07:33 - INFO - LoginComponent.get_user_by_id - Consulta para usuario ID: 1
2025-07-26 11:07:33 - INFO - SesionTerapiaService.get_sesiones_by_terapeuta - ID: 8
2025-07-26 11:07:33 - INFO - SesionTerapiaComponent.get_sesiones_by_terapeuta - 2 sesiones encontradas
2025-07-26 11:07:33 - INFO - SesionTerapiaService.get_sesiones_by_terapeuta - Sesiones obtenidas
2025-07-26 11:07:35 - INFO - LoginComponent.get_user_by_id - Consulta para usuario ID: 1
2025-07-26 11:07:35 - INFO - SesionTerapiaService.delete_sesion - ID: 31
2025-07-26 11:07:35 - INFO - SesionTerapiaComponent.delete_sesion - Sesión 31 cancelada
2025-07-26 11:07:35 - INFO - SesionTerapiaService.delete_sesion - Sesión 31 cancelada
2025-07-26 11:07:35 - INFO - LoginComponent.get_user_by_id - Consulta para usuario ID: 1
2025-07-26 11:07:35 - INFO - SesionTerapiaService.get_sesiones - Iniciando
2025-07-26 11:07:36 - INFO - SesionTerapiaComponent.get_sesiones - Sesiones obtenidas exitosamente
2025-07-26 11:07:36 - INFO - SesionTerapiaService.get_sesiones - Sesiones obtenidas exitosamente
2025-07-26 11:07:48 - INFO - LoginComponent.get_user_by_id - Consulta para usuario ID: 1
2025-07-26 11:07:48 - INFO - SesionTerapiaService.get_sesion - ID: 1
2025-07-26 11:07:48 - INFO - SesionTerapiaComponent.get_sesion_by_id - Sesión 1 encontrada
2025-07-26 11:07:49 - INFO - SesionTerapiaComponent.get_pacientes_sesion - 3 pacientes encontrados
2025-07-26 11:07:49 - INFO - SesionTerapiaComponent.get_cronograma_sesion - 36 sesiones programadas
2025-07-26 11:07:49 - INFO - SesionTerapiaService.get_sesion - Sesión 1 encontrada
