2025-08-01 10:58:39 - INFO - app - Iniciando Sistema Tía Glenda Backend
2025-08-01 10:58:40 - INFO - app - Iniciando Sistema Tía Glenda Backend
2025-08-01 11:03:22 - INFO - LoginService.login - Intento de autenticacion
2025-08-01 11:03:23 - INFO - LoginComponent.get_user_for_login - Busqueda para usuario: admin
2025-08-01 11:03:23 - INFO - LoginComponent.update_last_access - Actualizado para usuario ID: 1
2025-08-01 11:03:23 - INFO - LoginService.login - Autenticacion exitosa: admin
2025-08-01 11:03:25 - INFO - LoginComponent.get_user_by_id - Consulta para usuario ID: 1
2025-08-01 11:03:25 - INFO - EspecialidadService.get_especialidades_by_area - Área: pedagogico
2025-08-01 11:03:26 - INFO - EspecialidadComponent.get_especialidades_by_area - 34 especialidades de área pedagogico encontradas
2025-08-01 11:03:26 - INFO - EspecialidadService.get_especialidades_by_area - Especialidades de pedagogico obtenidas
2025-08-01 11:03:28 - INFO - LoginComponent.get_user_by_id - Consulta para usuario ID: 1
2025-08-01 11:03:28 - INFO - PersonalService.get_personal - Iniciando
2025-08-01 11:03:29 - INFO - PersonalComponent.get_all_personal - 8 miembros del personal encontrados con especialidades
2025-08-01 11:03:29 - INFO - PersonalService.get_personal - Personal obtenido exitosamente
2025-08-01 11:03:31 - INFO - LoginComponent.get_user_by_id - Consulta para usuario ID: 1
2025-08-01 11:03:31 - INFO - PacienteService.get_pacientes - Iniciando
2025-08-01 11:03:31 - INFO - PacienteComponent.get_all_pacientes - 10 pacientes encontrados
2025-08-01 11:03:31 - INFO - PacienteService.get_pacientes - Pacientes obtenidos exitosamente
2025-08-01 11:03:33 - INFO - LoginComponent.get_user_by_id - Consulta para usuario ID: 1
2025-08-01 11:03:33 - INFO - SesionPedagogicaService.get_sesiones - Iniciando
2025-08-01 11:03:33 - INFO - SesionPedagogicaComponent.get_sesiones - Sesiones obtenidas exitosamente
2025-08-01 11:03:33 - INFO - SesionPedagogicaService.get_sesiones - Sesiones obtenidas exitosamente
2025-08-01 11:03:35 - INFO - LoginComponent.get_user_by_id - Consulta para usuario ID: 1
2025-08-01 11:03:35 - INFO - SesionPedagogicaService.create_sesion - Iniciando
2025-08-01 11:03:36 - INFO - SesionPedagogicaComponent.create_sesion - Sesión 4 creada exitosamente
2025-08-01 11:03:37 - INFO - Cronograma sesión pedagógica 4: 10/36 generadas
2025-08-01 11:03:38 - INFO - Cronograma sesión pedagógica 4: 20/36 generadas
2025-08-01 11:03:39 - INFO - Cronograma sesión pedagógica 4: 30/36 generadas
2025-08-01 11:03:39 - INFO - SesionPedagogicaComponent.generar_cronograma - 36 clases programadas para sesión 4
2025-08-01 11:03:39 - INFO - SesionPedagogicaService.create_sesion - Sesión creada: 4
2025-08-01 11:03:41 - INFO - LoginComponent.get_user_by_id - Consulta para usuario ID: 1
2025-08-01 11:03:41 - INFO - SesionPedagogicaService.get_sesion - ID: 4
2025-08-01 11:03:42 - INFO - SesionPedagogicaComponent.get_sesion_by_id - Sesión 4 encontrada
2025-08-01 11:03:42 - INFO - SesionPedagogicaService.get_sesion - Sesión 4 encontrada
2025-08-01 11:03:44 - INFO - LoginComponent.get_user_by_id - Consulta para usuario ID: 1
2025-08-01 11:03:44 - INFO - SesionPedagogicaService.update_sesion - ID: 4
2025-08-01 11:03:44 - INFO - SesionPedagogicaComponent.get_sesion_by_id - Sesión 4 encontrada
2025-08-01 11:03:44 - INFO - SesionPedagogicaComponent.update_sesion - Sesión 4 actualizada
2025-08-01 11:03:44 - INFO - SesionPedagogicaService.update_sesion - Sesión 4 actualizada
2025-08-01 11:03:46 - INFO - LoginComponent.get_user_by_id - Consulta para usuario ID: 1
2025-08-01 11:03:46 - INFO - SesionPedagogicaService.get_sesiones - Iniciando
2025-08-01 11:03:46 - INFO - SesionPedagogicaComponent.get_sesiones - Sesiones obtenidas exitosamente
2025-08-01 11:03:46 - INFO - SesionPedagogicaService.get_sesiones - Sesiones obtenidas exitosamente
2025-08-01 11:03:49 - INFO - LoginComponent.get_user_by_id - Consulta para usuario ID: 1
2025-08-01 11:03:49 - INFO - SesionPedagogicaService.get_cronograma_sesion - Sesión: 4
2025-08-01 11:03:49 - INFO - SesionPedagogicaComponent.get_cronograma_sesion - Cronograma obtenido para sesión 4
2025-08-01 11:03:51 - INFO - LoginComponent.get_user_by_id - Consulta para usuario ID: 1
2025-08-01 11:03:53 - INFO - Cronograma sesión pedagógica 4: 10/36 generadas
2025-08-01 11:03:54 - INFO - Cronograma sesión pedagógica 4: 20/36 generadas
2025-08-01 11:03:55 - INFO - Cronograma sesión pedagógica 4: 30/36 generadas
2025-08-01 11:03:56 - INFO - SesionPedagogicaComponent.generar_cronograma - 36 clases programadas para sesión 4
2025-08-01 11:03:58 - INFO - LoginComponent.get_user_by_id - Consulta para usuario ID: 1
2025-08-01 11:03:58 - INFO - SesionPedagogicaService.get_cronograma_sesion - Sesión: 4
2025-08-01 11:03:58 - INFO - SesionPedagogicaComponent.get_cronograma_sesion - Cronograma obtenido para sesión 4
2025-08-01 11:04:00 - INFO - LoginComponent.get_user_by_id - Consulta para usuario ID: 1
2025-08-01 11:04:03 - INFO - LoginComponent.get_user_by_id - Consulta para usuario ID: 1
2025-08-01 11:04:03 - INFO - SesionPedagogicaService.get_estudiantes_sesion - Sesión: 4
2025-08-01 11:04:03 - INFO - SesionPedagogicaComponent.get_estudiantes_sesion - 0 estudiantes encontrados
2025-08-01 11:04:05 - INFO - LoginComponent.get_user_by_id - Consulta para usuario ID: 1
2025-08-01 11:04:05 - INFO - SesionPedagogicaService.add_estudiante_to_sesion - Sesión: 4
2025-08-01 11:04:05 - INFO - SesionPedagogicaComponent.add_estudiante_to_sesion - Estudiante agregado a sesión 4
2025-08-01 11:04:05 - INFO - SesionPedagogicaService.add_estudiante_to_sesion - Estudiante agregado: 4
2025-08-01 11:04:08 - INFO - LoginComponent.get_user_by_id - Consulta para usuario ID: 1
2025-08-01 11:04:08 - INFO - SesionPedagogicaService.get_estudiantes_sesion - Sesión: 4
2025-08-01 11:04:08 - INFO - SesionPedagogicaComponent.get_estudiantes_sesion - 0 estudiantes encontrados
2025-08-01 11:04:10 - INFO - LoginComponent.get_user_by_id - Consulta para usuario ID: 1
2025-08-01 11:04:10 - INFO - SesionPedagogicaService.get_estadisticas - Iniciando
2025-08-01 11:04:10 - INFO - SesionPedagogicaComponent.get_estadisticas_sesiones - Estadísticas obtenidas
2025-08-01 11:04:10 - INFO - SesionPedagogicaService.get_estadisticas - Estadísticas obtenidas
2025-08-01 11:04:12 - INFO - LoginComponent.get_user_by_id - Consulta para usuario ID: 1
2025-08-01 11:04:15 - INFO - LoginComponent.get_user_by_id - Consulta para usuario ID: 1
2025-08-01 11:04:15 - INFO - SesionPedagogicaService.delete_sesion - ID: 4
2025-08-01 11:04:15 - INFO - SesionPedagogicaComponent.get_sesion_by_id - Sesión 4 encontrada
2025-08-01 11:04:15 - INFO - SesionPedagogicaComponent.delete_sesion - Sesión 4 cancelada
2025-08-01 11:04:15 - INFO - SesionPedagogicaService.delete_sesion - Sesión 4 cancelada
2025-08-01 11:06:44 - INFO - LoginService.login - Intento de autenticacion
2025-08-01 11:06:44 - INFO - LoginComponent.get_user_for_login - Busqueda para usuario: admin
2025-08-01 11:06:47 - INFO - LoginComponent.update_last_access - Actualizado para usuario ID: 1
2025-08-01 11:06:47 - INFO - LoginService.login - Autenticacion exitosa: admin
2025-08-01 11:06:50 - INFO - LoginComponent.get_user_by_id - Consulta para usuario ID: 1
2025-08-01 11:06:50 - INFO - LoginComponent.get_user_by_id - Consulta para usuario ID: 1
2025-08-01 11:06:50 - INFO - SesionPedagogicaService.get_sesiones - Iniciando
2025-08-01 11:06:50 - INFO - SesionTerapiaService.get_sesiones - Iniciando
2025-08-01 11:06:50 - INFO - SesionPedagogicaComponent.get_sesiones - Sesiones obtenidas exitosamente
2025-08-01 11:06:50 - INFO - SesionPedagogicaService.get_sesiones - Sesiones obtenidas exitosamente
2025-08-01 11:06:50 - INFO - SesionTerapiaComponent.get_sesiones - Sesiones obtenidas exitosamente
2025-08-01 11:06:50 - INFO - LoginComponent.get_user_by_id - Consulta para usuario ID: 1
2025-08-01 11:06:51 - INFO - PersonalService.get_personal - Iniciando
2025-08-01 11:06:51 - INFO - SesionTerapiaComponent.get_pacientes_sesion - 1 pacientes encontrados
2025-08-01 11:06:51 - INFO - LoginComponent.get_user_by_id - Consulta para usuario ID: 1
2025-08-01 11:06:51 - INFO - EspecialidadService.get_especialidades_by_area - Área: pedagogico
2025-08-01 11:06:51 - INFO - LoginComponent.get_user_by_id - Consulta para usuario ID: 1
2025-08-01 11:06:51 - INFO - PacienteService.get_pacientes - Iniciando
2025-08-01 11:06:51 - INFO - SesionTerapiaComponent.get_pacientes_sesion - 1 pacientes encontrados
2025-08-01 11:06:51 - INFO - EspecialidadComponent.get_especialidades_by_area - 34 especialidades de área pedagogico encontradas
2025-08-01 11:06:51 - INFO - EspecialidadService.get_especialidades_by_area - Especialidades de pedagogico obtenidas
2025-08-01 11:06:51 - INFO - LoginComponent.get_user_by_id - Consulta para usuario ID: 1
2025-08-01 11:06:51 - INFO - SesionPedagogicaService.get_sesiones - Iniciando
2025-08-01 11:06:51 - INFO - PacienteComponent.get_all_pacientes - 10 pacientes encontrados
2025-08-01 11:06:51 - INFO - PacienteService.get_pacientes - Pacientes obtenidos exitosamente
2025-08-01 11:06:51 - INFO - SesionTerapiaComponent.get_pacientes_sesion - 1 pacientes encontrados
2025-08-01 11:06:51 - INFO - SesionPedagogicaComponent.get_sesiones - Sesiones obtenidas exitosamente
2025-08-01 11:06:51 - INFO - SesionPedagogicaService.get_sesiones - Sesiones obtenidas exitosamente
2025-08-01 11:06:52 - INFO - SesionTerapiaComponent.get_pacientes_sesion - 0 pacientes encontrados
2025-08-01 11:06:52 - INFO - LoginComponent.get_user_by_id - Consulta para usuario ID: 1
2025-08-01 11:06:52 - INFO - EspecialidadService.get_especialidades_by_area - Área: pedagogico
2025-08-01 11:06:52 - INFO - SesionTerapiaComponent.get_pacientes_sesion - 1 pacientes encontrados
2025-08-01 11:06:52 - INFO - LoginComponent.get_user_by_id - Consulta para usuario ID: 1
2025-08-01 11:06:52 - INFO - PacienteService.get_pacientes - Iniciando
2025-08-01 11:06:52 - INFO - LoginComponent.get_user_by_id - Consulta para usuario ID: 1
2025-08-01 11:06:52 - INFO - SesionPedagogicaService.get_sesiones - Iniciando
2025-08-01 11:06:52 - INFO - EspecialidadComponent.get_especialidades_by_area - 34 especialidades de área pedagogico encontradas
2025-08-01 11:06:52 - INFO - EspecialidadService.get_especialidades_by_area - Especialidades de pedagogico obtenidas
2025-08-01 11:06:52 - INFO - SesionTerapiaComponent.get_pacientes_sesion - 1 pacientes encontrados
2025-08-01 11:06:52 - INFO - PacienteComponent.get_all_pacientes - 10 pacientes encontrados
2025-08-01 11:06:52 - INFO - PacienteService.get_pacientes - Pacientes obtenidos exitosamente
2025-08-01 11:06:52 - INFO - SesionPedagogicaComponent.get_sesiones - Sesiones obtenidas exitosamente
2025-08-01 11:06:52 - INFO - SesionPedagogicaService.get_sesiones - Sesiones obtenidas exitosamente
2025-08-01 11:06:52 - INFO - SesionTerapiaComponent.get_pacientes_sesion - 1 pacientes encontrados
2025-08-01 11:06:53 - INFO - SesionTerapiaComponent.get_pacientes_sesion - 0 pacientes encontrados
2025-08-01 11:06:53 - INFO - SesionTerapiaComponent.get_pacientes_sesion - 0 pacientes encontrados
2025-08-01 11:06:53 - INFO - PersonalComponent.get_all_personal - 8 miembros del personal encontrados con especialidades
2025-08-01 11:06:53 - INFO - PersonalService.get_personal - Personal obtenido exitosamente
2025-08-01 11:06:53 - INFO - LoginComponent.get_user_by_id - Consulta para usuario ID: 1
2025-08-01 11:06:53 - INFO - SesionPedagogicaService.get_sesiones - Iniciando
2025-08-01 11:06:53 - INFO - SesionTerapiaComponent.get_pacientes_sesion - 0 pacientes encontrados
2025-08-01 11:06:53 - INFO - SesionTerapiaComponent.get_pacientes_sesion - 1 pacientes encontrados
2025-08-01 11:06:53 - INFO - SesionPedagogicaComponent.get_sesiones - Sesiones obtenidas exitosamente
2025-08-01 11:06:53 - INFO - SesionPedagogicaService.get_sesiones - Sesiones obtenidas exitosamente
2025-08-01 11:06:54 - INFO - LoginComponent.get_user_by_id - Consulta para usuario ID: 1
2025-08-01 11:06:54 - INFO - PersonalService.get_personal - Iniciando
2025-08-01 11:06:54 - INFO - SesionTerapiaComponent.get_pacientes_sesion - 2 pacientes encontrados
2025-08-01 11:06:54 - INFO - SesionTerapiaComponent.get_pacientes_sesion - 1 pacientes encontrados
2025-08-01 11:06:54 - INFO - LoginComponent.get_user_by_id - Consulta para usuario ID: 1
2025-08-01 11:06:54 - INFO - SesionPedagogicaService.get_estadisticas - Iniciando
2025-08-01 11:06:54 - INFO - SesionTerapiaComponent.get_pacientes_sesion - 2 pacientes encontrados
2025-08-01 11:06:54 - INFO - LoginComponent.get_user_by_id - Consulta para usuario ID: 1
2025-08-01 11:06:54 - INFO - SesionTerapiaComponent.get_pacientes_sesion - 3 pacientes encontrados
2025-08-01 11:06:54 - INFO - SesionTerapiaService.get_sesiones - Sesiones obtenidas exitosamente
2025-08-01 11:06:54 - INFO - SesionPedagogicaComponent.get_estadisticas_sesiones - Estadísticas obtenidas
2025-08-01 11:06:54 - INFO - SesionPedagogicaService.get_estadisticas - Estadísticas obtenidas
2025-08-01 11:06:55 - INFO - LoginComponent.get_user_by_id - Consulta para usuario ID: 1
2025-08-01 11:06:55 - INFO - SesionTerapiaService.get_sesiones - Iniciando
2025-08-01 11:06:55 - INFO - SesionTerapiaComponent.get_sesiones - Sesiones obtenidas exitosamente
2025-08-01 11:06:55 - INFO - SesionTerapiaComponent.get_pacientes_sesion - 1 pacientes encontrados
2025-08-01 11:06:55 - INFO - PersonalComponent.get_all_personal - 8 miembros del personal encontrados con especialidades
2025-08-01 11:06:55 - INFO - PersonalService.get_personal - Personal obtenido exitosamente
2025-08-01 11:06:55 - INFO - SesionTerapiaComponent.get_pacientes_sesion - 1 pacientes encontrados
2025-08-01 11:06:56 - INFO - SesionTerapiaComponent.get_pacientes_sesion - 1 pacientes encontrados
2025-08-01 11:06:56 - INFO - SesionTerapiaComponent.get_pacientes_sesion - 0 pacientes encontrados
2025-08-01 11:06:56 - INFO - LoginComponent.get_user_by_id - Consulta para usuario ID: 1
2025-08-01 11:06:56 - INFO - SesionPedagogicaService.get_estadisticas - Iniciando
2025-08-01 11:06:56 - INFO - LoginComponent.get_user_by_id - Consulta para usuario ID: 1
2025-08-01 11:06:56 - INFO - SesionTerapiaComponent.get_pacientes_sesion - 1 pacientes encontrados
2025-08-01 11:06:56 - INFO - SesionPedagogicaComponent.get_estadisticas_sesiones - Estadísticas obtenidas
2025-08-01 11:06:56 - INFO - SesionPedagogicaService.get_estadisticas - Estadísticas obtenidas
2025-08-01 11:06:56 - INFO - SesionTerapiaComponent.get_pacientes_sesion - 1 pacientes encontrados
2025-08-01 11:06:57 - INFO - SesionTerapiaComponent.get_pacientes_sesion - 1 pacientes encontrados
2025-08-01 11:06:57 - INFO - SesionTerapiaComponent.get_pacientes_sesion - 0 pacientes encontrados
2025-08-01 11:06:57 - INFO - SesionTerapiaComponent.get_pacientes_sesion - 0 pacientes encontrados
2025-08-01 11:06:57 - INFO - SesionTerapiaComponent.get_pacientes_sesion - 0 pacientes encontrados
2025-08-01 11:06:57 - INFO - SesionTerapiaComponent.get_pacientes_sesion - 1 pacientes encontrados
2025-08-01 11:06:58 - INFO - SesionTerapiaComponent.get_pacientes_sesion - 2 pacientes encontrados
2025-08-01 11:06:58 - INFO - SesionTerapiaComponent.get_pacientes_sesion - 1 pacientes encontrados
2025-08-01 11:06:58 - INFO - SesionTerapiaComponent.get_pacientes_sesion - 2 pacientes encontrados
2025-08-01 11:06:58 - INFO - SesionTerapiaComponent.get_pacientes_sesion - 3 pacientes encontrados
2025-08-01 11:06:58 - INFO - SesionTerapiaService.get_sesiones - Sesiones obtenidas exitosamente
2025-08-01 11:10:37 - INFO - app - Iniciando Sistema Tía Glenda Backend
2025-08-01 11:10:55 - INFO - LoginService.login - Intento de autenticacion
2025-08-01 11:10:55 - INFO - LoginComponent.get_user_for_login - Busqueda para usuario: admin
2025-08-01 11:10:55 - INFO - LoginComponent.update_last_access - Actualizado para usuario ID: 1
2025-08-01 11:10:55 - INFO - LoginService.login - Autenticacion exitosa: admin
2025-08-01 11:10:58 - INFO - LoginComponent.get_user_by_id - Consulta para usuario ID: 1
2025-08-01 11:10:58 - INFO - EspecialidadService.get_especialidades_by_area - Área: pedagogico
2025-08-01 11:10:58 - INFO - EspecialidadComponent.get_especialidades_by_area - 34 especialidades de área pedagogico encontradas
2025-08-01 11:10:58 - INFO - EspecialidadService.get_especialidades_by_area - Especialidades de pedagogico obtenidas
2025-08-01 11:11:00 - INFO - LoginComponent.get_user_by_id - Consulta para usuario ID: 1
2025-08-01 11:11:00 - INFO - PersonalService.get_personal - Iniciando
2025-08-01 11:11:01 - INFO - PersonalComponent.get_all_personal - 8 miembros del personal encontrados con especialidades
2025-08-01 11:11:01 - INFO - PersonalService.get_personal - Personal obtenido exitosamente
2025-08-01 11:11:03 - INFO - LoginComponent.get_user_by_id - Consulta para usuario ID: 1
2025-08-01 11:11:03 - INFO - PacienteService.get_pacientes - Iniciando
2025-08-01 11:11:03 - INFO - PacienteComponent.get_all_pacientes - 10 pacientes encontrados
2025-08-01 11:11:03 - INFO - PacienteService.get_pacientes - Pacientes obtenidos exitosamente
2025-08-01 11:11:06 - INFO - LoginComponent.get_user_by_id - Consulta para usuario ID: 1
2025-08-01 11:11:06 - INFO - SesionPedagogicaService.get_sesiones - Iniciando
2025-08-01 11:11:06 - INFO - SesionPedagogicaComponent.get_sesiones - Sesiones obtenidas exitosamente
2025-08-01 11:11:06 - INFO - SesionPedagogicaService.get_sesiones - Sesiones obtenidas exitosamente
2025-08-01 11:11:08 - INFO - LoginComponent.get_user_by_id - Consulta para usuario ID: 1
2025-08-01 11:11:08 - INFO - SesionPedagogicaService.create_sesion - Iniciando
2025-08-01 11:11:08 - INFO - SesionPedagogicaComponent.create_sesion - Sesión 5 creada exitosamente
2025-08-01 11:11:10 - INFO - Cronograma sesión pedagógica 5: 10/36 generadas
2025-08-01 11:11:11 - INFO - Cronograma sesión pedagógica 5: 20/36 generadas
2025-08-01 11:11:12 - INFO - Cronograma sesión pedagógica 5: 30/36 generadas
2025-08-01 11:11:13 - INFO - SesionPedagogicaComponent.generar_cronograma - 36 clases programadas para sesión 5
2025-08-01 11:11:13 - INFO - SesionPedagogicaService.create_sesion - Sesión creada: 5
2025-08-01 11:11:15 - INFO - LoginComponent.get_user_by_id - Consulta para usuario ID: 1
2025-08-01 11:11:15 - INFO - SesionPedagogicaService.get_sesion - ID: 5
2025-08-01 11:11:15 - INFO - SesionPedagogicaComponent.get_sesion_by_id - Sesión 5 encontrada
2025-08-01 11:11:15 - INFO - SesionPedagogicaService.get_sesion - Sesión 5 encontrada
2025-08-01 11:11:17 - INFO - LoginComponent.get_user_by_id - Consulta para usuario ID: 1
2025-08-01 11:11:17 - INFO - SesionPedagogicaService.update_sesion - ID: 5
2025-08-01 11:11:17 - INFO - SesionPedagogicaComponent.get_sesion_by_id - Sesión 5 encontrada
2025-08-01 11:11:18 - INFO - SesionPedagogicaComponent.update_sesion - Sesión 5 actualizada
2025-08-01 11:11:18 - INFO - SesionPedagogicaService.update_sesion - Sesión 5 actualizada
2025-08-01 11:11:20 - INFO - LoginComponent.get_user_by_id - Consulta para usuario ID: 1
2025-08-01 11:11:20 - INFO - SesionPedagogicaService.get_sesiones - Iniciando
2025-08-01 11:11:20 - INFO - SesionPedagogicaComponent.get_sesiones - Sesiones obtenidas exitosamente
2025-08-01 11:11:20 - INFO - SesionPedagogicaService.get_sesiones - Sesiones obtenidas exitosamente
2025-08-01 11:11:22 - INFO - LoginComponent.get_user_by_id - Consulta para usuario ID: 1
2025-08-01 11:11:22 - INFO - SesionPedagogicaService.get_cronograma_sesion - Sesión: 5
2025-08-01 11:11:22 - INFO - SesionPedagogicaComponent.get_cronograma_sesion - Cronograma obtenido para sesión 5
2025-08-01 11:11:24 - INFO - LoginComponent.get_user_by_id - Consulta para usuario ID: 1
2025-08-01 11:11:26 - INFO - Cronograma sesión pedagógica 5: 10/36 generadas
2025-08-01 11:11:27 - INFO - Cronograma sesión pedagógica 5: 20/36 generadas
2025-08-01 11:11:28 - INFO - Cronograma sesión pedagógica 5: 30/36 generadas
2025-08-01 11:11:29 - INFO - SesionPedagogicaComponent.generar_cronograma - 36 clases programadas para sesión 5
2025-08-01 11:11:31 - INFO - LoginComponent.get_user_by_id - Consulta para usuario ID: 1
2025-08-01 11:11:31 - INFO - SesionPedagogicaService.get_cronograma_sesion - Sesión: 5
2025-08-01 11:11:31 - INFO - SesionPedagogicaComponent.get_cronograma_sesion - Cronograma obtenido para sesión 5
2025-08-01 11:11:33 - INFO - LoginComponent.get_user_by_id - Consulta para usuario ID: 1
2025-08-01 11:11:36 - INFO - LoginComponent.get_user_by_id - Consulta para usuario ID: 1
2025-08-01 11:11:36 - INFO - SesionPedagogicaService.get_estudiantes_sesion - Sesión: 5
2025-08-01 11:11:36 - INFO - SesionPedagogicaComponent.get_estudiantes_sesion - 0 estudiantes encontrados
2025-08-01 11:11:38 - INFO - LoginComponent.get_user_by_id - Consulta para usuario ID: 1
2025-08-01 11:11:38 - INFO - SesionPedagogicaService.add_estudiante_to_sesion - Sesión: 5
2025-08-01 11:11:39 - INFO - SesionPedagogicaComponent.add_estudiante_to_sesion - Estudiante agregado a sesión 5
2025-08-01 11:11:39 - INFO - SesionPedagogicaService.add_estudiante_to_sesion - Estudiante agregado: 5
2025-08-01 11:11:41 - INFO - LoginComponent.get_user_by_id - Consulta para usuario ID: 1
2025-08-01 11:11:41 - INFO - SesionPedagogicaService.get_estudiantes_sesion - Sesión: 5
2025-08-01 11:11:41 - INFO - SesionPedagogicaComponent.get_estudiantes_sesion - 0 estudiantes encontrados
2025-08-01 11:11:43 - INFO - LoginComponent.get_user_by_id - Consulta para usuario ID: 1
2025-08-01 11:11:43 - INFO - SesionPedagogicaService.get_estadisticas - Iniciando
2025-08-01 11:11:44 - INFO - SesionPedagogicaComponent.get_estadisticas_sesiones - Estadísticas obtenidas
2025-08-01 11:11:44 - INFO - SesionPedagogicaService.get_estadisticas - Estadísticas obtenidas
2025-08-01 11:11:46 - INFO - LoginComponent.get_user_by_id - Consulta para usuario ID: 1
2025-08-01 11:11:48 - INFO - LoginComponent.get_user_by_id - Consulta para usuario ID: 1
2025-08-01 11:11:49 - INFO - SesionPedagogicaComponent.get_sesiones_by_pedagogo - 4 sesiones encontradas para pedagogo 8
2025-08-01 11:11:51 - INFO - LoginComponent.get_user_by_id - Consulta para usuario ID: 1
2025-08-01 11:11:51 - INFO - SesionPedagogicaService.delete_sesion - ID: 5
2025-08-01 11:11:51 - INFO - SesionPedagogicaComponent.get_sesion_by_id - Sesión 5 encontrada
2025-08-01 11:11:51 - INFO - SesionPedagogicaComponent.delete_sesion - Sesión 5 cancelada
2025-08-01 11:11:51 - INFO - SesionPedagogicaService.delete_sesion - Sesión 5 cancelada
2025-08-01 11:19:11 - INFO - app - Iniciando Sistema Tía Glenda Backend
2025-08-01 11:19:12 - INFO - app - Iniciando Sistema Tía Glenda Backend
2025-08-01 11:22:14 - INFO - app - Iniciando Sistema Tía Glenda Backend
2025-08-01 11:22:15 - INFO - app - Iniciando Sistema Tía Glenda Backend
2025-08-01 11:31:57 - INFO - app - Iniciando Sistema Tía Glenda Backend
2025-08-01 11:31:58 - INFO - app - Iniciando Sistema Tía Glenda Backend
2025-08-01 11:54:00 - INFO - app - Iniciando Sistema Tía Glenda Backend
2025-08-01 11:54:01 - INFO - app - Iniciando Sistema Tía Glenda Backend
2025-08-01 12:02:40 - INFO - app - Iniciando Sistema Tía Glenda Backend
2025-08-01 12:02:41 - INFO - app - Iniciando Sistema Tía Glenda Backend
2025-08-01 12:24:26 - INFO - app - Iniciando Sistema Tía Glenda Backend
2025-08-01 12:24:27 - INFO - app - Iniciando Sistema Tía Glenda Backend
2025-08-01 12:35:14 - INFO - LoginComponent.get_user_by_id - Consulta para usuario ID: 1
2025-08-01 12:35:14 - INFO - LoginService.verify_token - Token verificado correctamente
2025-08-01 12:35:14 - INFO - LoginComponent.get_user_by_id - Consulta para usuario ID: 1
2025-08-01 12:35:14 - INFO - LoginService.verify_token - Token verificado correctamente
2025-08-01 12:35:15 - INFO - LoginComponent.get_user_by_id - Consulta para usuario ID: 1
2025-08-01 12:35:15 - INFO - Información solicitada para usuario: admin
2025-08-01 12:35:15 - INFO - LoginComponent.get_user_by_id - Consulta para usuario ID: 1
2025-08-01 12:35:15 - INFO - Información solicitada para usuario: admin
2025-08-01 12:35:21 - INFO - LoginComponent.get_user_by_id - Consulta para usuario ID: 1
2025-08-01 12:35:21 - INFO - PersonaService.get_personas - Iniciando
2025-08-01 12:35:21 - INFO - PersonaComponent.get_all_personas - 45 personas encontradas
2025-08-01 12:35:21 - INFO - PersonaService.get_personas - Personas obtenidas exitosamente
2025-08-01 12:35:22 - INFO - LoginComponent.get_user_by_id - Consulta para usuario ID: 1
2025-08-01 12:35:22 - INFO - PersonaService.get_personas_disponibles - Iniciando
2025-08-01 12:35:22 - INFO - PersonaComponent.get_personas_disponibles_para_usuario - 36 personas disponibles
2025-08-01 12:35:22 - INFO - PersonaService.get_personas_disponibles - Personas disponibles obtenidas
2025-08-01 12:35:22 - INFO - LoginComponent.get_user_by_id - Consulta para usuario ID: 1
2025-08-01 12:35:22 - INFO - PersonaService.get_personas - Iniciando
2025-08-01 12:35:22 - INFO - PersonaComponent.get_all_personas - 45 personas encontradas
2025-08-01 12:35:22 - INFO - PersonaService.get_personas - Personas obtenidas exitosamente
2025-08-01 12:35:22 - INFO - LoginComponent.get_user_by_id - Consulta para usuario ID: 1
2025-08-01 12:35:22 - INFO - PersonaService.get_personas_disponibles - Iniciando
2025-08-01 12:35:22 - INFO - PersonaComponent.get_personas_disponibles_para_usuario - 36 personas disponibles
2025-08-01 12:35:22 - INFO - PersonaService.get_personas_disponibles - Personas disponibles obtenidas
2025-08-01 12:35:23 - INFO - LoginComponent.get_user_by_id - Consulta para usuario ID: 1
2025-08-01 12:35:23 - INFO - PersonaService.get_personas_disponibles - Iniciando
2025-08-01 12:35:23 - INFO - PersonaComponent.get_personas_disponibles_para_usuario - 36 personas disponibles
2025-08-01 12:35:23 - INFO - PersonaService.get_personas_disponibles - Personas disponibles obtenidas
2025-08-01 12:35:23 - INFO - LoginComponent.get_user_by_id - Consulta para usuario ID: 1
2025-08-01 12:35:23 - INFO - UsuarioService.get_usuarios - Iniciando
2025-08-01 12:35:23 - INFO - LoginComponent.get_user_by_id - Consulta para usuario ID: 1
2025-08-01 12:35:23 - INFO - LoginComponent.get_user_by_id - Consulta para usuario ID: 1
2025-08-01 12:35:23 - INFO - PersonaService.get_personas_disponibles - Iniciando
2025-08-01 12:35:23 - INFO - RolService.get_roles - Iniciando
2025-08-01 12:35:23 - INFO - UsuarioComponent.get_all_usuarios - 8 usuarios encontrados
2025-08-01 12:35:23 - INFO - UsuarioService.get_usuarios - Usuarios obtenidos exitosamente
2025-08-01 12:35:23 - INFO - RolService.get_roles - 4 roles encontrados
2025-08-01 12:35:23 - INFO - PersonaComponent.get_personas_disponibles_para_usuario - 36 personas disponibles
2025-08-01 12:35:23 - INFO - PersonaService.get_personas_disponibles - Personas disponibles obtenidas
2025-08-01 12:35:23 - INFO - LoginComponent.get_user_by_id - Consulta para usuario ID: 1
2025-08-01 12:35:23 - INFO - UsuarioService.get_usuarios - Iniciando
2025-08-01 12:35:23 - INFO - UsuarioComponent.get_all_usuarios - 8 usuarios encontrados
2025-08-01 12:35:23 - INFO - UsuarioService.get_usuarios - Usuarios obtenidos exitosamente
2025-08-01 12:35:24 - INFO - LoginComponent.get_user_by_id - Consulta para usuario ID: 1
2025-08-01 12:35:24 - INFO - RolService.get_roles - Iniciando
2025-08-01 12:35:24 - INFO - RolService.get_roles - 4 roles encontrados
2025-08-01 12:35:24 - INFO - LoginComponent.get_user_by_id - Consulta para usuario ID: 1
2025-08-01 12:35:24 - INFO - PersonaService.get_personas_disponibles - Iniciando
2025-08-01 12:35:24 - INFO - PersonaComponent.get_personas_disponibles_para_usuario - 36 personas disponibles
2025-08-01 12:35:24 - INFO - PersonaService.get_personas_disponibles - Personas disponibles obtenidas
2025-08-01 12:35:24 - INFO - LoginComponent.get_user_by_id - Consulta para usuario ID: 1
2025-08-01 12:35:24 - INFO - PersonalService.get_personal - Iniciando
2025-08-01 12:35:24 - INFO - LoginComponent.get_user_by_id - Consulta para usuario ID: 1
2025-08-01 12:35:24 - INFO - EspecialidadService.get_especialidades - Iniciando
2025-08-01 12:35:24 - INFO - EspecialidadComponent.get_all_especialidades - 55 especialidades encontradas
2025-08-01 12:35:24 - INFO - EspecialidadService.get_especialidades - Especialidades obtenidas exitosamente
2025-08-01 12:35:24 - INFO - LoginComponent.get_user_by_id - Consulta para usuario ID: 1
2025-08-01 12:35:24 - INFO - PersonaService.get_personas_disponibles - Iniciando
2025-08-01 12:35:24 - INFO - PersonaComponent.get_personas_disponibles_para_usuario - 36 personas disponibles
2025-08-01 12:35:24 - INFO - PersonaService.get_personas_disponibles - Personas disponibles obtenidas
2025-08-01 12:35:25 - INFO - LoginComponent.get_user_by_id - Consulta para usuario ID: 1
2025-08-01 12:35:25 - INFO - EspecialidadService.get_especialidades - Iniciando
2025-08-01 12:35:25 - INFO - EspecialidadComponent.get_all_especialidades - 55 especialidades encontradas
2025-08-01 12:35:25 - INFO - EspecialidadService.get_especialidades - Especialidades obtenidas exitosamente
2025-08-01 12:35:25 - INFO - PersonalComponent.get_all_personal - 8 miembros del personal encontrados con especialidades
2025-08-01 12:35:25 - INFO - PersonalService.get_personal - Personal obtenido exitosamente
2025-08-01 12:35:25 - INFO - LoginComponent.get_user_by_id - Consulta para usuario ID: 1
2025-08-01 12:35:25 - INFO - EspecialidadService.get_especialidades - Iniciando
2025-08-01 12:35:25 - INFO - EspecialidadComponent.get_all_especialidades - 55 especialidades encontradas
2025-08-01 12:35:25 - INFO - EspecialidadService.get_especialidades - Especialidades obtenidas exitosamente
2025-08-01 12:35:25 - INFO - LoginComponent.get_user_by_id - Consulta para usuario ID: 1
2025-08-01 12:35:25 - INFO - PersonalService.get_personal - Iniciando
2025-08-01 12:35:26 - INFO - LoginComponent.get_user_by_id - Consulta para usuario ID: 1
2025-08-01 12:35:26 - INFO - EspecialidadService.get_especialidades - Iniciando
2025-08-01 12:35:26 - INFO - EspecialidadComponent.get_all_especialidades - 55 especialidades encontradas
2025-08-01 12:35:26 - INFO - EspecialidadService.get_especialidades - Especialidades obtenidas exitosamente
2025-08-01 12:35:26 - INFO - PersonalComponent.get_all_personal - 8 miembros del personal encontrados con especialidades
2025-08-01 12:35:26 - INFO - PersonalService.get_personal - Personal obtenido exitosamente
2025-08-01 12:35:28 - INFO - LoginComponent.get_user_by_id - Consulta para usuario ID: 1
2025-08-01 12:35:28 - INFO - LoginComponent.get_user_by_id - Consulta para usuario ID: 1
2025-08-01 12:35:28 - INFO - LoginComponent.get_user_by_id - Consulta para usuario ID: 1
2025-08-01 12:35:28 - INFO - TutorService.get_estadisticas - Iniciando
2025-08-01 12:35:28 - INFO - TutorService.get_tutores - Iniciando
2025-08-01 12:35:28 - INFO - TutorService.get_personas_disponibles - Iniciando
2025-08-01 12:35:28 - INFO - TutorComponent.get_personas_disponibles_para_tutor - 34 personas disponibles
2025-08-01 12:35:28 - INFO - TutorService.get_personas_disponibles - Personas disponibles obtenidas
2025-08-01 12:35:28 - INFO - TutorComponent.get_all_tutores - 10 tutores encontrados
2025-08-01 12:35:28 - INFO - TutorService.get_tutores - Tutores obtenidos exitosamente
2025-08-01 12:35:28 - INFO - TutorComponent.get_estadisticas_tutores - Estadísticas obtenidas
2025-08-01 12:35:28 - INFO - TutorService.get_estadisticas - Estadísticas obtenidas
2025-08-01 12:35:28 - INFO - LoginComponent.get_user_by_id - Consulta para usuario ID: 1
2025-08-01 12:35:28 - INFO - TutorService.get_personas_disponibles - Iniciando
2025-08-01 12:35:28 - INFO - TutorComponent.get_personas_disponibles_para_tutor - 34 personas disponibles
2025-08-01 12:35:28 - INFO - TutorService.get_personas_disponibles - Personas disponibles obtenidas
2025-08-01 12:35:28 - INFO - LoginComponent.get_user_by_id - Consulta para usuario ID: 1
2025-08-01 12:35:28 - INFO - TutorService.get_tutores - Iniciando
2025-08-01 12:35:28 - INFO - LoginComponent.get_user_by_id - Consulta para usuario ID: 1
2025-08-01 12:35:28 - INFO - TutorService.get_estadisticas - Iniciando
2025-08-01 12:35:28 - INFO - TutorComponent.get_all_tutores - 10 tutores encontrados
2025-08-01 12:35:28 - INFO - TutorService.get_tutores - Tutores obtenidos exitosamente
2025-08-01 12:35:28 - INFO - TutorComponent.get_estadisticas_tutores - Estadísticas obtenidas
2025-08-01 12:35:28 - INFO - TutorService.get_estadisticas - Estadísticas obtenidas
2025-08-01 12:35:29 - INFO - LoginComponent.get_user_by_id - Consulta para usuario ID: 1
2025-08-01 12:35:29 - INFO - LoginComponent.get_user_by_id - Consulta para usuario ID: 1
2025-08-01 12:35:29 - INFO - TutorService.get_tutores - Iniciando
2025-08-01 12:35:29 - INFO - PacienteService.get_pacientes - Iniciando
2025-08-01 12:35:29 - INFO - TutorComponent.get_all_tutores - 10 tutores encontrados
2025-08-01 12:35:29 - INFO - TutorService.get_tutores - Tutores obtenidos exitosamente
2025-08-01 12:35:29 - INFO - PacienteComponent.get_all_pacientes - 10 pacientes encontrados
2025-08-01 12:35:29 - INFO - PacienteService.get_pacientes - Pacientes obtenidos exitosamente
2025-08-01 12:35:29 - INFO - LoginComponent.get_user_by_id - Consulta para usuario ID: 1
2025-08-01 12:35:29 - INFO - PacienteService.get_estadisticas - Iniciando
2025-08-01 12:35:29 - INFO - LoginComponent.get_user_by_id - Consulta para usuario ID: 1
2025-08-01 12:35:29 - INFO - PacienteService.get_personas_disponibles - Iniciando
2025-08-01 12:35:29 - INFO - PacienteComponent.get_personas_disponibles_para_paciente - 34 personas disponibles
2025-08-01 12:35:29 - INFO - PacienteService.get_personas_disponibles - Personas disponibles obtenidas
2025-08-01 12:35:29 - INFO - LoginComponent.get_user_by_id - Consulta para usuario ID: 1
2025-08-01 12:35:29 - INFO - TutorService.get_tutores - Iniciando
2025-08-01 12:35:29 - INFO - LoginComponent.get_user_by_id - Consulta para usuario ID: 1
2025-08-01 12:35:29 - INFO - PacienteService.get_pacientes - Iniciando
2025-08-01 12:35:29 - INFO - PacienteComponent.get_estadisticas_pacientes - Estadísticas obtenidas
2025-08-01 12:35:29 - INFO - PacienteService.get_estadisticas - Estadísticas obtenidas
2025-08-01 12:35:29 - INFO - TutorComponent.get_all_tutores - 10 tutores encontrados
2025-08-01 12:35:29 - INFO - TutorService.get_tutores - Tutores obtenidos exitosamente
2025-08-01 12:35:30 - INFO - PacienteComponent.get_all_pacientes - 10 pacientes encontrados
2025-08-01 12:35:30 - INFO - PacienteService.get_pacientes - Pacientes obtenidos exitosamente
2025-08-01 12:35:30 - INFO - LoginComponent.get_user_by_id - Consulta para usuario ID: 1
2025-08-01 12:35:30 - INFO - PacienteService.get_personas_disponibles - Iniciando
2025-08-01 12:35:30 - INFO - PacienteComponent.get_personas_disponibles_para_paciente - 34 personas disponibles
2025-08-01 12:35:30 - INFO - PacienteService.get_personas_disponibles - Personas disponibles obtenidas
2025-08-01 12:35:30 - INFO - LoginComponent.get_user_by_id - Consulta para usuario ID: 1
2025-08-01 12:35:30 - INFO - PacienteService.get_estadisticas - Iniciando
2025-08-01 12:35:30 - INFO - PacienteComponent.get_estadisticas_pacientes - Estadísticas obtenidas
2025-08-01 12:35:30 - INFO - PacienteService.get_estadisticas - Estadísticas obtenidas
2025-08-01 12:35:30 - INFO - LoginComponent.get_user_by_id - Consulta para usuario ID: 1
2025-08-01 12:35:30 - INFO - PacienteService.get_pacientes - Iniciando
2025-08-01 12:35:31 - INFO - PacienteComponent.get_all_pacientes - 10 pacientes encontrados
2025-08-01 12:35:31 - INFO - PacienteService.get_pacientes - Pacientes obtenidos exitosamente
2025-08-01 12:35:31 - INFO - LoginComponent.get_user_by_id - Consulta para usuario ID: 1
2025-08-01 12:35:31 - INFO - SesionTerapiaService.get_sesiones - Iniciando
2025-08-01 12:35:31 - INFO - LoginComponent.get_user_by_id - Consulta para usuario ID: 1
2025-08-01 12:35:31 - INFO - PersonalService.get_personal - Iniciando
ara usuario ID: 1
2025-08-01 12:35:31 - INFO - EspecialidadService.get_especialidades - Iniciando
2025-08-01 12:35:31 - INFO - EspecialidadComponent.get_all_especialidades - 55 especialidades encontradas
2025-08-01 12:35:31 - INFO - EspecialidadService.get_especialidades - Especialidades obtenidas exitosamente
2025-08-01 12:35:31 - INFO - SesionTerapiaComponent.get_sesiones - Sesiones obtenidas exitosamente
2025-08-01 12:35:31 - INFO - LoginComponent.get_user_by_id - Consulta para usuario ID: 1
2025-08-01 12:35:31 - INFO - PacienteService.get_pacientes - Iniciando
2025-08-01 12:35:31 - INFO - SesionTerapiaComponent.get_pacientes_sesion - 1 pacientes encontrados
2025-08-01 12:35:31 - INFO - PacienteComponent.get_all_pacientes - 10 pacientes encontrados
2025-08-01 12:35:31 - INFO - PacienteService.get_pacientes - Pacientes obtenidos exitosamente
2025-08-01 12:35:31 - INFO - SesionTerapiaComponent.get_pacientes_sesion - 1 pacientes encontrados
2025-08-01 12:35:31 - INFO - SesionTerapiaComponent.get_pacientes_sesion - 1 pacientes encontrados
2025-08-01 12:35:31 - INFO - LoginComponent.get_user_by_id - Consulta para usuario ID: 1
2025-08-01 12:35:31 - INFO - EspecialidadService.get_especialidades - Iniciando
2025-08-01 12:35:31 - INFO - SesionTerapiaComponent.get_pacientes_sesion - 0 pacientes encontrados
2025-08-01 12:35:31 - INFO - EspecialidadComponent.get_all_especialidades - 55 especialidades encontradas
2025-08-01 12:35:31 - INFO - EspecialidadService.get_especialidades - Especialidades obtenidas exitosamente
2025-08-01 12:35:31 - INFO - SesionTerapiaComponent.get_pacientes_sesion - 1 pacientes encontrados
2025-08-01 12:35:32 - INFO - SesionTerapiaComponent.get_pacientes_sesion - 1 pacientes encontrados
2025-08-01 12:35:32 - INFO - PersonalComponent.get_all_personal - 8 miembros del personal encontrados con especialidades
2025-08-01 12:35:32 - INFO - PersonalService.get_personal - Personal obtenido exitosamente
2025-08-01 12:35:32 - INFO - SesionTerapiaComponent.get_pacientes_sesion - 1 pacientes encontrados
2025-08-01 12:35:32 - INFO - SesionTerapiaComponent.get_pacientes_sesion - 0 pacientes encontrados
2025-08-01 12:35:32 - INFO - SesionTerapiaComponent.get_pacientes_sesion - 0 pacientes encontrados
2025-08-01 12:35:32 - INFO - LoginComponent.get_user_by_id - Consulta para usuario ID: 1
2025-08-01 12:35:32 - INFO - PersonalService.get_personal - Iniciando
2025-08-01 12:35:32 - INFO - SesionTerapiaComponent.get_pacientes_sesion - 0 pacientes encontrados
2025-08-01 12:35:32 - INFO - SesionTerapiaComponent.get_pacientes_sesion - 1 pacientes encontrados
2025-08-01 12:35:32 - INFO - SesionTerapiaComponent.get_pacientes_sesion - 2 pacientes encontrados
2025-08-01 12:35:32 - INFO - SesionTerapiaComponent.get_pacientes_sesion - 1 pacientes encontrados
2025-08-01 12:35:32 - INFO - SesionTerapiaComponent.get_pacientes_sesion - 2 pacientes encontrados
2025-08-01 12:35:33 - INFO - SesionTerapiaComponent.get_pacientes_sesion - 3 pacientes encontrados
2025-08-01 12:35:33 - INFO - SesionTerapiaService.get_sesiones - Sesiones obtenidas exitosamente
2025-08-01 12:35:33 - INFO - PersonalComponent.get_all_personal - 8 miembros del personal encontrados con especialidades
2025-08-01 12:35:33 - INFO - PersonalService.get_personal - Personal obtenido exitosamente
2025-08-01 12:35:33 - INFO - LoginComponent.get_user_by_id - Consulta para usuario ID: 1
2025-08-01 12:35:33 - INFO - SesionTerapiaService.get_sesiones - Iniciando
2025-08-01 12:35:33 - INFO - SesionTerapiaComponent.get_sesiones - Sesiones obtenidas exitosamente
2025-08-01 12:35:33 - INFO - SesionTerapiaComponent.get_pacientes_sesion - 1 pacientes encontrados
2025-08-01 12:35:33 - INFO - SesionTerapiaComponent.get_pacientes_sesion - 1 pacientes encontrados
2025-08-01 12:35:33 - INFO - SesionTerapiaComponent.get_pacientes_sesion - 1 pacientes encontrados
2025-08-01 12:35:33 - INFO - SesionTerapiaComponent.get_pacientes_sesion - 0 pacientes encontrados
2025-08-01 12:35:34 - INFO - SesionTerapiaComponent.get_pacientes_sesion - 1 pacientes encontrados
2025-08-01 12:35:34 - INFO - SesionTerapiaComponent.get_pacientes_sesion - 1 pacientes encontrados
2025-08-01 12:35:34 - INFO - SesionTerapiaComponent.get_pacientes_sesion - 1 pacientes encontrados
2025-08-01 12:35:34 - INFO - SesionTerapiaComponent.get_pacientes_sesion - 0 pacientes encontrados
2025-08-01 12:35:34 - INFO - SesionTerapiaComponent.get_pacientes_sesion - 0 pacientes encontrados
2025-08-01 12:35:34 - INFO - SesionTerapiaComponent.get_pacientes_sesion - 0 pacientes encontrados
2025-08-01 12:35:34 - INFO - SesionTerapiaComponent.get_pacientes_sesion - 1 pacientes encontrados
2025-08-01 12:35:34 - INFO - SesionTerapiaComponent.get_pacientes_sesion - 2 pacientes encontrados
2025-08-01 12:35:34 - INFO - SesionTerapiaComponent.get_pacientes_sesion - 1 pacientes encontrados
2025-08-01 12:35:35 - INFO - LoginComponent.get_user_by_id - Consulta para usuario ID: 1
2025-08-01 12:35:35 - INFO - PersonalService.get_personal - Iniciando
2025-08-01 12:35:35 - INFO - SesionTerapiaComponent.get_pacientes_sesion - 2 pacientes encontrados
2025-08-01 12:35:35 - INFO - SesionTerapiaComponent.get_pacientes_sesion - 3 pacientes encontrados
2025-08-01 12:35:35 - INFO - SesionTerapiaService.get_sesiones - Sesiones obtenidas exitosamente
2025-08-01 12:35:35 - INFO - LoginComponent.get_user_by_id - Consulta para usuario ID: 1
2025-08-01 12:35:35 - INFO - SesionPedagogicaService.get_sesiones - Iniciando
2025-08-01 12:35:35 - INFO - LoginComponent.get_user_by_id - Consulta para usuario ID: 1
2025-08-01 12:35:35 - INFO - EspecialidadService.get_especialidades_by_area - Área: pedagogico
2025-08-01 12:35:35 - INFO - SesionPedagogicaComponent.get_sesiones - Sesiones obtenidas exitosamente
2025-08-01 12:35:35 - INFO - SesionPedagogicaService.get_sesiones - Sesiones obtenidas exitosamente
2025-08-01 12:35:35 - INFO - EspecialidadComponent.get_especialidades_by_area - 34 especialidades de área pedagogico encontradas
2025-08-01 12:35:35 - INFO - EspecialidadService.get_especialidades_by_area - Especialidades de pedagogico obtenidas
2025-08-01 12:35:35 - INFO - LoginComponent.get_user_by_id - Consulta para usuario ID: 1
2025-08-01 12:35:35 - INFO - PacienteService.get_pacientes - Iniciando
2025-08-01 12:35:35 - INFO - PacienteComponent.get_all_pacientes - 10 pacientes encontrados
2025-08-01 12:35:35 - INFO - PacienteService.get_pacientes - Pacientes obtenidos exitosamente
2025-08-01 12:35:35 - INFO - LoginComponent.get_user_by_id - Consulta para usuario ID: 1
2025-08-01 12:35:35 - INFO - SesionPedagogicaService.get_sesiones - Iniciando
2025-08-01 12:35:36 - INFO - PersonalComponent.get_all_personal - 8 miembros del personal encontrados con especialidades
2025-08-01 12:35:36 - INFO - PersonalService.get_personal - Personal obtenido exitosamente
2025-08-01 12:35:36 - INFO - LoginComponent.get_user_by_id - Consulta para usuario ID: 1
2025-08-01 12:35:36 - INFO - EspecialidadService.get_especialidades_by_area - Área: pedagogico
2025-08-01 12:35:36 - INFO - SesionPedagogicaComponent.get_sesiones - Sesiones obtenidas exitosamente
2025-08-01 12:35:36 - INFO - SesionPedagogicaService.get_sesiones - Sesiones obtenidas exitosamente
2025-08-01 12:35:36 - INFO - EspecialidadComponent.get_especialidades_by_area - 34 especialidades de área pedagogico encontradas
2025-08-01 12:35:36 - INFO - EspecialidadService.get_especialidades_by_area - Especialidades de pedagogico obtenidas
2025-08-01 12:35:36 - INFO - LoginComponent.get_user_by_id - Consulta para usuario ID: 1
2025-08-01 12:35:36 - INFO - PacienteService.get_pacientes - Iniciando
2025-08-01 12:35:36 - INFO - PacienteComponent.get_all_pacientes - 10 pacientes encontrados
2025-08-01 12:35:36 - INFO - PacienteService.get_pacientes - Pacientes obtenidos exitosamente
2025-08-01 12:35:36 - INFO - LoginComponent.get_user_by_id - Consulta para usuario ID: 1
2025-08-01 12:35:36 - INFO - PersonalService.get_personal - Iniciando
2025-08-01 12:35:36 - INFO - LoginComponent.get_user_by_id - Consulta para usuario ID: 1
2025-08-01 12:35:36 - INFO - SesionPedagogicaService.get_estadisticas - Iniciando
2025-08-01 12:35:36 - INFO - LoginComponent.get_user_by_id - Consulta para usuario ID: 1
2025-08-01 12:35:36 - INFO - SesionPedagogicaComponent.get_estadisticas_sesiones - Estadísticas obtenidas
2025-08-01 12:35:36 - INFO - SesionPedagogicaService.get_estadisticas - Estadísticas obtenidas
2025-08-01 12:35:37 - INFO - PersonalComponent.get_all_personal - 8 miembros del personal encontrados con especialidades
2025-08-01 12:35:37 - INFO - PersonalService.get_personal - Personal obtenido exitosamente
2025-08-01 12:35:37 - INFO - LoginComponent.get_user_by_id - Consulta para usuario ID: 1
2025-08-01 12:35:37 - INFO - SesionPedagogicaService.get_estadisticas - Iniciando
2025-08-01 12:35:37 - INFO - LoginComponent.get_user_by_id - Consulta para usuario ID: 1
2025-08-01 12:35:37 - INFO - SesionPedagogicaComponent.get_estadisticas_sesiones - Estadísticas obtenidas
2025-08-01 12:35:37 - INFO - SesionPedagogicaService.get_estadisticas - Estadísticas obtenidas
2025-08-01 12:35:49 - INFO - LoginComponent.get_user_by_id - Consulta para usuario ID: 1
2025-08-01 12:35:49 - INFO - PacienteService.get_pacientes - Iniciando
2025-08-01 12:35:49 - INFO - LoginComponent.get_user_by_id - Consulta para usuario ID: 1
2025-08-01 12:35:49 - INFO - SesionTerapiaService.get_sesiones - Iniciando
2025-08-01 12:35:49 - INFO - LoginComponent.get_user_by_id - Consulta para usuario ID: 1
2025-08-01 12:35:49 - INFO - PersonalService.get_personal - Iniciando
2025-08-01 12:35:49 - INFO - LoginComponent.get_user_by_id - Consulta para usuario ID: 1
2025-08-01 12:35:49 - INFO - EspecialidadService.get_especialidades - Iniciando
2025-08-01 12:35:49 - INFO - EspecialidadComponent.get_all_especialidades - 55 especialidades encontradas
2025-08-01 12:35:49 - INFO - PacienteComponent.get_all_pacientes - 10 pacientes encontrados
2025-08-01 12:35:49 - INFO - EspecialidadService.get_especialidades - Especialidades obtenidas exitosamente
2025-08-01 12:35:49 - INFO - PacienteService.get_pacientes - Pacientes obtenidos exitosamente
2025-08-01 12:35:49 - INFO - SesionTerapiaComponent.get_sesiones - Sesiones obtenidas exitosamente
2025-08-01 12:35:49 - INFO - SesionTerapiaComponent.get_pacientes_sesion - 1 pacientes encontrados
2025-08-01 12:35:49 - INFO - SesionTerapiaComponent.get_pacientes_sesion - 1 pacientes encontrados
2025-08-01 12:35:50 - INFO - SesionTerapiaComponent.get_pacientes_sesion - 1 pacientes encontrados
2025-08-01 12:35:50 - INFO - LoginComponent.get_user_by_id - Consulta para usuario ID: 1
2025-08-01 12:35:50 - INFO - EspecialidadService.get_especialidades - Iniciando
2025-08-01 12:35:50 - INFO - LoginComponent.get_user_by_id - Consulta para usuario ID: 1
2025-08-01 12:35:50 - INFO - PacienteService.get_pacientes - Iniciando
2025-08-01 12:35:50 - INFO - SesionTerapiaComponent.get_pacientes_sesion - 0 pacientes encontrados
2025-08-01 12:35:50 - INFO - EspecialidadComponent.get_all_especialidades - 55 especialidades encontradas
2025-08-01 12:35:50 - INFO - EspecialidadService.get_especialidades - Especialidades obtenidas exitosamente
2025-08-01 12:35:50 - INFO - PacienteComponent.get_all_pacientes - 10 pacientes encontrados
2025-08-01 12:35:50 - INFO - PacienteService.get_pacientes - Pacientes obtenidos exitosamente
2025-08-01 12:35:50 - INFO - SesionTerapiaComponent.get_pacientes_sesion - 1 pacientes encontrados
2025-08-01 12:35:50 - INFO - SesionTerapiaComponent.get_pacientes_sesion - 1 pacientes encontrados
2025-08-01 12:35:50 - INFO - PersonalComponent.get_all_personal - 8 miembros del personal encontrados con especialidades
2025-08-01 12:35:50 - INFO - SesionTerapiaComponent.get_pacientes_sesion - 1 pacientes encontrados
2025-08-01 12:35:50 - INFO - PersonalService.get_personal - Personal obtenido exitosamente
2025-08-01 12:35:50 - INFO - SesionTerapiaComponent.get_pacientes_sesion - 0 pacientes encontrados
2025-08-01 12:35:50 - INFO - SesionTerapiaComponent.get_pacientes_sesion - 0 pacientes encontrados
2025-08-01 12:35:50 - INFO - SesionTerapiaComponent.get_pacientes_sesion - 0 pacientes encontrados
2025-08-01 12:35:50 - INFO - LoginComponent.get_user_by_id - Consulta para usuario ID: 1
2025-08-01 12:35:50 - INFO - PersonalService.get_personal - Iniciando
2025-08-01 12:35:50 - INFO - SesionTerapiaComponent.get_pacientes_sesion - 1 pacientes encontrados
2025-08-01 12:35:50 - INFO - SesionTerapiaComponent.get_pacientes_sesion - 2 pacientes encontrados
2025-08-01 12:35:51 - INFO - SesionTerapiaComponent.get_pacientes_sesion - 1 pacientes encontrados
2025-08-01 12:35:51 - INFO - SesionTerapiaComponent.get_pacientes_sesion - 2 pacientes encontrados
2025-08-01 12:35:51 - INFO - SesionTerapiaComponent.get_pacientes_sesion - 3 pacientes encontrados
2025-08-01 12:35:51 - INFO - SesionTerapiaService.get_sesiones - Sesiones obtenidas exitosamente
2025-08-01 12:35:51 - INFO - PersonalComponent.get_all_personal - 8 miembros del personal encontrados con especialidades
2025-08-01 12:35:51 - INFO - PersonalService.get_personal - Personal obtenido exitosamente
2025-08-01 12:35:51 - INFO - LoginComponent.get_user_by_id - Consulta para usuario ID: 1
2025-08-01 12:35:51 - INFO - SesionTerapiaService.get_sesiones - Iniciando
2025-08-01 12:35:51 - INFO - SesionTerapiaComponent.get_sesiones - Sesiones obtenidas exitosamente
2025-08-01 12:35:51 - INFO - SesionTerapiaComponent.get_pacientes_sesion - 1 pacientes encontrados
2025-08-01 12:35:52 - INFO - SesionTerapiaComponent.get_pacientes_sesion - 1 pacientes encontrados
2025-08-01 12:35:52 - INFO - SesionTerapiaComponent.get_pacientes_sesion - 1 pacientes encontrados
2025-08-01 12:35:52 - INFO - SesionTerapiaComponent.get_pacientes_sesion - 0 pacientes encontrados
2025-08-01 12:35:52 - INFO - SesionTerapiaComponent.get_pacientes_sesion - 1 pacientes encontrados
2025-08-01 12:35:52 - INFO - SesionTerapiaComponent.get_pacientes_sesion - 1 pacientes encontrados
2025-08-01 12:35:52 - INFO - SesionTerapiaComponent.get_pacientes_sesion - 1 pacientes encontrados
2025-08-01 12:35:52 - INFO - SesionTerapiaComponent.get_pacientes_sesion - 0 pacientes encontrados
2025-08-01 12:35:52 - INFO - SesionTerapiaComponent.get_pacientes_sesion - 0 pacientes encontrados
2025-08-01 12:35:52 - INFO - SesionTerapiaComponent.get_pacientes_sesion - 0 pacientes encontrados
2025-08-01 12:35:53 - INFO - SesionTerapiaComponent.get_pacientes_sesion - 1 pacientes encontrados
2025-08-01 12:35:53 - INFO - SesionTerapiaComponent.get_pacientes_sesion - 2 pacientes encontrados
2025-08-01 12:35:53 - INFO - SesionTerapiaComponent.get_pacientes_sesion - 1 pacientes encontrados
2025-08-01 12:35:53 - INFO - SesionTerapiaComponent.get_pacientes_sesion - 2 pacientes encontrados
2025-08-01 12:35:53 - INFO - SesionTerapiaComponent.get_pacientes_sesion - 3 pacientes encontrados
2025-08-01 12:35:53 - INFO - SesionTerapiaService.get_sesiones - Sesiones obtenidas exitosamente
2025-08-01 12:35:55 - INFO - LoginComponent.get_user_by_id - Consulta para usuario ID: 1
2025-08-01 12:35:55 - INFO - SesionPedagogicaService.get_sesiones - Iniciando
2025-08-01 12:35:55 - INFO - LoginComponent.get_user_by_id - Consulta para usuario ID: 1
2025-08-01 12:35:55 - INFO - PersonalService.get_personal - Iniciando
2025-08-01 12:35:55 - INFO - LoginComponent.get_user_by_id - Consulta para usuario ID: 1
2025-08-01 12:35:55 - INFO - PacienteService.get_pacientes - Iniciando
2025-08-01 12:35:55 - INFO - LoginComponent.get_user_by_id - Consulta para usuario ID: 1
2025-08-01 12:35:55 - INFO - EspecialidadService.get_especialidades_by_area - Área: pedagogico
2025-08-01 12:35:55 - INFO - EspecialidadComponent.get_especialidades_by_area - 34 especialidades de área pedagogico encontradas
2025-08-01 12:35:55 - INFO - EspecialidadService.get_especialidades_by_area - Especialidades de pedagogico obtenidas
2025-08-01 12:35:55 - INFO - SesionPedagogicaComponent.get_sesiones - Sesiones obtenidas exitosamente
2025-08-01 12:35:55 - INFO - SesionPedagogicaService.get_sesiones - Sesiones obtenidas exitosamente
2025-08-01 12:35:55 - INFO - PacienteComponent.get_all_pacientes - 10 pacientes encontrados
2025-08-01 12:35:55 - INFO - PacienteService.get_pacientes - Pacientes obtenidos exitosamente
2025-08-01 12:35:55 - INFO - LoginComponent.get_user_by_id - Consulta para usuario ID: 1
2025-08-01 12:35:55 - INFO - EspecialidadService.get_especialidades_by_area - Área: pedagogico
2025-08-01 12:35:55 - INFO - LoginComponent.get_user_by_id - Consulta para usuario ID: 1
2025-08-01 12:35:55 - INFO - SesionPedagogicaService.get_sesiones - Iniciando
2025-08-01 12:35:55 - INFO - LoginComponent.get_user_by_id - Consulta para usuario ID: 1
2025-08-01 12:35:55 - INFO - PacienteService.get_pacientes - Iniciando
2025-08-01 12:35:55 - INFO - EspecialidadComponent.get_especialidades_by_area - 34 especialidades de área pedagogico encontradas
2025-08-01 12:35:55 - INFO - EspecialidadService.get_especialidades_by_area - Especialidades de pedagogico obtenidas
2025-08-01 12:35:55 - INFO - PacienteComponent.get_all_pacientes - 10 pacientes encontrados
2025-08-01 12:35:55 - INFO - PacienteService.get_pacientes - Pacientes obtenidos exitosamente
2025-08-01 12:35:55 - INFO - SesionPedagogicaComponent.get_sesiones - Sesiones obtenidas exitosamente
2025-08-01 12:35:55 - INFO - SesionPedagogicaService.get_sesiones - Sesiones obtenidas exitosamente
2025-08-01 12:35:56 - INFO - PersonalComponent.get_all_personal - 8 miembros del personal encontrados con especialidades
2025-08-01 12:35:56 - INFO - PersonalService.get_personal - Personal obtenido exitosamente
2025-08-01 12:35:56 - INFO - LoginComponent.get_user_by_id - Consulta para usuario ID: 1
2025-08-01 12:35:56 - INFO - PersonalService.get_personal - Iniciando
2025-08-01 12:35:56 - INFO - LoginComponent.get_user_by_id - Consulta para usuario ID: 1
2025-08-01 12:35:56 - INFO - SesionPedagogicaService.get_estadisticas - Iniciando
2025-08-01 12:35:56 - INFO - LoginComponent.get_user_by_id - Consulta para usuario ID: 1
2025-08-01 12:35:57 - INFO - SesionPedagogicaComponent.get_estadisticas_sesiones - Estadísticas obtenidas
2025-08-01 12:35:57 - INFO - SesionPedagogicaService.get_estadisticas - Estadísticas obtenidas
2025-08-01 12:35:57 - INFO - PersonalComponent.get_all_personal - 8 miembros del personal encontrados con especialidades
2025-08-01 12:35:57 - INFO - PersonalService.get_personal - Personal obtenido exitosamente
2025-08-01 12:35:57 - INFO - LoginComponent.get_user_by_id - Consulta para usuario ID: 1
2025-08-01 12:35:57 - INFO - SesionPedagogicaService.get_estadisticas - Iniciando
2025-08-01 12:35:57 - INFO - LoginComponent.get_user_by_id - Consulta para usuario ID: 1
2025-08-01 12:35:57 - INFO - SesionPedagogicaComponent.get_estadisticas_sesiones - Estadísticas obtenidas
2025-08-01 12:35:57 - INFO - SesionPedagogicaService.get_estadisticas - Estadísticas obtenidas
2025-08-01 15:33:59 - INFO - LoginComponent.get_user_by_id - Consulta para usuario ID: 1
2025-08-01 15:33:59 - INFO - LoginService.verify_token - Token verificado correctamente
2025-08-01 15:33:59 - INFO - LoginComponent.get_user_by_id - Consulta para usuario ID: 1
2025-08-01 15:33:59 - INFO - LoginService.verify_token - Token verificado correctamente
2025-08-01 15:34:00 - INFO - LoginComponent.get_user_by_id - Consulta para usuario ID: 1
2025-08-01 15:34:00 - INFO - Información solicitada para usuario: admin
2025-08-01 15:34:00 - INFO - LoginComponent.get_user_by_id - Consulta para usuario ID: 1
2025-08-01 15:34:00 - INFO - Información solicitada para usuario: admin
2025-08-01 15:34:01 - INFO - LoginComponent.get_user_by_id - Consulta para usuario ID: 1
2025-08-01 15:34:01 - INFO - SesionPedagogicaService.get_sesiones - Iniciando
2025-08-01 15:34:01 - INFO - LoginComponent.get_user_by_id - Consulta para usuario ID: 1
2025-08-01 15:34:01 - INFO - PacienteService.get_pacientes - Iniciando
2025-08-01 15:34:01 - INFO - LoginComponent.get_user_by_id - Consulta para usuario ID: 1
2025-08-01 15:34:01 - INFO - PersonalService.get_personal_by_area - Área: pedagogico
2025-08-01 15:34:01 - INFO - LoginComponent.get_user_by_id - Consulta para usuario ID: 1
2025-08-01 15:34:01 - INFO - EspecialidadService.get_especialidades_by_area - Área: pedagogico
2025-08-01 15:34:01 - INFO - PersonalComponent.get_personal_by_area - 3 personal de área pedagogico encontrado
2025-08-01 15:34:01 - INFO - PersonalService.get_personal_by_area - Personal de pedagogico obtenido
2025-08-01 15:34:01 - INFO - PacienteService.get_pacientes - Pacientes obtenidos exitosamente
2025-08-01 15:34:01 - INFO - SesionPedagogicaComponent.get_sesiones - Sesiones obtenidas exitosamente
2025-08-01 15:34:01 - INFO - SesionPedagogicaService.get_sesiones - Sesiones obtenidas exitosamente
2025-08-01 15:34:01 - INFO - EspecialidadComponent.get_especialidades_by_area - 34 especialidades de área pedagogico encontradas
2025-08-01 15:34:01 - INFO - EspecialidadService.get_especialidades_by_area - Especialidades de pedagogico obtenidas
2025-08-01 15:34:02 - INFO - LoginComponent.get_user_by_id - Consulta para usuario ID: 1
2025-08-01 15:34:02 - INFO - PersonalService.get_personal_by_area - Área: pedagogico
2025-08-01 15:34:02 - INFO - LoginComponent.get_user_by_id - Consulta para usuario ID: 1
2025-08-01 15:34:02 - INFO - PacienteService.get_pacientes - Iniciando
2025-08-01 15:34:02 - INFO - LoginComponent.get_user_by_id - Consulta para usuario ID: 1
2025-08-01 15:34:02 - INFO - SesionPedagogicaService.get_sesiones - Iniciando
2025-08-01 15:34:02 - INFO - LoginComponent.get_user_by_id - Consulta para usuario ID: 1
2025-08-01 15:34:02 - INFO - EspecialidadService.get_especialidades_by_area - Área: pedagogico
2025-08-01 15:34:02 - INFO - PersonalComponent.get_personal_by_area - 3 personal de área pedagogico encontrado
2025-08-01 15:34:02 - INFO - PersonalService.get_personal_by_area - Personal de pedagogico obtenido
2025-08-01 15:34:02 - INFO - PacienteComponent.get_all_pacientes - 10 pacientes encontrados
2025-08-01 15:34:02 - INFO - PacienteService.get_pacientes - Pacientes obtenidos exitosamente
2025-08-01 15:34:02 - INFO - SesionPedagogicaComponent.get_sesiones - Sesiones obtenidas exitosamente
2025-08-01 15:34:02 - INFO - EspecialidadComponent.get_especialidades_by_area - 34 especialidades de área pedagogico encontradas
2025-08-01 15:34:02 - INFO - SesionPedagogicaService.get_sesiones - Sesiones obtenidas exitosamente
2025-08-01 15:34:02 - INFO - EspecialidadService.get_especialidades_by_area - Especialidades de pedagogico obtenidas
2025-08-01 15:34:57 - INFO - LoginComponent.get_user_by_id - Consulta para usuario ID: 1
2025-08-01 15:34:57 - INFO - SesionPedagogicaService.get_cronograma_sesion - Sesión: 1
2025-08-01 15:34:57 - INFO - SesionPedagogicaComponent.get_cronograma_sesion - Cronograma obtenido para sesión 1
2025-08-01 15:35:14 - INFO - LoginComponent.get_user_by_id - Consulta para usuario ID: 1
2025-08-01 15:35:14 - INFO - SesionPedagogicaService.get_estudiantes_sesion - Sesión: 5
2025-08-01 15:35:14 - INFO - SesionPedagogicaComponent.get_estudiantes_sesion - 0 estudiantes encontrados
2025-08-01 15:35:14 - INFO - LoginComponent.get_user_by_id - Consulta para usuario ID: 1
2025-08-01 15:35:14 - INFO - SesionPedagogicaService.get_estudiantes_sesion - Sesión: 5
2025-08-01 15:35:15 - INFO - SesionPedagogicaComponent.get_estudiantes_sesion - 0 estudiantes encontrados
2025-08-01 15:35:17 - INFO - LoginComponent.get_user_by_id - Consulta para usuario ID: 1
2025-08-01 15:35:17 - INFO - SesionPedagogicaService.get_sesion - ID: 5
2025-08-01 15:35:17 - INFO - SesionPedagogicaComponent.get_sesion_by_id - Sesión 5 encontrada
2025-08-01 15:35:17 - INFO - SesionPedagogicaService.get_sesion - Sesión 5 encontrada
2025-08-01 15:35:47 - INFO - LoginComponent.get_user_by_id - Consulta para usuario ID: 1
2025-08-01 15:35:47 - INFO - SesionPedagogicaService.get_cronograma_sesion - Sesión: 5
2025-08-01 15:35:47 - INFO - SesionPedagogicaComponent.get_cronograma_sesion - Cronograma obtenido para sesión 5
2025-08-01 15:37:04 - INFO - LoginComponent.get_user_by_id - Consulta para usuario ID: 1
2025-08-01 15:37:04 - INFO - SesionPedagogicaService.get_cronograma_sesion - Sesión: 5
2025-08-01 15:37:04 - INFO - SesionPedagogicaComponent.get_cronograma_sesion - Cronograma obtenido para sesión 5
2025-08-01 15:37:10 - INFO - LoginComponent.get_user_by_id - Consulta para usuario ID: 1
2025-08-01 15:37:10 - INFO - SesionPedagogicaService.get_cronograma_sesion - Sesión: 4
2025-08-01 15:37:10 - INFO - SesionPedagogicaComponent.get_cronograma_sesion - Cronograma obtenido para sesión 4
2025-08-01 15:37:17 - INFO - LoginComponent.get_user_by_id - Consulta para usuario ID: 1
2025-08-01 15:37:17 - INFO - SesionPedagogicaService.get_cronograma_sesion - Sesión: 1
2025-08-01 15:37:17 - INFO - SesionPedagogicaComponent.get_cronograma_sesion - Cronograma obtenido para sesión 1
2025-08-01 15:37:39 - INFO - LoginComponent.get_user_by_id - Consulta para usuario ID: 1
2025-08-01 15:37:39 - INFO - SesionPedagogicaService.get_estudiantes_sesion - Sesión: 5
2025-08-01 15:37:39 - INFO - SesionPedagogicaComponent.get_estudiantes_sesion - 0 estudiantes encontrados
2025-08-01 15:37:40 - INFO - LoginComponent.get_user_by_id - Consulta para usuario ID: 1
2025-08-01 15:37:40 - INFO - SesionPedagogicaService.get_estudiantes_sesion - Sesión: 5
2025-08-01 15:37:40 - INFO - SesionPedagogicaComponent.get_estudiantes_sesion - 0 estudiantes encontrados
2025-08-01 15:39:07 - INFO - LoginComponent.get_user_by_id - Consulta para usuario ID: 1
2025-08-01 15:39:07 - INFO - SesionPedagogicaService.get_sesiones - Iniciando
2025-08-01 15:39:07 - INFO - LoginComponent.get_user_by_id - Consulta para usuario ID: 1
2025-08-01 15:39:07 - INFO - EspecialidadService.get_especialidades_by_area - Área: pedagogico
2025-08-01 15:39:07 - INFO - LoginComponent.get_user_by_id - Consulta para usuario ID: 1
2025-08-01 15:39:07 - INFO - LoginComponent.get_user_by_id - Consulta para usuario ID: 1
2025-08-01 15:39:07 - INFO - PersonalService.get_personal_by_area - Área: pedagogico
2025-08-01 15:39:07 - INFO - PacienteService.get_pacientes - Iniciando
2025-08-01 15:39:07 - INFO - SesionPedagogicaComponent.get_sesiones - Sesiones obtenidas exitosamente
2025-08-01 15:39:07 - INFO - SesionPedagogicaService.get_sesiones - Sesiones obtenidas exitosamente
2025-08-01 15:39:07 - INFO - EspecialidadComponent.get_especialidades_by_area - 34 especialidades de área pedagogico encontradas
2025-08-01 15:39:07 - INFO - EspecialidadService.get_especialidades_by_area - Especialidades de pedagogico obtenidas
2025-08-01 15:39:08 - INFO - PersonalComponent.get_personal_by_area - 3 personal de área pedagogico encontrado
2025-08-01 15:39:08 - INFO - PersonalService.get_personal_by_area - Personal de pedagogico obtenido
2025-08-01 15:39:08 - INFO - PacienteComponent.get_all_pacientes - 10 pacientes encontrados
2025-08-01 15:39:08 - INFO - PacienteService.get_pacientes - Pacientes obtenidos exitosamente
2025-08-01 15:44:49 - INFO - LoginComponent.get_user_by_id - Consulta para usuario ID: 1
2025-08-01 15:44:49 - INFO - LoginService.verify_token - Token verificado correctamente
2025-08-01 15:44:49 - INFO - LoginComponent.get_user_by_id - Consulta para usuario ID: 1
2025-08-01 15:44:49 - INFO - LoginService.verify_token - Token verificado correctamente
2025-08-01 15:44:50 - INFO - LoginComponent.get_user_by_id - Consulta para usuario ID: 1
2025-08-01 15:44:50 - INFO - Información solicitada para usuario: admin
2025-08-01 15:44:50 - INFO - LoginComponent.get_user_by_id - Consulta para usuario ID: 1
2025-08-01 15:44:50 - INFO - Información solicitada para usuario: admin
2025-08-01 15:44:51 - INFO - LoginComponent.get_user_by_id - Consulta para usuario ID: 1
2025-08-01 15:44:51 - INFO - SesionPedagogicaService.get_pedagogos_disponibles - Iniciando
2025-08-01 15:44:51 - INFO - LoginComponent.get_user_by_id - Consulta para usuario ID: 1
2025-08-01 15:44:51 - INFO - EspecialidadService.get_especialidades_by_area - Área: pedagogico
2025-08-01 15:44:51 - INFO - LoginComponent.get_user_by_id - Consulta para usuario ID: 1
2025-08-01 15:44:51 - INFO - SesionPedagogicaService.get_sesiones - Iniciando
2025-08-01 15:44:51 - INFO - EspecialidadComponent.get_especialidades_by_area - 34 especialidades de área pedagogico encontradas
2025-08-01 15:44:51 - INFO - EspecialidadService.get_especialidades_by_area - Especialidades de pedagogico obtenidas
2025-08-01 15:44:51 - INFO - SesionPedagogicaComponent.get_sesiones - Sesiones obtenidas exitosamente
2025-08-01 15:44:51 - INFO - SesionPedagogicaService.get_sesiones - Sesiones obtenidas exitosamente
2025-08-01 15:44:51 - INFO - LoginComponent.get_user_by_id - Consulta para usuario ID: 1
2025-08-01 15:44:51 - INFO - PacienteService.get_pacientes - Iniciando
2025-08-01 15:44:51 - INFO - PacienteComponent.get_all_pacientes - 10 pacientes encontrados
2025-08-01 15:44:51 - INFO - PacienteService.get_pacientes - Pacientes obtenidos exitosamente
2025-08-01 15:44:51 - INFO - LoginComponent.get_user_by_id - Consulta para usuario ID: 1
2025-08-01 15:44:51 - INFO - EspecialidadService.get_especialidades_by_area - Área: pedagogico
2025-08-01 15:44:51 - INFO - LoginComponent.get_user_by_id - Consulta para usuario ID: 1
2025-08-01 15:44:51 - INFO - SesionPedagogicaService.get_pedagogos_disponibles - Iniciando
2025-08-01 15:44:51 - INFO - LoginComponent.get_user_by_id - Consulta para usuario ID: 1
2025-08-01 15:44:51 - INFO - SesionPedagogicaService.get_sesiones - Iniciando
2025-08-01 15:44:51 - INFO - LoginComponent.get_user_by_id - Consulta para usuario ID: 1
2025-08-01 15:44:51 - INFO - PacienteService.get_pacientes - Iniciando
2025-08-01 15:44:51 - INFO - EspecialidadComponent.get_especialidades_by_area - 34 especialidades de área pedagogico encontradas
2025-08-01 15:44:51 - INFO - EspecialidadService.get_especialidades_by_area - Especialidades de pedagogico obtenidas
2025-08-01 15:44:51 - INFO - PacienteComponent.get_all_pacientes - 10 pacientes encontrados
2025-08-01 15:44:51 - INFO - PacienteService.get_pacientes - Pacientes obtenidos exitosamente
2025-08-01 15:44:51 - INFO - SesionPedagogicaComponent.get_sesiones - Sesiones obtenidas exitosamente
2025-08-01 15:44:51 - INFO - SesionPedagogicaService.get_sesiones - Sesiones obtenidas exitosamente
2025-08-01 15:44:58 - INFO - LoginComponent.get_user_by_id - Consulta para usuario ID: 1
2025-08-01 15:44:58 - INFO - PacienteService.get_pacientes - Iniciando
2025-08-01 15:44:58 - INFO - LoginComponent.get_user_by_id - Consulta para usuario ID: 1
2025-08-01 15:44:58 - INFO - LoginComponent.get_user_by_id - Consulta para usuario ID: 1
2025-08-01 15:44:58 - INFO - LoginComponent.get_user_by_id - Consulta para usuario ID: 1
2025-08-01 15:44:58 - INFO - TutorService.get_tutores - Iniciando
2025-08-01 15:44:58 - INFO - PacienteService.get_personas_disponibles - Iniciando
2025-08-01 15:44:58 - INFO - PacienteService.get_estadisticas - Iniciando
2025-08-01 15:44:58 - INFO - PacienteComponent.get_all_pacientes - 10 pacientes encontrados
2025-08-01 15:44:58 - INFO - PacienteService.get_pacientes - Pacientes obtenidos exitosamente
2025-08-01 15:44:58 - INFO - TutorComponent.get_all_tutores - 10 tutores encontrados
2025-08-01 15:44:58 - INFO - TutorService.get_tutores - Tutores obtenidos exitosamente
2025-08-01 15:44:58 - INFO - PacienteComponent.get_personas_disponibles_para_paciente - 34 personas disponibles
2025-08-01 15:44:58 - INFO - PacienteService.get_personas_disponibles - Personas disponibles obtenidas
2025-08-01 15:44:59 - INFO - PacienteComponent.get_estadisticas_pacientes - Estadísticas obtenidas
2025-08-01 15:44:59 - INFO - PacienteService.get_estadisticas - Estadísticas obtenidas
2025-08-01 15:44:59 - INFO - LoginComponent.get_user_by_id - Consulta para usuario ID: 1
2025-08-01 15:44:59 - INFO - PacienteService.get_pacientes - Iniciando
2025-08-01 15:44:59 - INFO - LoginComponent.get_user_by_id - Consulta para usuario ID: 1
2025-08-01 15:44:59 - INFO - TutorService.get_tutores - Iniciando
2025-08-01 15:44:59 - INFO - LoginComponent.get_user_by_id - Consulta para usuario ID: 1
2025-08-01 15:44:59 - INFO - PacienteService.get_personas_disponibles - Iniciando
2025-08-01 15:44:59 - INFO - PacienteComponent.get_all_pacientes - 10 pacientes encontrados
2025-08-01 15:44:59 - INFO - PacienteService.get_pacientes - Pacientes obtenidos exitosamente
2025-08-01 15:44:59 - INFO - PacienteComponent.get_personas_disponibles_para_paciente - 34 personas disponibles
2025-08-01 15:44:59 - INFO - PacienteService.get_personas_disponibles - Personas disponibles obtenidas
2025-08-01 15:44:59 - INFO - TutorComponent.get_all_tutores - 10 tutores encontrados
2025-08-01 15:44:59 - INFO - TutorService.get_tutores - Tutores obtenidos exitosamente
2025-08-01 15:44:59 - INFO - LoginComponent.get_user_by_id - Consulta para usuario ID: 1
2025-08-01 15:44:59 - INFO - PacienteService.get_estadisticas - Iniciando
2025-08-01 15:44:59 - INFO - PacienteComponent.get_estadisticas_pacientes - Estadísticas obtenidas
2025-08-01 15:44:59 - INFO - PacienteService.get_estadisticas - Estadísticas obtenidas
2025-08-01 15:50:42 - INFO - LoginComponent.get_user_by_id - Consulta para usuario ID: 1
2025-08-01 15:50:42 - INFO - LoginComponent.get_user_by_id - Consulta para usuario ID: 1
2025-08-01 15:50:42 - INFO - SesionTerapiaService.get_sesiones - Iniciando
2025-08-01 15:50:42 - INFO - PacienteService.get_pacientes - Iniciando
2025-08-01 15:50:42 - INFO - LoginComponent.get_user_by_id - Consulta para usuario ID: 1
2025-08-01 15:50:42 - INFO - PersonalService.get_personal - Iniciando
2025-08-01 15:50:42 - INFO - LoginComponent.get_user_by_id - Consulta para usuario ID: 1
2025-08-01 15:50:42 - INFO - EspecialidadService.get_especialidades - Iniciando
2025-08-01 15:50:42 - INFO - PacienteComponent.get_all_pacientes - 10 pacientes encontrados
2025-08-01 15:50:42 - INFO - PacienteService.get_pacientes - Pacientes obtenidos exitosamente
2025-08-01 15:50:42 - INFO - EspecialidadComponent.get_all_especialidades - 55 especialidades encontradas
2025-08-01 15:50:42 - INFO - EspecialidadService.get_especialidades - Especialidades obtenidas exitosamente
2025-08-01 15:50:42 - INFO - SesionTerapiaComponent.get_sesiones - Sesiones obtenidas exitosamente
2025-08-01 15:50:42 - INFO - SesionTerapiaComponent.get_pacientes_sesion - 1 pacientes encontrados
2025-08-01 15:50:43 - INFO - SesionTerapiaComponent.get_pacientes_sesion - 1 pacientes encontrados
2025-08-01 15:50:43 - INFO - SesionTerapiaComponent.get_pacientes_sesion - 1 pacientes encontrados
2025-08-01 15:50:43 - INFO - LoginComponent.get_user_by_id - Consulta para usuario ID: 1
2025-08-01 15:50:43 - INFO - PacienteService.get_pacientes - Iniciando
2025-08-01 15:50:43 - INFO - LoginComponent.get_user_by_id - Consulta para usuario ID: 1
2025-08-01 15:50:43 - INFO - EspecialidadService.get_especialidades - Iniciando
2025-08-01 15:50:43 - INFO - SesionTerapiaComponent.get_pacientes_sesion - 0 pacientes encontrados
2025-08-01 15:50:43 - INFO - PacienteComponent.get_all_pacientes - 10 pacientes encontrados
2025-08-01 15:50:43 - INFO - PacienteService.get_pacientes - Pacientes obtenidos exitosamente
2025-08-01 15:50:43 - INFO - EspecialidadComponent.get_all_especialidades - 55 especialidades encontradas
2025-08-01 15:50:43 - INFO - EspecialidadService.get_especialidades - Especialidades obtenidas exitosamente
2025-08-01 15:50:43 - INFO - SesionTerapiaComponent.get_pacientes_sesion - 1 pacientes encontrados
2025-08-01 15:50:43 - INFO - SesionTerapiaComponent.get_pacientes_sesion - 1 pacientes encontrados
2025-08-01 15:50:43 - INFO - PersonalComponent.get_all_personal - 8 miembros del personal encontrados con especialidades
2025-08-01 15:50:43 - INFO - PersonalService.get_personal - Personal obtenido exitosamente
2025-08-01 15:50:43 - INFO - SesionTerapiaComponent.get_pacientes_sesion - 1 pacientes encontrados
2025-08-01 15:50:43 - INFO - SesionTerapiaComponent.get_pacientes_sesion - 0 pacientes encontrados
2025-08-01 15:50:44 - INFO - SesionTerapiaComponent.get_pacientes_sesion - 0 pacientes encontrados
2025-08-01 15:50:44 - INFO - SesionTerapiaComponent.get_pacientes_sesion - 0 pacientes encontrados
2025-08-01 15:50:44 - INFO - LoginComponent.get_user_by_id - Consulta para usuario ID: 1
2025-08-01 15:50:44 - INFO - PersonalService.get_personal - Iniciando
2025-08-01 15:50:44 - INFO - SesionTerapiaComponent.get_pacientes_sesion - 1 pacientes encontrados
2025-08-01 15:50:44 - INFO - SesionTerapiaComponent.get_pacientes_sesion - 2 pacientes encontrados
2025-08-01 15:50:44 - INFO - SesionTerapiaComponent.get_pacientes_sesion - 1 pacientes encontrados
2025-08-01 15:50:44 - INFO - SesionTerapiaComponent.get_pacientes_sesion - 2 pacientes encontrados
2025-08-01 15:50:45 - INFO - SesionTerapiaComponent.get_pacientes_sesion - 3 pacientes encontrados
2025-08-01 15:50:45 - INFO - SesionTerapiaService.get_sesiones - Sesiones obtenidas exitosamente
2025-08-01 15:50:45 - INFO - LoginComponent.get_user_by_id - Consulta para usuario ID: 1
2025-08-01 15:50:45 - INFO - SesionTerapiaService.get_sesiones - Iniciando
2025-08-01 15:50:45 - INFO - PersonalComponent.get_all_personal - 8 miembros del personal encontrados con especialidades
2025-08-01 15:50:45 - INFO - PersonalService.get_personal - Personal obtenido exitosamente
2025-08-01 15:50:45 - INFO - SesionTerapiaComponent.get_sesiones - Sesiones obtenidas exitosamente
2025-08-01 15:50:45 - INFO - SesionTerapiaComponent.get_pacientes_sesion - 1 pacientes encontrados
2025-08-01 15:50:45 - INFO - SesionTerapiaComponent.get_pacientes_sesion - 1 pacientes encontrados
2025-08-01 15:50:46 - INFO - SesionTerapiaComponent.get_pacientes_sesion - 1 pacientes encontrados
2025-08-01 15:50:46 - INFO - SesionTerapiaComponent.get_pacientes_sesion - 0 pacientes encontrados
2025-08-01 15:50:46 - INFO - SesionTerapiaComponent.get_pacientes_sesion - 1 pacientes encontrados
2025-08-01 15:50:46 - INFO - SesionTerapiaComponent.get_pacientes_sesion - 1 pacientes encontrados
2025-08-01 15:50:46 - INFO - SesionTerapiaComponent.get_pacientes_sesion - 1 pacientes encontrados
2025-08-01 15:50:46 - INFO - SesionTerapiaComponent.get_pacientes_sesion - 0 pacientes encontrados
2025-08-01 15:50:46 - INFO - SesionTerapiaComponent.get_pacientes_sesion - 0 pacientes encontrados
2025-08-01 15:50:46 - INFO - SesionTerapiaComponent.get_pacientes_sesion - 0 pacientes encontrados
2025-08-01 15:50:47 - INFO - SesionTerapiaComponent.get_pacientes_sesion - 1 pacientes encontrados
2025-08-01 15:50:47 - INFO - SesionTerapiaComponent.get_pacientes_sesion - 2 pacientes encontrados
2025-08-01 15:50:47 - INFO - SesionTerapiaComponent.get_pacientes_sesion - 1 pacientes encontrados
2025-08-01 15:50:47 - INFO - SesionTerapiaComponent.get_pacientes_sesion - 2 pacientes encontrados
2025-08-01 15:50:47 - INFO - SesionTerapiaComponent.get_pacientes_sesion - 3 pacientes encontrados
2025-08-01 15:50:47 - INFO - SesionTerapiaService.get_sesiones - Sesiones obtenidas exitosamente
2025-08-01 15:51:18 - INFO - LoginComponent.get_user_by_id - Consulta para usuario ID: 1
2025-08-01 15:51:18 - INFO - SesionTerapiaService.get_asistencias_por_sesion - Sesion ID: 3
2025-08-01 15:51:18 - INFO - LoginComponent.get_user_by_id - Consulta para usuario ID: 1
2025-08-01 15:51:18 - INFO - SesionTerapiaService.get_sesion - ID: 3
2025-08-01 15:51:19 - INFO - SesionTerapiaComponent.get_asistencias_por_sesion - 1 asistencias encontradas para sesión 3
2025-08-01 15:51:19 - INFO - SesionTerapiaService.get_asistencias_por_sesion - 1 asistencias encontradas
2025-08-01 15:51:19 - INFO - SesionTerapiaComponent.get_sesion_by_id - Sesión 3 encontrada
2025-08-01 15:51:19 - INFO - LoginComponent.get_user_by_id - Consulta para usuario ID: 1
2025-08-01 15:51:19 - INFO - SesionTerapiaService.get_asistencias_por_sesion - Sesion ID: 3
2025-08-01 15:51:19 - INFO - SesionTerapiaComponent.get_pacientes_sesion - 2 pacientes encontrados
2025-08-01 15:51:19 - INFO - SesionTerapiaComponent.get_cronograma_sesion - 24 sesiones programadas
2025-08-01 15:51:19 - INFO - SesionTerapiaService.get_sesion - Sesión 3 encontrada
2025-08-01 15:51:19 - INFO - SesionTerapiaComponent.get_asistencias_por_sesion - 1 asistencias encontradas para sesión 3
2025-08-01 15:51:19 - INFO - SesionTerapiaService.get_asistencias_por_sesion - 1 asistencias encontradas
2025-08-01 15:51:44 - INFO - LoginComponent.get_user_by_id - Consulta para usuario ID: 1
2025-08-01 15:51:44 - INFO - SesionPedagogicaService.get_sesiones - Iniciando
2025-08-01 15:51:44 - INFO - LoginComponent.get_user_by_id - Consulta para usuario ID: 1
2025-08-01 15:51:44 - INFO - PacienteService.get_pacientes - Iniciando
2025-08-01 15:51:44 - INFO - LoginComponent.get_user_by_id - Consulta para usuario ID: 1
2025-08-01 15:51:44 - INFO - SesionPedagogicaService.get_pedagogos_disponibles - Iniciando
2025-08-01 15:51:44 - INFO - LoginComponent.get_user_by_id - Consulta para usuario ID: 1
2025-08-01 15:51:44 - INFO - EspecialidadService.get_especialidades_by_area - Área: pedagogico
2025-08-01 15:51:44 - INFO - PacienteComponent.get_all_pacientes - 10 pacientes encontrados
2025-08-01 15:51:44 - INFO - SesionPedagogicaComponent.get_sesiones - Sesiones obtenidas exitosamente
2025-08-01 15:51:44 - INFO - EspecialidadComponent.get_especialidades_by_area - 34 especialidades de área pedagogico encontradas
2025-08-01 15:51:44 - INFO - PacienteService.get_pacientes - Pacientes obtenidos exitosamente
2025-08-01 15:51:44 - INFO - SesionPedagogicaService.get_sesiones - Sesiones obtenidas exitosamente
2025-08-01 15:51:44 - INFO - EspecialidadService.get_especialidades_by_area - Especialidades de pedagogico obtenidas
2025-08-01 15:51:44 - INFO - LoginComponent.get_user_by_id - Consulta para usuario ID: 1
2025-08-01 15:51:44 - INFO - SesionPedagogicaService.get_pedagogos_disponibles - Iniciando
2025-08-01 15:51:44 - INFO - LoginComponent.get_user_by_id - Consulta para usuario ID: 1
2025-08-01 15:51:44 - INFO - PacienteService.get_pacientes - Iniciando
2025-08-01 15:51:44 - INFO - LoginComponent.get_user_by_id - Consulta para usuario ID: 1
2025-08-01 15:51:44 - INFO - LoginComponent.get_user_by_id - Consulta para usuario ID: 1
2025-08-01 15:51:44 - INFO - SesionPedagogicaService.get_sesiones - Iniciando
2025-08-01 15:51:44 - INFO - EspecialidadService.get_especialidades_by_area - Área: pedagogico
2025-08-01 15:51:45 - INFO - PacienteComponent.get_all_pacientes - 10 pacientes encontrados
2025-08-01 15:51:45 - INFO - PacienteService.get_pacientes - Pacientes obtenidos exitosamente
2025-08-01 15:51:45 - INFO - EspecialidadComponent.get_especialidades_by_area - 34 especialidades de área pedagogico encontradas
2025-08-01 15:51:45 - INFO - EspecialidadService.get_especialidades_by_area - Especialidades de pedagogico obtenidas
2025-08-01 15:51:45 - INFO - SesionPedagogicaComponent.get_sesiones - Sesiones obtenidas exitosamente
2025-08-01 15:51:45 - INFO - SesionPedagogicaService.get_sesiones - Sesiones obtenidas exitosamente
2025-08-01 16:07:43 - INFO - LoginComponent.get_user_by_id - Consulta para usuario ID: 1
2025-08-01 16:07:43 - INFO - LoginService.verify_token - Token verificado correctamente
2025-08-01 16:07:43 - INFO - LoginComponent.get_user_by_id - Consulta para usuario ID: 1
2025-08-01 16:07:43 - INFO - LoginService.verify_token - Token verificado correctamente
2025-08-01 16:07:44 - INFO - LoginComponent.get_user_by_id - Consulta para usuario ID: 1
2025-08-01 16:07:44 - INFO - Información solicitada para usuario: admin
2025-08-01 16:07:44 - INFO - LoginComponent.get_user_by_id - Consulta para usuario ID: 1
2025-08-01 16:07:44 - INFO - Información solicitada para usuario: admin
2025-08-01 16:07:45 - INFO - LoginComponent.get_user_by_id - Consulta para usuario ID: 1
2025-08-01 16:07:45 - INFO - PacienteService.get_pacientes - Iniciando
2025-08-01 16:07:45 - INFO - LoginComponent.get_user_by_id - Consulta para usuario ID: 1
2025-08-01 16:07:45 - INFO - LoginComponent.get_user_by_id - Consulta para usuario ID: 1
2025-08-01 16:07:45 - INFO - EspecialidadService.get_especialidades_by_area - Área: pedagogico
2025-08-01 16:07:45 - INFO - SesionPedagogicaService.get_sesiones - Iniciando
2025-08-01 16:07:45 - INFO - LoginComponent.get_user_by_id - Consulta para usuario ID: 1
2025-08-01 16:07:45 - INFO - SesionPedagogicaService.get_pedagogos_disponibles - Iniciando
2025-08-01 16:07:45 - INFO - EspecialidadComponent.get_especialidades_by_area - 34 especialidades de área pedagogico encontradas
2025-08-01 16:07:45 - INFO - EspecialidadService.get_especialidades_by_area - Especialidades de pedagogico obtenidas
2025-08-01 16:07:45 - INFO - SesionPedagogicaComponent.get_sesiones - Sesiones obtenidas exitosamente
2025-08-01 16:07:45 - INFO - SesionPedagogicaService.get_sesiones - Sesiones obtenidas exitosamente
2025-08-01 16:07:45 - INFO - PacienteComponent.get_all_pacientes - 10 pacientes encontrados
2025-08-01 16:07:45 - INFO - PacienteService.get_pacientes - Pacientes obtenidos exitosamente
2025-08-01 16:07:45 - INFO - LoginComponent.get_user_by_id - Consulta para usuario ID: 1
2025-08-01 16:07:45 - INFO - SesionPedagogicaService.get_pedagogos_disponibles - Iniciando
2025-08-01 16:07:45 - INFO - LoginComponent.get_user_by_id - Consulta para usuario ID: 1
2025-08-01 16:07:45 - INFO - EspecialidadService.get_especialidades_by_area - Área: pedagogico
2025-08-01 16:07:45 - INFO - LoginComponent.get_user_by_id - Consulta para usuario ID: 1
2025-08-01 16:07:45 - INFO - LoginComponent.get_user_by_id - Consulta para usuario ID: 1
2025-08-01 16:07:45 - INFO - SesionPedagogicaService.get_sesiones - Iniciando
2025-08-01 16:07:45 - INFO - PacienteService.get_pacientes - Iniciando
2025-08-01 16:07:45 - INFO - EspecialidadComponent.get_especialidades_by_area - 34 especialidades de área pedagogico encontradas
2025-08-01 16:07:45 - INFO - EspecialidadService.get_especialidades_by_area - Especialidades de pedagogico obtenidas
2025-08-01 16:07:46 - INFO - PacienteComponent.get_all_pacientes - 10 pacientes encontrados
2025-08-01 16:07:46 - INFO - PacienteService.get_pacientes - Pacientes obtenidos exitosamente
2025-08-01 16:07:46 - INFO - SesionPedagogicaComponent.get_sesiones - Sesiones obtenidas exitosamente
2025-08-01 16:07:46 - INFO - SesionPedagogicaService.get_sesiones - Sesiones obtenidas exitosamente
2025-08-01 16:08:16 - INFO - app - Iniciando Sistema Tía Glenda Backend
2025-08-01 16:15:08 - INFO - LoginComponent.get_user_by_id - Consulta para usuario ID: 1
2025-08-01 16:15:08 - INFO - LoginComponent.get_user_by_id - Consulta para usuario ID: 1
2025-08-01 16:15:08 - INFO - LoginComponent.get_user_by_id - Consulta para usuario ID: 1
2025-08-01 16:15:08 - INFO - LoginComponent.get_user_by_id - Consulta para usuario ID: 1
2025-08-01 16:15:08 - INFO - TutorService.get_tutores - Iniciando
2025-08-01 16:15:08 - INFO - PacienteService.get_personas_disponibles - Iniciando
2025-08-01 16:15:08 - INFO - PacienteService.get_estadisticas - Iniciando
2025-08-01 16:15:08 - INFO - PacienteService.get_pacientes - Iniciando
2025-08-01 16:15:08 - INFO - TutorComponent.get_all_tutores - 10 tutores encontrados
2025-08-01 16:15:08 - INFO - TutorService.get_tutores - Tutores obtenidos exitosamente
2025-08-01 16:15:08 - INFO - PacienteComponent.get_personas_disponibles_para_paciente - 34 personas disponibles
2025-08-01 16:15:08 - INFO - PacienteService.get_personas_disponibles - Personas disponibles obtenidas
2025-08-01 16:15:08 - INFO - PacienteComponent.get_all_pacientes - 10 pacientes encontrados
2025-08-01 16:15:08 - INFO - PacienteService.get_pacientes - Pacientes obtenidos exitosamente
2025-08-01 16:15:08 - INFO - PacienteComponent.get_estadisticas_pacientes - Estadísticas obtenidas
2025-08-01 16:15:08 - INFO - PacienteService.get_estadisticas - Estadísticas obtenidas
2025-08-01 16:15:09 - INFO - LoginComponent.get_user_by_id - Consulta para usuario ID: 1
2025-08-01 16:15:09 - INFO - TutorService.get_tutores - Iniciando
2025-08-01 16:15:09 - INFO - LoginComponent.get_user_by_id - Consulta para usuario ID: 1
2025-08-01 16:15:09 - INFO - PacienteService.get_personas_disponibles - Iniciando
2025-08-01 16:15:09 - INFO - LoginComponent.get_user_by_id - Consulta para usuario ID: 1
2025-08-01 16:15:09 - INFO - PacienteService.get_pacientes - Iniciando
2025-08-01 16:15:09 - INFO - TutorComponent.get_all_tutores - 10 tutores encontrados
2025-08-01 16:15:09 - INFO - TutorService.get_tutores - Tutores obtenidos exitosamente
2025-08-01 16:15:09 - INFO - PacienteComponent.get_personas_disponibles_para_paciente - 34 personas disponibles
2025-08-01 16:15:09 - INFO - PacienteService.get_personas_disponibles - Personas disponibles obtenidas
2025-08-01 16:15:09 - INFO - PacienteComponent.get_all_pacientes - 10 pacientes encontrados
2025-08-01 16:15:09 - INFO - PacienteService.get_pacientes - Pacientes obtenidos exitosamente
2025-08-01 16:15:09 - INFO - LoginComponent.get_user_by_id - Consulta para usuario ID: 1
2025-08-01 16:15:09 - INFO - PacienteService.get_estadisticas - Iniciando
2025-08-01 16:15:09 - INFO - PacienteComponent.get_estadisticas_pacientes - Estadísticas obtenidas
2025-08-01 16:15:09 - INFO - PacienteService.get_estadisticas - Estadísticas obtenidas
2025-08-01 16:15:10 - INFO - LoginComponent.get_user_by_id - Consulta para usuario ID: 1
2025-08-01 16:15:10 - INFO - PacienteService.get_pacientes - Iniciando
2025-08-01 16:15:10 - INFO - PacienteComponent.get_all_pacientes - 10 pacientes encontrados
2025-08-01 16:15:10 - INFO - PacienteService.get_pacientes - Pacientes obtenidos exitosamente
2025-08-01 16:15:10 - INFO - LoginComponent.get_user_by_id - Consulta para usuario ID: 1
2025-08-01 16:15:10 - INFO - LoginComponent.get_user_by_id - Consulta para usuario ID: 1
2025-08-01 16:15:10 - INFO - LoginComponent.get_user_by_id - Consulta para usuario ID: 1
2025-08-01 16:15:10 - INFO - SesionTerapiaService.get_sesiones - Iniciando
2025-08-01 16:15:10 - INFO - PersonalService.get_personal - Iniciando
2025-08-01 16:15:10 - INFO - EspecialidadService.get_especialidades - Iniciando
2025-08-01 16:15:11 - INFO - EspecialidadComponent.get_all_especialidades - 55 especialidades encontradas
2025-08-01 16:15:11 - INFO - EspecialidadService.get_especialidades - Especialidades obtenidas exitosamente
2025-08-01 16:15:11 - INFO - SesionTerapiaComponent.get_sesiones - Sesiones obtenidas exitosamente
2025-08-01 16:15:11 - INFO - LoginComponent.get_user_by_id - Consulta para usuario ID: 1
2025-08-01 16:15:11 - INFO - PacienteService.get_pacientes - Iniciando
2025-08-01 16:15:11 - INFO - SesionTerapiaComponent.get_pacientes_sesion - 1 pacientes encontrados
2025-08-01 16:15:11 - INFO - PacienteComponent.get_all_pacientes - 10 pacientes encontrados
2025-08-01 16:15:11 - INFO - PacienteService.get_pacientes - Pacientes obtenidos exitosamente
2025-08-01 16:15:11 - INFO - SesionTerapiaComponent.get_pacientes_sesion - 1 pacientes encontrados
2025-08-01 16:15:11 - INFO - SesionTerapiaComponent.get_pacientes_sesion - 1 pacientes encontrados
2025-08-01 16:15:11 - INFO - LoginComponent.get_user_by_id - Consulta para usuario ID: 1
2025-08-01 16:15:11 - INFO - EspecialidadService.get_especialidades - Iniciando
2025-08-01 16:15:11 - INFO - SesionTerapiaComponent.get_pacientes_sesion - 0 pacientes encontrados
2025-08-01 16:15:11 - INFO - EspecialidadComponent.get_all_especialidades - 55 especialidades encontradas
2025-08-01 16:15:11 - INFO - EspecialidadService.get_especialidades - Especialidades obtenidas exitosamente
2025-08-01 16:15:11 - INFO - SesionTerapiaComponent.get_pacientes_sesion - 1 pacientes encontrados
2025-08-01 16:15:11 - INFO - SesionTerapiaComponent.get_pacientes_sesion - 1 pacientes encontrados
2025-08-01 16:15:12 - INFO - PersonalComponent.get_all_personal - 8 miembros del personal encontrados con especialidades
2025-08-01 16:15:12 - INFO - PersonalService.get_personal - Personal obtenido exitosamente
2025-08-01 16:15:12 - INFO - SesionTerapiaComponent.get_pacientes_sesion - 1 pacientes encontrados
2025-08-01 16:15:12 - INFO - SesionTerapiaComponent.get_pacientes_sesion - 0 pacientes encontrados
2025-08-01 16:15:12 - INFO - SesionTerapiaComponent.get_pacientes_sesion - 0 pacientes encontrados
2025-08-01 16:15:12 - INFO - SesionTerapiaComponent.get_pacientes_sesion - 0 pacientes encontrados
2025-08-01 16:15:12 - INFO - LoginComponent.get_user_by_id - Consulta para usuario ID: 1
2025-08-01 16:15:12 - INFO - PersonalService.get_personal - Iniciando
2025-08-01 16:15:12 - INFO - SesionTerapiaComponent.get_pacientes_sesion - 1 pacientes encontrados
2025-08-01 16:15:12 - INFO - SesionTerapiaComponent.get_pacientes_sesion - 2 pacientes encontrados
2025-08-01 16:15:12 - INFO - SesionTerapiaComponent.get_pacientes_sesion - 1 pacientes encontrados
2025-08-01 16:15:12 - INFO - SesionTerapiaComponent.get_pacientes_sesion - 2 pacientes encontrados
2025-08-01 16:15:13 - INFO - SesionTerapiaComponent.get_pacientes_sesion - 3 pacientes encontrados
2025-08-01 16:15:13 - INFO - SesionTerapiaService.get_sesiones - Sesiones obtenidas exitosamente
2025-08-01 16:15:13 - INFO - PersonalComponent.get_all_personal - 8 miembros del personal encontrados con especialidades
2025-08-01 16:15:13 - INFO - PersonalService.get_personal - Personal obtenido exitosamente
2025-08-01 16:15:13 - INFO - LoginComponent.get_user_by_id - Consulta para usuario ID: 1
2025-08-01 16:15:13 - INFO - SesionTerapiaService.get_sesiones - Iniciando
2025-08-01 16:15:13 - INFO - SesionTerapiaComponent.get_sesiones - Sesiones obtenidas exitosamente
2025-08-01 16:15:13 - INFO - SesionTerapiaComponent.get_pacientes_sesion - 1 pacientes encontrados
2025-08-01 16:15:14 - INFO - SesionTerapiaComponent.get_pacientes_sesion - 1 pacientes encontrados
2025-08-01 16:15:14 - INFO - SesionTerapiaComponent.get_pacientes_sesion - 1 pacientes encontrados
2025-08-01 16:15:14 - INFO - SesionTerapiaComponent.get_pacientes_sesion - 0 pacientes encontrados
2025-08-01 16:15:14 - INFO - SesionTerapiaComponent.get_pacientes_sesion - 1 pacientes encontrados
2025-08-01 16:15:14 - INFO - SesionTerapiaComponent.get_pacientes_sesion - 1 pacientes encontrados
2025-08-01 16:15:14 - INFO - SesionTerapiaComponent.get_pacientes_sesion - 1 pacientes encontrados
2025-08-01 16:15:14 - INFO - SesionTerapiaComponent.get_pacientes_sesion - 0 pacientes encontrados
2025-08-01 16:15:14 - INFO - SesionTerapiaComponent.get_pacientes_sesion - 0 pacientes encontrados
2025-08-01 16:15:15 - INFO - SesionTerapiaComponent.get_pacientes_sesion - 0 pacientes encontrados
2025-08-01 16:15:15 - INFO - SesionTerapiaComponent.get_pacientes_sesion - 1 pacientes encontrados
2025-08-01 16:15:15 - INFO - SesionTerapiaComponent.get_pacientes_sesion - 2 pacientes encontrados
2025-08-01 16:15:15 - INFO - SesionTerapiaComponent.get_pacientes_sesion - 1 pacientes encontrados
2025-08-01 16:15:15 - INFO - SesionTerapiaComponent.get_pacientes_sesion - 2 pacientes encontrados
2025-08-01 16:15:15 - INFO - SesionTerapiaComponent.get_pacientes_sesion - 3 pacientes encontrados
2025-08-01 16:15:15 - INFO - SesionTerapiaService.get_sesiones - Sesiones obtenidas exitosamente
2025-08-01 16:15:21 - INFO - LoginComponent.get_user_by_id - Consulta para usuario ID: 1
2025-08-01 16:15:21 - INFO - PacienteService.get_pacientes - Iniciando
2025-08-01 16:15:21 - INFO - LoginComponent.get_user_by_id - Consulta para usuario ID: 1
2025-08-01 16:15:21 - INFO - LoginComponent.get_user_by_id - Consulta para usuario ID: 1
2025-08-01 16:15:21 - INFO - EspecialidadService.get_especialidades_by_area - Área: pedagogico
2025-08-01 16:15:21 - INFO - LoginComponent.get_user_by_id - Consulta para usuario ID: 1
2025-08-01 16:15:21 - INFO - SesionPedagogicaService.get_pedagogos_disponibles - Iniciando
2025-08-01 16:15:21 - INFO - SesionPedagogicaService.get_sesiones - Iniciando
2025-08-01 16:15:21 - INFO - PacienteComponent.get_all_pacientes - 10 pacientes encontrados
2025-08-01 16:15:21 - INFO - PacienteService.get_pacientes - Pacientes obtenidos exitosamente
2025-08-01 16:15:21 - INFO - EspecialidadComponent.get_especialidades_by_area - 34 especialidades de área pedagogico encontradas
2025-08-01 16:15:21 - INFO - EspecialidadService.get_especialidades_by_area - Especialidades de pedagogico obtenidas
2025-08-01 16:15:21 - INFO - PersonalComponent.get_personal_by_area - 3 personal de área pedagogico encontrado
2025-08-01 16:15:21 - INFO - SesionPedagogicaComponent.get_sesiones - Sesiones obtenidas exitosamente
2025-08-01 16:15:21 - INFO - SesionPedagogicaService.get_sesiones - Sesiones obtenidas exitosamente
2025-08-01 16:15:21 - INFO - LoginComponent.get_user_by_id - Consulta para usuario ID: 1
2025-08-01 16:15:21 - INFO - PacienteService.get_pacientes - Iniciando
2025-08-01 16:15:21 - INFO - LoginComponent.get_user_by_id - Consulta para usuario ID: 1
2025-08-01 16:15:21 - INFO - EspecialidadService.get_especialidades_by_area - Área: pedagogico
2025-08-01 16:15:21 - INFO - LoginComponent.get_user_by_id - Consulta para usuario ID: 1
2025-08-01 16:15:21 - INFO - SesionPedagogicaService.get_pedagogos_disponibles - Iniciando
2025-08-01 16:15:21 - INFO - LoginComponent.get_user_by_id - Consulta para usuario ID: 1
2025-08-01 16:15:21 - INFO - SesionPedagogicaService.get_sesiones - Iniciando
2025-08-01 16:15:21 - INFO - PacienteComponent.get_all_pacientes - 10 pacientes encontrados
2025-08-01 16:15:21 - INFO - PacienteService.get_pacientes - Pacientes obtenidos exitosamente
2025-08-01 16:15:21 - INFO - PersonalComponent.get_personal_by_area - 3 personal de área pedagogico encontrado
2025-08-01 16:15:21 - INFO - SesionPedagogicaComponent.get_sesiones - Sesiones obtenidas exitosamente
2025-08-01 16:15:22 - INFO - SesionPedagogicaService.get_sesiones - Sesiones obtenidas exitosamente
2025-08-01 16:15:22 - INFO - EspecialidadComponent.get_especialidades_by_area - 34 especialidades de área pedagogico encontradas
2025-08-01 16:15:22 - INFO - EspecialidadService.get_especialidades_by_area - Especialidades de pedagogico obtenidas
2025-08-01 16:17:01 - INFO - LoginComponent.get_user_by_id - Consulta para usuario ID: 1
2025-08-01 16:17:01 - INFO - SesionPedagogicaService.get_estudiantes_sesion - Sesión: 5
2025-08-01 16:17:01 - INFO - LoginComponent.get_user_by_id - Consulta para usuario ID: 1
2025-08-01 16:17:01 - INFO - SesionPedagogicaService.get_estudiantes_disponibles - Iniciando
2025-08-01 16:17:01 - INFO - SesionPedagogicaComponent.get_estudiantes_sesion - 0 estudiantes encontrados
2025-08-01 16:17:01 - INFO - PacienteComponent.get_all_pacientes - 10 pacientes encontrados
2025-08-01 16:17:01 - INFO - LoginComponent.get_user_by_id - Consulta para usuario ID: 1
2025-08-01 16:17:01 - INFO - SesionPedagogicaService.get_estudiantes_sesion - Sesión: 5
2025-08-01 16:17:01 - INFO - SesionPedagogicaComponent.get_estudiantes_sesion - 0 estudiantes encontrados
2025-08-01 16:17:02 - INFO - LoginComponent.get_user_by_id - Consulta para usuario ID: 1
2025-08-01 16:17:02 - INFO - SesionPedagogicaService.get_estudiantes_disponibles - Iniciando
2025-08-01 16:17:02 - INFO - PacienteComponent.get_all_pacientes - 10 pacientes encontrados
2025-08-01 16:17:13 - INFO - LoginComponent.get_user_by_id - Consulta para usuario ID: 1
2025-08-01 16:17:13 - INFO - SesionPedagogicaService.add_estudiante_to_sesion - Sesión: 5
2025-08-01 16:17:13 - INFO - SesionPedagogicaComponent.add_estudiante_to_sesion - Estudiante agregado a sesión 5
2025-08-01 16:17:13 - INFO - SesionPedagogicaService.add_estudiante_to_sesion - Estudiante agregado: 6
2025-08-01 16:17:13 - INFO - LoginComponent.get_user_by_id - Consulta para usuario ID: 1
2025-08-01 16:17:13 - INFO - SesionPedagogicaService.get_estudiantes_sesion - Sesión: 5
2025-08-01 16:17:13 - INFO - LoginComponent.get_user_by_id - Consulta para usuario ID: 1
2025-08-01 16:17:13 - INFO - SesionPedagogicaService.get_estudiantes_disponibles - Iniciando
2025-08-01 16:17:13 - INFO - SesionPedagogicaComponent.get_estudiantes_sesion - 0 estudiantes encontrados
2025-08-01 16:17:13 - INFO - PacienteComponent.get_all_pacientes - 10 pacientes encontrados
2025-08-01 16:17:14 - INFO - LoginComponent.get_user_by_id - Consulta para usuario ID: 1
2025-08-01 16:17:14 - INFO - SesionPedagogicaService.get_sesiones - Iniciando
2025-08-01 16:17:14 - INFO - LoginComponent.get_user_by_id - Consulta para usuario ID: 1
2025-08-01 16:17:14 - INFO - PacienteService.get_pacientes - Iniciando
2025-08-01 16:17:14 - INFO - LoginComponent.get_user_by_id - Consulta para usuario ID: 1
2025-08-01 16:17:14 - INFO - SesionPedagogicaService.get_pedagogos_disponibles - Iniciando
2025-08-01 16:17:14 - INFO - LoginComponent.get_user_by_id - Consulta para usuario ID: 1
2025-08-01 16:17:14 - INFO - EspecialidadService.get_especialidades_by_area - Área: pedagogico
2025-08-01 16:17:14 - INFO - EspecialidadComponent.get_especialidades_by_area - 34 especialidades de área pedagogico encontradas
2025-08-01 16:17:14 - INFO - EspecialidadService.get_especialidades_by_area - Especialidades de pedagogico obtenidas
2025-08-01 16:17:14 - INFO - PersonalComponent.get_personal_by_area - 3 personal de área pedagogico encontrado
2025-08-01 16:17:14 - INFO - PacienteComponent.get_all_pacientes - 10 pacientes encontrados
2025-08-01 16:17:14 - INFO - PacienteService.get_pacientes - Pacientes obtenidos exitosamente
2025-08-01 16:17:14 - INFO - SesionPedagogicaComponent.get_sesiones - Sesiones obtenidas exitosamente
2025-08-01 16:17:14 - INFO - SesionPedagogicaService.get_sesiones - Sesiones obtenidas exitosamente
2025-08-01 16:17:20 - INFO - LoginComponent.get_user_by_id - Consulta para usuario ID: 1
2025-08-01 16:17:20 - INFO - SesionPedagogicaService.get_cronograma_sesion - Sesión: 5
2025-08-01 16:17:20 - INFO - SesionPedagogicaComponent.get_cronograma_sesion - Cronograma obtenido para sesión 5
2025-08-01 16:21:29 - INFO - LoginComponent.get_user_by_id - Consulta para usuario ID: 1
2025-08-01 16:21:29 - INFO - LoginService.verify_token - Token verificado correctamente
2025-08-01 16:21:30 - INFO - LoginComponent.get_user_by_id - Consulta para usuario ID: 1
2025-08-01 16:21:30 - INFO - LoginService.verify_token - Token verificado correctamente
2025-08-01 16:21:30 - INFO - LoginComponent.get_user_by_id - Consulta para usuario ID: 1
2025-08-01 16:21:30 - INFO - Información solicitada para usuario: admin
2025-08-01 16:21:31 - INFO - LoginComponent.get_user_by_id - Consulta para usuario ID: 1
2025-08-01 16:21:31 - INFO - Información solicitada para usuario: admin
 usuario ID: 1
2025-08-01 16:21:31 - INFO - LoginComponent.get_user_by_id - Consulta para usuario ID: 1
2025-08-01 16:21:31 - INFO - SesionPedagogicaService.get_sesiones - Iniciando
2025-08-01 16:21:31 - INFO - PacienteService.get_pacientes - Iniciando
2025-08-01 16:21:31 - INFO - PacienteComponent.get_all_pacientes - 10 pacientes encontrados
2025-08-01 16:21:31 - INFO - PacienteService.get_pacientes - Pacientes obtenidos exitosamente
2025-08-01 16:21:31 - INFO - SesionPedagogicaComponent.get_sesiones - Sesiones obtenidas exitosamente
2025-08-01 16:21:31 - INFO - SesionPedagogicaService.get_sesiones - Sesiones obtenidas exitosamente
2025-08-01 16:21:31 - INFO - LoginComponent.get_user_by_id - Consulta para usuario ID: 1
2025-08-01 16:21:31 - INFO - SesionPedagogicaService.get_pedagogos_disponibles - Iniciando
2025-08-01 16:21:31 - INFO - PersonalComponent.get_personal_by_area - 3 personal de área pedagogico encontrado
2025-08-01 16:21:31 - INFO - LoginComponent.get_user_by_id - Consulta para usuario ID: 1
2025-08-01 16:21:31 - INFO - EspecialidadService.get_especialidades_by_area - Área: pedagogico
2025-08-01 16:21:31 - INFO - EspecialidadComponent.get_especialidades_by_area - 34 especialidades de área pedagogico encontradas
2025-08-01 16:21:31 - INFO - EspecialidadService.get_especialidades_by_area - Especialidades de pedagogico obtenidas
2025-08-01 16:21:31 - INFO - LoginComponent.get_user_by_id - Consulta para usuario ID: 1
2025-08-01 16:21:31 - INFO - PacienteService.get_pacientes - Iniciando
2025-08-01 16:21:31 - INFO - LoginComponent.get_user_by_id - Consulta para usuario ID: 1
2025-08-01 16:21:31 - INFO - SesionPedagogicaService.get_sesiones - Iniciando
2025-08-01 16:21:31 - INFO - PacienteComponent.get_all_pacientes - 10 pacientes encontrados
2025-08-01 16:21:31 - INFO - PacienteService.get_pacientes - Pacientes obtenidos exitosamente
2025-08-01 16:21:31 - INFO - SesionPedagogicaComponent.get_sesiones - Sesiones obtenidas exitosamente
2025-08-01 16:21:31 - INFO - SesionPedagogicaService.get_sesiones - Sesiones obtenidas exitosamente
2025-08-01 16:21:31 - INFO - LoginComponent.get_user_by_id - Consulta para usuario ID: 1
2025-08-01 16:21:31 - INFO - SesionPedagogicaService.get_pedagogos_disponibles - Iniciando
2025-08-01 16:21:31 - INFO - PersonalComponent.get_personal_by_area - 3 personal de área pedagogico encontrado
2025-08-01 16:21:32 - INFO - LoginComponent.get_user_by_id - Consulta para usuario ID: 1
2025-08-01 16:21:32 - INFO - EspecialidadService.get_especialidades_by_area - Área: pedagogico
2025-08-01 16:21:32 - INFO - EspecialidadComponent.get_especialidades_by_area - 34 especialidades de área pedagogico encontradas
2025-08-01 16:21:32 - INFO - EspecialidadService.get_especialidades_by_area - Especialidades de pedagogico obtenidas
2025-08-01 16:23:55 - INFO - LoginComponent.get_user_by_id - Consulta para usuario ID: 1
2025-08-01 16:23:55 - INFO - SesionTerapiaService.get_sesiones - Iniciando
2025-08-01 16:23:55 - INFO - LoginComponent.get_user_by_id - Consulta para usuario ID: 1
2025-08-01 16:23:55 - INFO - SesionPedagogicaService.get_sesiones - Iniciando
2025-08-01 16:23:55 - INFO - SesionTerapiaComponent.get_sesiones - Sesiones obtenidas exitosamente
2025-08-01 16:23:55 - INFO - SesionPedagogicaComponent.get_sesiones - Sesiones obtenidas exitosamente
2025-08-01 16:23:55 - INFO - SesionPedagogicaService.get_sesiones - Sesiones obtenidas exitosamente
2025-08-01 16:23:56 - INFO - SesionTerapiaComponent.get_pacientes_sesion - 1 pacientes encontrados
2025-08-01 16:23:56 - INFO - LoginComponent.get_user_by_id - Consulta para usuario ID: 1
2025-08-01 16:23:56 - INFO - SesionPedagogicaService.get_sesiones - Iniciando
2025-08-01 16:23:56 - INFO - SesionTerapiaComponent.get_pacientes_sesion - 1 pacientes encontrados
2025-08-01 16:23:56 - INFO - SesionPedagogicaComponent.get_sesiones - Sesiones obtenidas exitosamente
2025-08-01 16:23:56 - INFO - SesionPedagogicaService.get_sesiones - Sesiones obtenidas exitosamente
2025-08-01 16:23:56 - INFO - SesionTerapiaComponent.get_pacientes_sesion - 1 pacientes encontrados
2025-08-01 16:23:56 - INFO - SesionTerapiaComponent.get_pacientes_sesion - 0 pacientes encontrados
2025-08-01 16:23:56 - INFO - SesionTerapiaComponent.get_pacientes_sesion - 1 pacientes encontrados
2025-08-01 16:23:56 - INFO - SesionTerapiaComponent.get_pacientes_sesion - 1 pacientes encontrados
2025-08-01 16:23:56 - INFO - SesionTerapiaComponent.get_pacientes_sesion - 1 pacientes encontrados
2025-08-01 16:23:56 - INFO - SesionTerapiaComponent.get_pacientes_sesion - 0 pacientes encontrados
2025-08-01 16:23:56 - INFO - SesionTerapiaComponent.get_pacientes_sesion - 0 pacientes encontrados
2025-08-01 16:23:56 - INFO - SesionTerapiaComponent.get_pacientes_sesion - 0 pacientes encontrados
2025-08-01 16:23:57 - INFO - SesionTerapiaComponent.get_pacientes_sesion - 1 pacientes encontrados
2025-08-01 16:23:57 - INFO - SesionTerapiaComponent.get_pacientes_sesion - 2 pacientes encontrados
2025-08-01 16:23:57 - INFO - SesionTerapiaComponent.get_pacientes_sesion - 1 pacientes encontrados
2025-08-01 16:23:57 - INFO - SesionTerapiaComponent.get_pacientes_sesion - 2 pacientes encontrados
2025-08-01 16:23:57 - INFO - SesionTerapiaComponent.get_pacientes_sesion - 3 pacientes encontrados
2025-08-01 16:23:57 - INFO - SesionTerapiaService.get_sesiones - Sesiones obtenidas exitosamente
2025-08-01 16:23:57 - INFO - LoginComponent.get_user_by_id - Consulta para usuario ID: 1
2025-08-01 16:23:57 - INFO - SesionTerapiaService.get_sesiones - Iniciando
2025-08-01 16:23:57 - INFO - SesionTerapiaComponent.get_sesiones - Sesiones obtenidas exitosamente
2025-08-01 16:23:58 - INFO - SesionTerapiaComponent.get_pacientes_sesion - 1 pacientes encontrados
2025-08-01 16:23:58 - INFO - SesionTerapiaComponent.get_pacientes_sesion - 1 pacientes encontrados
2025-08-01 16:23:58 - INFO - SesionTerapiaComponent.get_pacientes_sesion - 1 pacientes encontrados
2025-08-01 16:23:58 - INFO - SesionTerapiaComponent.get_pacientes_sesion - 0 pacientes encontrados
2025-08-01 16:23:58 - INFO - SesionTerapiaComponent.get_pacientes_sesion - 1 pacientes encontrados
2025-08-01 16:23:58 - INFO - SesionTerapiaComponent.get_pacientes_sesion - 1 pacientes encontrados
2025-08-01 16:23:58 - INFO - SesionTerapiaComponent.get_pacientes_sesion - 1 pacientes encontrados
2025-08-01 16:23:58 - INFO - SesionTerapiaComponent.get_pacientes_sesion - 0 pacientes encontrados
2025-08-01 16:23:58 - INFO - SesionTerapiaComponent.get_pacientes_sesion - 0 pacientes encontrados
2025-08-01 16:23:59 - INFO - SesionTerapiaComponent.get_pacientes_sesion - 0 pacientes encontrados
2025-08-01 16:23:59 - INFO - SesionTerapiaComponent.get_pacientes_sesion - 1 pacientes encontrados
2025-08-01 16:23:59 - INFO - SesionTerapiaComponent.get_pacientes_sesion - 2 pacientes encontrados
2025-08-01 16:23:59 - INFO - SesionTerapiaComponent.get_pacientes_sesion - 1 pacientes encontrados
2025-08-01 16:23:59 - INFO - SesionTerapiaComponent.get_pacientes_sesion - 2 pacientes encontrados
2025-08-01 16:23:59 - INFO - SesionTerapiaComponent.get_pacientes_sesion - 3 pacientes encontrados
2025-08-01 16:23:59 - INFO - SesionTerapiaService.get_sesiones - Sesiones obtenidas exitosamente
2025-08-01 16:24:08 - INFO - LoginComponent.get_user_by_id - Consulta para usuario ID: 1
2025-08-01 16:24:08 - INFO - SesionPedagogicaService.get_sesiones - Iniciando
2025-08-01 16:24:08 - INFO - LoginComponent.get_user_by_id - Consulta para usuario ID: 1
2025-08-01 16:24:08 - INFO - LoginComponent.get_user_by_id - Consulta para usuario ID: 1
2025-08-01 16:24:08 - INFO - PacienteService.get_pacientes - Iniciando
2025-08-01 16:24:08 - INFO - SesionPedagogicaService.get_pedagogos_disponibles - Iniciando
2025-08-01 16:24:08 - INFO - LoginComponent.get_user_by_id - Consulta para usuario ID: 1
2025-08-01 16:24:08 - INFO - EspecialidadService.get_especialidades_by_area - Área: pedagogico
2025-08-01 16:24:08 - INFO - EspecialidadComponent.get_especialidades_by_area - 34 especialidades de área pedagogico encontradas
2025-08-01 16:24:08 - INFO - EspecialidadService.get_especialidades_by_area - Especialidades de pedagogico obtenidas
2025-08-01 16:24:08 - INFO - PersonalComponent.get_personal_by_area - 3 personal de área pedagogico encontrado
2025-08-01 16:24:08 - INFO - SesionPedagogicaComponent.get_sesiones - Sesiones obtenidas exitosamente
2025-08-01 16:24:08 - INFO - PacienteComponent.get_all_pacientes - 10 pacientes encontrados
2025-08-01 16:24:08 - INFO - SesionPedagogicaService.get_sesiones - Sesiones obtenidas exitosamente
2025-08-01 16:24:08 - INFO - PacienteService.get_pacientes - Pacientes obtenidos exitosamente
2025-08-01 16:24:09 - INFO - LoginComponent.get_user_by_id - Consulta para usuario ID: 1
2025-08-01 16:24:09 - INFO - EspecialidadService.get_especialidades_by_area - Área: pedagogico
2025-08-01 16:24:09 - INFO - LoginComponent.get_user_by_id - Consulta para usuario ID: 1
2025-08-01 16:24:09 - INFO - SesionPedagogicaService.get_pedagogos_disponibles - Iniciando
2025-08-01 16:24:09 - INFO - LoginComponent.get_user_by_id - Consulta para usuario ID: 1
2025-08-01 16:24:09 - INFO - PacienteService.get_pacientes - Iniciando
2025-08-01 16:24:09 - INFO - LoginComponent.get_user_by_id - Consulta para usuario ID: 1
2025-08-01 16:24:09 - INFO - SesionPedagogicaService.get_sesiones - Iniciando
2025-08-01 16:24:09 - INFO - EspecialidadComponent.get_especialidades_by_area - 34 especialidades de área pedagogico encontradas
2025-08-01 16:24:09 - INFO - EspecialidadService.get_especialidades_by_area - Especialidades de pedagogico obtenidas
2025-08-01 16:24:09 - INFO - PersonalComponent.get_personal_by_area - 3 personal de área pedagogico encontrado
2025-08-01 16:24:09 - INFO - PacienteComponent.get_all_pacientes - 10 pacientes encontrados
2025-08-01 16:24:09 - INFO - PacienteService.get_pacientes - Pacientes obtenidos exitosamente
2025-08-01 16:24:09 - INFO - SesionPedagogicaComponent.get_sesiones - Sesiones obtenidas exitosamente
2025-08-01 16:24:09 - INFO - SesionPedagogicaService.get_sesiones - Sesiones obtenidas exitosamente
2025-08-01 16:24:10 - INFO - LoginComponent.get_user_by_id - Consulta para usuario ID: 1
2025-08-01 16:24:10 - INFO - PacienteService.get_pacientes - Iniciando
2025-08-01 16:24:10 - INFO - PacienteComponent.get_all_pacientes - 10 pacientes encontrados
2025-08-01 16:24:10 - INFO - PacienteService.get_pacientes - Pacientes obtenidos exitosamente
2025-08-01 16:24:11 - INFO - LoginComponent.get_user_by_id - Consulta para usuario ID: 1
2025-08-01 16:24:11 - INFO - PersonalService.get_personal - Iniciando
2025-08-01 16:24:11 - INFO - LoginComponent.get_user_by_id - Consulta para usuario ID: 1
2025-08-01 16:24:11 - INFO - SesionTerapiaService.get_sesiones - Iniciando
2025-08-01 16:24:11 - INFO - LoginComponent.get_user_by_id - Consulta para usuario ID: 1
2025-08-01 16:24:11 - INFO - EspecialidadService.get_especialidades - Iniciando
2025-08-01 16:24:11 - INFO - EspecialidadComponent.get_all_especialidades - 55 especialidades encontradas
2025-08-01 16:24:11 - INFO - EspecialidadService.get_especialidades - Especialidades obtenidas exitosamente
2025-08-01 16:24:11 - INFO - SesionTerapiaComponent.get_sesiones - Sesiones obtenidas exitosamente
2025-08-01 16:24:11 - INFO - LoginComponent.get_user_by_id - Consulta para usuario ID: 1
2025-08-01 16:24:11 - INFO - SesionTerapiaComponent.get_pacientes_sesion - 1 pacientes encontrados
2025-08-01 16:24:11 - INFO - PacienteService.get_pacientes - Iniciando
2025-08-01 16:24:11 - INFO - SesionTerapiaComponent.get_pacientes_sesion - 1 pacientes encontrados
2025-08-01 16:24:11 - INFO - PacienteComponent.get_all_pacientes - 10 pacientes encontrados
2025-08-01 16:24:11 - INFO - PacienteService.get_pacientes - Pacientes obtenidos exitosamente
2025-08-01 16:24:11 - INFO - SesionTerapiaComponent.get_pacientes_sesion - 1 pacientes encontrados
2025-08-01 16:24:11 - INFO - LoginComponent.get_user_by_id - Consulta para usuario ID: 1
2025-08-01 16:24:11 - INFO - EspecialidadService.get_especialidades - Iniciando
2025-08-01 16:24:11 - INFO - SesionTerapiaComponent.get_pacientes_sesion - 0 pacientes encontrados
2025-08-01 16:24:11 - INFO - EspecialidadComponent.get_all_especialidades - 55 especialidades encontradas
2025-08-01 16:24:11 - INFO - EspecialidadService.get_especialidades - Especialidades obtenidas exitosamente
2025-08-01 16:24:11 - INFO - SesionTerapiaComponent.get_pacientes_sesion - 1 pacientes encontrados
2025-08-01 16:24:11 - INFO - SesionTerapiaComponent.get_pacientes_sesion - 1 pacientes encontrados
2025-08-01 16:24:12 - INFO - PersonalComponent.get_all_personal - 8 miembros del personal encontrados con especialidades
2025-08-01 16:24:12 - INFO - PersonalService.get_personal - Personal obtenido exitosamente
2025-08-01 16:24:12 - INFO - SesionTerapiaComponent.get_pacientes_sesion - 1 pacientes encontrados
2025-08-01 16:24:12 - INFO - SesionTerapiaComponent.get_pacientes_sesion - 0 pacientes encontrados
2025-08-01 16:24:12 - INFO - SesionTerapiaComponent.get_pacientes_sesion - 0 pacientes encontrados
2025-08-01 16:24:12 - INFO - SesionTerapiaComponent.get_pacientes_sesion - 0 pacientes encontrados
2025-08-01 16:24:12 - INFO - LoginComponent.get_user_by_id - Consulta para usuario ID: 1
2025-08-01 16:24:12 - INFO - PersonalService.get_personal - Iniciando
2025-08-01 16:24:12 - INFO - SesionTerapiaComponent.get_pacientes_sesion - 1 pacientes encontrados
2025-08-01 16:24:12 - INFO - SesionTerapiaComponent.get_pacientes_sesion - 2 pacientes encontrados
2025-08-01 16:24:12 - INFO - SesionTerapiaComponent.get_pacientes_sesion - 1 pacientes encontrados
2025-08-01 16:24:12 - INFO - SesionTerapiaComponent.get_pacientes_sesion - 2 pacientes encontrados
2025-08-01 16:24:12 - INFO - SesionTerapiaComponent.get_pacientes_sesion - 3 pacientes encontrados
2025-08-01 16:24:12 - INFO - SesionTerapiaService.get_sesiones - Sesiones obtenidas exitosamente
2025-08-01 16:24:13 - INFO - PersonalComponent.get_all_personal - 8 miembros del personal encontrados con especialidades
2025-08-01 16:24:13 - INFO - PersonalService.get_personal - Personal obtenido exitosamente
2025-08-01 16:24:13 - INFO - LoginComponent.get_user_by_id - Consulta para usuario ID: 1
2025-08-01 16:24:13 - INFO - SesionTerapiaService.get_sesiones - Iniciando
2025-08-01 16:24:13 - INFO - SesionTerapiaComponent.get_sesiones - Sesiones obtenidas exitosamente
2025-08-01 16:24:13 - INFO - SesionTerapiaComponent.get_pacientes_sesion - 1 pacientes encontrados
2025-08-01 16:24:13 - INFO - SesionTerapiaComponent.get_pacientes_sesion - 1 pacientes encontrados
2025-08-01 16:24:13 - INFO - SesionTerapiaComponent.get_pacientes_sesion - 1 pacientes encontrados
2025-08-01 16:24:13 - INFO - SesionTerapiaComponent.get_pacientes_sesion - 0 pacientes encontrados
2025-08-01 16:24:14 - INFO - SesionTerapiaComponent.get_pacientes_sesion - 1 pacientes encontrados
2025-08-01 16:24:14 - INFO - SesionTerapiaComponent.get_pacientes_sesion - 1 pacientes encontrados
2025-08-01 16:24:14 - INFO - SesionTerapiaComponent.get_pacientes_sesion - 1 pacientes encontrados
2025-08-01 16:24:14 - INFO - SesionTerapiaComponent.get_pacientes_sesion - 0 pacientes encontrados
2025-08-01 16:24:14 - INFO - SesionTerapiaComponent.get_pacientes_sesion - 0 pacientes encontrados
2025-08-01 16:24:14 - INFO - SesionTerapiaComponent.get_pacientes_sesion - 0 pacientes encontrados
2025-08-01 16:24:14 - INFO - SesionTerapiaComponent.get_pacientes_sesion - 1 pacientes encontrados
2025-08-01 16:24:14 - INFO - SesionTerapiaComponent.get_pacientes_sesion - 2 pacientes encontrados
2025-08-01 16:24:14 - INFO - SesionTerapiaComponent.get_pacientes_sesion - 1 pacientes encontrados
2025-08-01 16:24:15 - INFO - SesionTerapiaComponent.get_pacientes_sesion - 2 pacientes encontrados
2025-08-01 16:24:15 - INFO - SesionTerapiaComponent.get_pacientes_sesion - 3 pacientes encontrados
2025-08-01 16:24:15 - INFO - SesionTerapiaService.get_sesiones - Sesiones obtenidas exitosamente
2025-08-01 16:24:19 - INFO - LoginComponent.get_user_by_id - Consulta para usuario ID: 1
2025-08-01 16:24:19 - INFO - SesionTerapiaService.get_sesion - ID: 3
2025-08-01 16:24:19 - INFO - SesionTerapiaComponent.get_sesion_by_id - Sesión 3 encontrada
2025-08-01 16:24:19 - INFO - SesionTerapiaComponent.get_pacientes_sesion - 2 pacientes encontrados
2025-08-01 16:24:19 - INFO - SesionTerapiaComponent.get_cronograma_sesion - 24 sesiones programadas
2025-08-01 16:24:19 - INFO - SesionTerapiaService.get_sesion - Sesión 3 encontrada
2025-08-01 16:24:31 - INFO - LoginComponent.get_user_by_id - Consulta para usuario ID: 1
2025-08-01 16:24:31 - INFO - SesionTerapiaService.get_sesion - ID: 18
2025-08-01 16:24:31 - INFO - SesionTerapiaComponent.get_sesion_by_id - Sesión 18 encontrada
2025-08-01 16:24:31 - INFO - SesionTerapiaComponent.get_pacientes_sesion - 0 pacientes encontrados
2025-08-01 16:24:31 - INFO - LoginComponent.get_user_by_id - Consulta para usuario ID: 1
2025-08-01 16:24:31 - INFO - SesionTerapiaService.get_asistencias_por_sesion - Sesion ID: 18
2025-08-01 16:24:31 - INFO - SesionTerapiaComponent.get_cronograma_sesion - 12 sesiones programadas
2025-08-01 16:24:31 - INFO - SesionTerapiaService.get_sesion - Sesión 18 encontrada
2025-08-01 16:24:31 - INFO - SesionTerapiaComponent.get_asistencias_por_sesion - 0 asistencias encontradas para sesión 18
2025-08-01 16:24:31 - INFO - SesionTerapiaService.get_asistencias_por_sesion - 0 asistencias encontradas
2025-08-01 16:24:32 - INFO - LoginComponent.get_user_by_id - Consulta para usuario ID: 1
2025-08-01 16:24:32 - INFO - SesionTerapiaService.get_asistencias_por_sesion - Sesion ID: 18
2025-08-01 16:24:32 - INFO - SesionTerapiaComponent.get_asistencias_por_sesion - 0 asistencias encontradas para sesión 18
2025-08-01 16:24:32 - INFO - SesionTerapiaService.get_asistencias_por_sesion - 0 asistencias encontradas
2025-08-01 17:07:59 - INFO - LoginComponent.get_user_by_id - Consulta para usuario ID: 1
2025-08-01 17:07:59 - INFO - SesionTerapiaService.get_sesiones - Iniciando
2025-08-01 17:07:59 - INFO - LoginComponent.get_user_by_id - Consulta para usuario ID: 1
2025-08-01 17:07:59 - INFO - SesionPedagogicaService.get_sesiones - Iniciando
2025-08-01 17:07:59 - INFO - SesionTerapiaComponent.get_sesiones - Sesiones obtenidas exitosamente
2025-08-01 17:07:59 - INFO - SesionPedagogicaComponent.get_sesiones - Sesiones obtenidas exitosamente
2025-08-01 17:07:59 - INFO - SesionPedagogicaService.get_sesiones - Sesiones obtenidas exitosamente
2025-08-01 17:07:59 - INFO - SesionTerapiaComponent.get_pacientes_sesion - 1 pacientes encontrados
2025-08-01 17:07:59 - INFO - LoginComponent.get_user_by_id - Consulta para usuario ID: 1
2025-08-01 17:07:59 - INFO - SesionPedagogicaService.get_sesiones - Iniciando
2025-08-01 17:07:59 - INFO - SesionTerapiaComponent.get_pacientes_sesion - 1 pacientes encontrados
2025-08-01 17:07:59 - INFO - SesionPedagogicaComponent.get_sesiones - Sesiones obtenidas exitosamente
2025-08-01 17:07:59 - INFO - SesionPedagogicaService.get_sesiones - Sesiones obtenidas exitosamente
2025-08-01 17:07:59 - INFO - SesionTerapiaComponent.get_pacientes_sesion - 1 pacientes encontrados
2025-08-01 17:07:59 - INFO - SesionTerapiaComponent.get_pacientes_sesion - 0 pacientes encontrados
2025-08-01 17:07:59 - INFO - SesionTerapiaComponent.get_pacientes_sesion - 1 pacientes encontrados
2025-08-01 17:07:59 - INFO - SesionTerapiaComponent.get_pacientes_sesion - 1 pacientes encontrados
2025-08-01 17:08:00 - INFO - SesionTerapiaComponent.get_pacientes_sesion - 1 pacientes encontrados
2025-08-01 17:08:00 - INFO - SesionTerapiaComponent.get_pacientes_sesion - 0 pacientes encontrados
2025-08-01 17:08:00 - INFO - SesionTerapiaComponent.get_pacientes_sesion - 0 pacientes encontrados
2025-08-01 17:08:00 - INFO - SesionTerapiaComponent.get_pacientes_sesion - 0 pacientes encontrados
2025-08-01 17:08:00 - INFO - SesionTerapiaComponent.get_pacientes_sesion - 1 pacientes encontrados
2025-08-01 17:08:00 - INFO - SesionTerapiaComponent.get_pacientes_sesion - 2 pacientes encontrados
2025-08-01 17:08:00 - INFO - SesionTerapiaComponent.get_pacientes_sesion - 1 pacientes encontrados
2025-08-01 17:08:00 - INFO - SesionTerapiaComponent.get_pacientes_sesion - 2 pacientes encontrados
2025-08-01 17:08:00 - INFO - SesionTerapiaComponent.get_pacientes_sesion - 3 pacientes encontrados
2025-08-01 17:08:00 - INFO - SesionTerapiaService.get_sesiones - Sesiones obtenidas exitosamente
2025-08-01 17:08:00 - INFO - LoginComponent.get_user_by_id - Consulta para usuario ID: 1
2025-08-01 17:08:00 - INFO - SesionTerapiaService.get_sesiones - Iniciando
2025-08-01 17:08:00 - INFO - SesionTerapiaComponent.get_sesiones - Sesiones obtenidas exitosamente
2025-08-01 17:08:01 - INFO - SesionTerapiaComponent.get_pacientes_sesion - 1 pacientes encontrados
2025-08-01 17:08:01 - INFO - SesionTerapiaComponent.get_pacientes_sesion - 1 pacientes encontrados
2025-08-01 17:08:01 - INFO - SesionTerapiaComponent.get_pacientes_sesion - 1 pacientes encontrados
2025-08-01 17:08:01 - INFO - SesionTerapiaComponent.get_pacientes_sesion - 0 pacientes encontrados
2025-08-01 17:08:01 - INFO - SesionTerapiaComponent.get_pacientes_sesion - 1 pacientes encontrados
2025-08-01 17:08:01 - INFO - SesionTerapiaComponent.get_pacientes_sesion - 1 pacientes encontrados
2025-08-01 17:08:01 - INFO - SesionTerapiaComponent.get_pacientes_sesion - 1 pacientes encontrados
2025-08-01 17:08:01 - INFO - SesionTerapiaComponent.get_pacientes_sesion - 0 pacientes encontrados
2025-08-01 17:08:01 - INFO - SesionTerapiaComponent.get_pacientes_sesion - 0 pacientes encontrados
2025-08-01 17:08:01 - INFO - SesionTerapiaComponent.get_pacientes_sesion - 0 pacientes encontrados
2025-08-01 17:08:01 - INFO - SesionTerapiaComponent.get_pacientes_sesion - 1 pacientes encontrados
2025-08-01 17:08:01 - INFO - SesionTerapiaComponent.get_pacientes_sesion - 2 pacientes encontrados
2025-08-01 17:08:01 - INFO - SesionTerapiaComponent.get_pacientes_sesion - 1 pacientes encontrados
2025-08-01 17:08:01 - INFO - SesionTerapiaComponent.get_pacientes_sesion - 2 pacientes encontrados
2025-08-01 17:08:02 - INFO - SesionTerapiaComponent.get_pacientes_sesion - 3 pacientes encontrados
2025-08-01 17:08:02 - INFO - SesionTerapiaService.get_sesiones - Sesiones obtenidas exitosamente
2025-08-01 21:06:44 - INFO - app - Iniciando Sistema Tía Glenda Backend
2025-08-01 21:06:45 - INFO - app - Iniciando Sistema Tía Glenda Backend
2025-08-01 21:11:54 - INFO - Acceso a ruta de prueba
2025-08-01 21:12:48 - INFO - app - Iniciando Sistema Tía Glenda Backend
2025-08-01 21:12:57 - INFO - LoginService.login - Intento de autenticacion
2025-08-01 21:12:57 - INFO - LoginComponent.get_user_for_login - Busqueda para usuario: admin
2025-08-01 21:12:58 - INFO - LoginComponent.update_last_access - Actualizado para usuario ID: 1
2025-08-01 21:12:58 - INFO - LoginService.login - Autenticacion exitosa: admin
2025-08-01 21:25:22 - INFO - app - Iniciando Sistema Tía Glenda Backend
2025-08-01 21:25:23 - INFO - app - Iniciando Sistema Tía Glenda Backend
2025-08-01 21:25:44 - INFO - LoginService.login - Intento de autenticacion
2025-08-01 21:25:45 - INFO - LoginComponent.get_user_for_login - Busqueda para usuario: admin
2025-08-01 21:25:45 - INFO - LoginComponent.update_last_access - Actualizado para usuario ID: 1
2025-08-01 21:25:45 - INFO - LoginService.login - Autenticacion exitosa: admin
2025-08-01 21:26:01 - INFO - LoginComponent.get_user_by_id - Consulta para usuario ID: 1
2025-08-01 21:26:01 - INFO - RolService.get_roles - Iniciando
2025-08-01 21:26:02 - INFO - RolService.get_roles - 4 roles encontrados
2025-08-01 21:29:31 - INFO - LoginService.login - Intento de autenticacion
2025-08-01 21:29:31 - INFO - LoginComponent.get_user_for_login - Busqueda para usuario: admin
2025-08-01 21:29:32 - INFO - LoginComponent.update_last_access - Actualizado para usuario ID: 1
2025-08-01 21:29:32 - INFO - LoginService.login - Autenticacion exitosa: admin
2025-08-01 21:55:00 - INFO - LoginService.login - Intento de autenticacion
2025-08-01 21:55:00 - INFO - LoginComponent.get_user_for_login - Busqueda para usuario: admin
2025-08-01 21:55:01 - INFO - LoginComponent.update_last_access - Actualizado para usuario ID: 1
2025-08-01 21:55:01 - INFO - LoginService.login - Autenticacion exitosa: admin
2025-08-01 21:55:05 - INFO - test_database - Conexion a base de datos exitosa
2025-08-01 21:55:51 - INFO - Acceso a ruta de prueba
2025-08-01 21:58:40 - INFO - app - Iniciando Sistema Tía Glenda Backend
2025-08-01 21:58:41 - INFO - app - Iniciando Sistema Tía Glenda Backend
2025-08-01 21:59:28 - INFO - LoginService.login - Intento de autenticacion
2025-08-01 21:59:28 - INFO - LoginComponent.get_user_for_login - Busqueda para usuario: admin
2025-08-01 21:59:29 - INFO - LoginComponent.update_last_access - Actualizado para usuario ID: 1
2025-08-01 21:59:29 - INFO - LoginService.login - Autenticacion exitosa: admin
2025-08-01 21:59:51 - INFO - LoginComponent.get_user_by_id - Consulta para usuario ID: 1
2025-08-01 21:59:51 - INFO - SesionTerapiaService.get_sesiones - Iniciando
2025-08-01 21:59:51 - INFO - SesionTerapiaComponent.get_sesiones - Sesiones obtenidas exitosamente
2025-08-01 21:59:51 - INFO - SesionTerapiaComponent.get_pacientes_sesion - 1 pacientes encontrados
2025-08-01 21:59:51 - INFO - SesionTerapiaComponent.get_pacientes_sesion - 1 pacientes encontrados
2025-08-01 21:59:51 - INFO - SesionTerapiaComponent.get_pacientes_sesion - 1 pacientes encontrados
2025-08-01 21:59:51 - INFO - SesionTerapiaComponent.get_pacientes_sesion - 0 pacientes encontrados
2025-08-01 21:59:51 - INFO - SesionTerapiaComponent.get_pacientes_sesion - 1 pacientes encontrados
2025-08-01 21:59:52 - INFO - SesionTerapiaComponent.get_pacientes_sesion - 1 pacientes encontrados
2025-08-01 21:59:52 - INFO - SesionTerapiaComponent.get_pacientes_sesion - 1 pacientes encontrados
2025-08-01 21:59:52 - INFO - SesionTerapiaComponent.get_pacientes_sesion - 0 pacientes encontrados
2025-08-01 21:59:52 - INFO - SesionTerapiaComponent.get_pacientes_sesion - 0 pacientes encontrados
2025-08-01 21:59:52 - INFO - SesionTerapiaComponent.get_pacientes_sesion - 0 pacientes encontrados
2025-08-01 21:59:52 - INFO - SesionTerapiaComponent.get_pacientes_sesion - 1 pacientes encontrados
2025-08-01 21:59:52 - INFO - SesionTerapiaComponent.get_pacientes_sesion - 2 pacientes encontrados
2025-08-01 21:59:52 - INFO - SesionTerapiaComponent.get_pacientes_sesion - 1 pacientes encontrados
2025-08-01 21:59:53 - INFO - SesionTerapiaComponent.get_pacientes_sesion - 2 pacientes encontrados
2025-08-01 21:59:53 - INFO - SesionTerapiaComponent.get_pacientes_sesion - 3 pacientes encontrados
2025-08-01 21:59:53 - INFO - SesionTerapiaService.get_sesiones - Sesiones obtenidas exitosamente
2025-08-01 22:00:09 - INFO - LoginComponent.get_user_by_id - Consulta para usuario ID: 1
2025-08-01 22:00:09 - INFO - SesionPedagogicaService.get_sesiones - Iniciando
2025-08-01 22:00:09 - INFO - SesionPedagogicaComponent.get_sesiones - Sesiones obtenidas exitosamente
2025-08-01 22:00:09 - INFO - SesionPedagogicaService.get_sesiones - Sesiones obtenidas exitosamente
2025-08-01 22:02:06 - INFO - test_database - Conexion a base de datos exitosa
2025-08-01 22:05:38 - INFO - LoginService.login - Intento de autenticacion
2025-08-01 22:05:38 - INFO - LoginComponent.get_user_for_login - Busqueda para usuario: admin
2025-08-01 22:05:39 - INFO - LoginComponent.update_last_access - Actualizado para usuario ID: 1
2025-08-01 22:05:39 - INFO - LoginService.login - Autenticacion exitosa: admin
2025-08-01 22:06:19 - INFO - LoginService.login - Intento de autenticacion
2025-08-01 22:06:19 - INFO - LoginComponent.get_user_for_login - Busqueda para usuario: admin
2025-08-01 22:06:19 - INFO - LoginComponent.update_last_access - Actualizado para usuario ID: 1
2025-08-01 22:06:19 - INFO - LoginService.login - Autenticacion exitosa: admin
2025-08-01 22:07:17 - INFO - LoginService.login - Intento de autenticacion
2025-08-01 22:07:17 - INFO - LoginComponent.get_user_for_login - Busqueda para usuario: admin
2025-08-01 22:07:18 - INFO - LoginComponent.update_last_access - Actualizado para usuario ID: 1
2025-08-01 22:07:18 - INFO - LoginService.login - Autenticacion exitosa: admin
2025-08-01 22:08:17 - INFO - test_database - Conexion a base de datos exitosa
