2025-07-28 14:44:08 - INFO - app - Iniciando Sistema Tía Glenda Backend
2025-07-28 14:44:08 - INFO - app - Iniciando Sistema Tía Glenda Backend
2025-07-28 14:44:38 - INFO - LoginService.login - Intento de autenticacion
2025-07-28 14:44:39 - INFO - LoginComponent.get_user_for_login - Busqueda para usuario: admin
2025-07-28 14:44:39 - INFO - LoginComponent.update_last_access - Actualizado para usuario ID: 1
2025-07-28 14:44:39 - INFO - LoginService.login - Autenticacion exitosa: admin
2025-07-28 14:44:43 - INFO - LoginService.login - Intento de autenticacion
2025-07-28 14:44:43 - INFO - LoginComponent.get_user_for_login - Busqueda para usuario: admin
2025-07-28 14:44:44 - INFO - LoginComponent.update_last_access - Actualizado para usuario ID: 1
2025-07-28 14:44:44 - INFO - LoginService.login - Autenticacion exitosa: admin
2025-07-28 14:44:47 - INFO - LoginService.login - Intento de autenticacion
2025-07-28 14:44:47 - INFO - LoginComponent.get_user_for_login - Busqueda para usuario: admin
2025-07-28 14:44:47 - INFO - LoginComponent.update_last_access - Actualizado para usuario ID: 1
2025-07-28 14:44:47 - INFO - LoginService.login - Autenticacion exitosa: admin
2025-07-28 14:44:49 - INFO - LoginService.login - Intento de autenticacion
2025-07-28 14:44:49 - INFO - LoginComponent.get_user_for_login - Busqueda para usuario: usuario_inexistente
2025-07-28 14:44:49 - INFO - LoginService.login - Usuario no encontrado: usuario_inexistente
2025-07-28 14:44:52 - INFO - LoginService.login - Intento de autenticacion
2025-07-28 14:44:53 - INFO - LoginComponent.get_user_for_login - Busqueda para usuario: usuario_inexistente
2025-07-28 14:44:53 - INFO - LoginService.login - Usuario no encontrado: usuario_inexistente
2025-07-28 14:44:55 - INFO - LoginComponent.get_user_by_id - Consulta para usuario ID: 1
2025-07-28 14:44:55 - INFO - LoginService.verify_token - Token verificado correctamente
2025-07-28 14:44:58 - INFO - LoginComponent.get_user_by_id - Consulta para usuario ID: 1
2025-07-28 14:44:58 - INFO - LoginService.verify_token - Token verificado correctamente
2025-07-28 14:45:00 - INFO - LoginComponent.get_user_by_id - Consulta para usuario ID: 1
2025-07-28 14:45:00 - INFO - Información solicitada para usuario: admin
2025-07-28 14:45:03 - INFO - LoginComponent.get_user_by_id - Consulta para usuario ID: 1
2025-07-28 14:45:03 - INFO - Información solicitada para usuario: admin
2025-07-28 14:45:06 - INFO - LoginComponent.get_user_by_id - Consulta para usuario ID: 1
2025-07-28 14:45:06 - INFO - Logout solicitado
2025-07-28 14:45:07 - INFO - LoginService.login - Intento de autenticacion
2025-07-28 14:45:07 - INFO - LoginComponent.get_user_for_login - Busqueda para usuario: admin
2025-07-28 14:45:07 - INFO - LoginComponent.update_last_access - Actualizado para usuario ID: 1
2025-07-28 14:45:07 - INFO - LoginService.login - Autenticacion exitosa: admin
2025-07-28 14:45:09 - INFO - LoginComponent.get_user_by_id - Consulta para usuario ID: 1
2025-07-28 14:45:09 - INFO - Logout solicitado
2025-07-28 14:45:11 - INFO - LoginService.login - Intento de autenticacion
2025-07-28 14:45:11 - INFO - LoginComponent.get_user_for_login - Busqueda para usuario: admin
2025-07-28 14:45:11 - INFO - LoginComponent.update_last_access - Actualizado para usuario ID: 1
2025-07-28 14:45:11 - INFO - LoginService.login - Autenticacion exitosa: admin
2025-07-28 14:45:12 - INFO - LoginService.login - Intento de autenticacion
2025-07-28 14:45:12 - INFO - LoginComponent.get_user_for_login - Busqueda para usuario: admin
2025-07-28 14:45:12 - INFO - LoginComponent.update_last_access - Actualizado para usuario ID: 1
2025-07-28 14:45:12 - INFO - LoginService.login - Autenticacion exitosa: admin
2025-07-28 14:45:14 - INFO - LoginComponent.get_user_by_id - Consulta para usuario ID: 1
2025-07-28 14:45:14 - INFO - LoginService.verify_token - Token verificado correctamente
2025-07-28 14:45:15 - INFO - LoginService.login - Intento de autenticacion
2025-07-28 14:45:15 - INFO - LoginComponent.get_user_for_login - Busqueda para usuario: admin
2025-07-28 14:45:15 - INFO - LoginComponent.update_last_access - Actualizado para usuario ID: 1
2025-07-28 14:45:15 - INFO - LoginService.login - Autenticacion exitosa: admin
2025-07-28 14:45:16 - INFO - LoginComponent.get_user_by_id - Consulta para usuario ID: 1
2025-07-28 14:45:16 - INFO - Información solicitada para usuario: admin
2025-07-28 14:45:17 - INFO - LoginService.login - Intento de autenticacion
2025-07-28 14:45:18 - INFO - LoginComponent.get_user_for_login - Busqueda para usuario: usuario_inexistente
2025-07-28 14:45:18 - INFO - LoginService.login - Usuario no encontrado: usuario_inexistente
2025-07-28 14:45:18 - INFO - LoginComponent.get_user_by_id - Consulta para usuario ID: 1
2025-07-28 14:45:18 - INFO - RolService.get_roles - Iniciando
2025-07-28 14:45:18 - INFO - RolService.get_roles - 4 roles encontrados
2025-07-28 14:45:20 - INFO - LoginComponent.get_user_by_id - Consulta para usuario ID: 1
2025-07-28 14:45:20 - INFO - Logout solicitado
2025-07-28 14:45:21 - INFO - LoginService.login - Intento de autenticacion
2025-07-28 14:45:21 - INFO - LoginComponent.get_user_for_login - Busqueda para usuario: usuario_inexistente
2025-07-28 14:45:21 - INFO - LoginService.login - Usuario no encontrado: usuario_inexistente
2025-07-28 14:45:23 - INFO - LoginComponent.get_user_by_id - Consulta para usuario ID: 1
2025-07-28 14:45:23 - INFO - LoginService.verify_token - Token verificado correctamente
2025-07-28 14:45:23 - INFO - LoginService.login - Intento de autenticacion
2025-07-28 14:45:23 - INFO - LoginComponent.get_user_for_login - Busqueda para usuario: admin
2025-07-28 14:45:23 - INFO - LoginComponent.update_last_access - Actualizado para usuario ID: 1
2025-07-28 14:45:23 - INFO - LoginService.login - Autenticacion exitosa: admin
2025-07-28 14:45:25 - INFO - LoginComponent.get_user_by_id - Consulta para usuario ID: 1
2025-07-28 14:45:25 - INFO - LoginService.verify_token - Token verificado correctamente
2025-07-28 14:45:26 - INFO - LoginComponent.get_user_by_id - Consulta para usuario ID: 1
2025-07-28 14:45:26 - INFO - LoginService.verify_token - Token verificado correctamente
2025-07-28 14:45:28 - INFO - LoginComponent.get_user_by_id - Consulta para usuario ID: 1
2025-07-28 14:45:28 - INFO - Información solicitada para usuario: admin
2025-07-28 14:45:28 - INFO - LoginComponent.get_user_by_id - Consulta para usuario ID: 1
2025-07-28 14:45:28 - INFO - Información solicitada para usuario: admin
2025-07-28 14:45:30 - INFO - LoginComponent.get_user_by_id - Consulta para usuario ID: 1
2025-07-28 14:45:30 - INFO - RolService.get_roles - Iniciando
2025-07-28 14:45:30 - INFO - RolService.get_roles - 4 roles encontrados
2025-07-28 14:45:31 - INFO - LoginComponent.get_user_by_id - Consulta para usuario ID: 1
2025-07-28 14:45:31 - INFO - Información solicitada para usuario: admin
2025-07-28 14:45:32 - INFO - LoginComponent.get_user_by_id - Consulta para usuario ID: 1
2025-07-28 14:45:32 - INFO - Logout solicitado
2025-07-28 14:45:34 - INFO - LoginComponent.get_user_by_id - Consulta para usuario ID: 1
2025-07-28 14:45:34 - INFO - Logout solicitado
2025-07-28 14:45:34 - INFO - LoginService.login - Intento de autenticacion
2025-07-28 14:45:34 - INFO - LoginComponent.get_user_for_login - Busqueda para usuario: usuario_inexistente
2025-07-28 14:45:34 - INFO - LoginService.login - Usuario no encontrado: usuario_inexistente
2025-07-28 14:45:37 - INFO - LoginComponent.get_user_by_id - Consulta para usuario ID: 1
2025-07-28 14:45:37 - INFO - Logout solicitado
2025-07-28 14:45:37 - INFO - LoginService.login - Intento de autenticacion
2025-07-28 14:45:37 - INFO - LoginComponent.get_user_for_login - Busqueda para usuario: usuario_inexistente
2025-07-28 14:45:37 - INFO - LoginService.login - Usuario no encontrado: usuario_inexistente
2025-07-28 14:45:39 - INFO - LoginService.login - Intento de autenticacion
2025-07-28 14:45:39 - INFO - LoginComponent.get_user_for_login - Busqueda para usuario: admin
2025-07-28 14:45:39 - INFO - LoginComponent.update_last_access - Actualizado para usuario ID: 1
2025-07-28 14:45:39 - INFO - LoginService.login - Autenticacion exitosa: admin
2025-07-28 14:45:41 - INFO - LoginComponent.get_user_by_id - Consulta para usuario ID: 1
2025-07-28 14:45:41 - INFO - LoginService.verify_token - Token verificado correctamente
2025-07-28 14:45:42 - INFO - LoginService.login - Intento de autenticacion
2025-07-28 14:45:42 - INFO - LoginComponent.get_user_for_login - Busqueda para usuario: admin
2025-07-28 14:45:42 - INFO - LoginComponent.update_last_access - Actualizado para usuario ID: 1
2025-07-28 14:45:42 - INFO - LoginService.login - Autenticacion exitosa: admin
2025-07-28 14:45:43 - INFO - LoginComponent.get_user_by_id - Consulta para usuario ID: 1
2025-07-28 14:45:43 - INFO - Información solicitada para usuario: admin
2025-07-28 14:45:45 - INFO - LoginService.login - Intento de autenticacion
2025-07-28 14:45:45 - INFO - LoginComponent.get_user_for_login - Busqueda para usuario: admin
2025-07-28 14:45:46 - INFO - LoginComponent.get_user_by_id - Consulta para usuario ID: 1
2025-07-28 14:45:46 - INFO - RolService.get_roles - Iniciando
2025-07-28 14:45:46 - INFO - LoginComponent.update_last_access - Actualizado para usuario ID: 1
2025-07-28 14:45:46 - INFO - LoginService.login - Autenticacion exitosa: admin
2025-07-28 14:45:46 - INFO - RolService.get_roles - 4 roles encontrados
2025-07-28 14:45:48 - INFO - LoginComponent.get_user_by_id - Consulta para usuario ID: 1
2025-07-28 14:45:48 - INFO - Logout solicitado
2025-07-28 14:45:48 - INFO - LoginComponent.get_user_by_id - Consulta para usuario ID: 1
2025-07-28 14:45:48 - INFO - RolService.get_roles - Iniciando
2025-07-28 14:45:48 - INFO - RolService.get_roles - 4 roles encontrados
2025-07-28 14:45:51 - INFO - LoginService.login - Intento de autenticacion
2025-07-28 14:45:51 - INFO - LoginComponent.get_user_for_login - Busqueda para usuario: admin
2025-07-28 14:45:51 - INFO - LoginComponent.get_user_by_id - Consulta para usuario ID: 1
2025-07-28 14:45:51 - INFO - RolService.get_roles - Iniciando
2025-07-28 14:45:51 - INFO - RolService.get_roles - 4 roles encontrados
2025-07-28 14:45:51 - INFO - LoginComponent.update_last_access - Actualizado para usuario ID: 1
2025-07-28 14:45:51 - INFO - LoginService.login - Autenticacion exitosa: admin
2025-07-28 14:45:53 - INFO - LoginComponent.get_user_by_id - Consulta para usuario ID: 1
2025-07-28 14:45:53 - INFO - LoginService.verify_token - Token verificado correctamente
2025-07-28 14:45:55 - INFO - LoginComponent.get_user_by_id - Consulta para usuario ID: 1
2025-07-28 14:45:55 - INFO - Información solicitada para usuario: admin
2025-07-28 14:45:58 - INFO - LoginComponent.get_user_by_id - Consulta para usuario ID: 1
2025-07-28 14:45:58 - INFO - RolService.get_roles - Iniciando
2025-07-28 14:45:58 - INFO - RolService.get_roles - 4 roles encontrados
2025-07-28 14:46:00 - INFO - LoginComponent.get_user_by_id - Consulta para usuario ID: 1
2025-07-28 14:46:00 - INFO - Logout solicitado
2025-07-28 14:46:01 - INFO - LoginComponent.get_user_by_id - Consulta para usuario ID: 1
2025-07-28 14:46:01 - INFO - UsuarioService.get_usuarios - Iniciando
2025-07-28 14:46:01 - INFO - UsuarioComponent.get_all_usuarios - 8 usuarios encontrados
2025-07-28 14:46:01 - INFO - UsuarioService.get_usuarios - Usuarios obtenidos exitosamente
2025-07-28 14:46:02 - INFO - LoginService.login - Intento de autenticacion
2025-07-28 14:46:02 - INFO - LoginComponent.get_user_for_login - Busqueda para usuario: usuario_inexistente
2025-07-28 14:46:02 - INFO - LoginService.login - Usuario no encontrado: usuario_inexistente
2025-07-28 14:46:04 - INFO - LoginComponent.get_user_by_id - Consulta para usuario ID: 1
2025-07-28 14:46:04 - INFO - UsuarioService.get_usuarios - Iniciando
2025-07-28 14:46:04 - INFO - UsuarioComponent.get_all_usuarios - 8 usuarios encontrados
2025-07-28 14:46:04 - INFO - UsuarioService.get_usuarios - Usuarios obtenidos exitosamente
2025-07-28 14:46:05 - INFO - LoginService.login - Intento de autenticacion
2025-07-28 14:46:05 - INFO - LoginComponent.get_user_for_login - Busqueda para usuario: usuario_inexistente
2025-07-28 14:46:05 - INFO - LoginService.login - Usuario no encontrado: usuario_inexistente
2025-07-28 14:46:06 - INFO - LoginComponent.get_user_by_id - Consulta para usuario ID: 1
2025-07-28 14:46:06 - INFO - RolService.get_roles - Iniciando
2025-07-28 14:46:06 - INFO - RolService.get_roles - 4 roles encontrados
2025-07-28 14:46:08 - INFO - LoginComponent.get_user_by_id - Consulta para usuario ID: 1
2025-07-28 14:46:08 - INFO - RolService.get_roles - Iniciando
2025-07-28 14:46:08 - INFO - RolService.get_roles - 4 roles encontrados
2025-07-28 14:46:10 - INFO - LoginService.login - Intento de autenticacion
2025-07-28 14:46:10 - INFO - LoginComponent.get_user_for_login - Busqueda para usuario: admin
2025-07-28 14:46:10 - INFO - LoginComponent.update_last_access - Actualizado para usuario ID: 1
2025-07-28 14:46:10 - INFO - LoginService.login - Autenticacion exitosa: admin
2025-07-28 14:46:10 - INFO - LoginComponent.get_user_by_id - Consulta para usuario ID: 1
2025-07-28 14:46:10 - INFO - RolService.get_roles - Iniciando
2025-07-28 14:46:10 - INFO - RolService.get_roles - 4 roles encontrados
2025-07-28 14:46:12 - INFO - LoginComponent.get_user_by_id - Consulta para usuario ID: 1
2025-07-28 14:46:12 - INFO - RolService.get_roles - Iniciando
2025-07-28 14:46:13 - INFO - RolService.get_roles - 4 roles encontrados
2025-07-28 14:46:13 - INFO - LoginService.login - Intento de autenticacion
2025-07-28 14:46:13 - INFO - LoginComponent.get_user_for_login - Busqueda para usuario: admin
2025-07-28 14:46:13 - INFO - LoginComponent.update_last_access - Actualizado para usuario ID: 1
2025-07-28 14:46:13 - INFO - LoginService.login - Autenticacion exitosa: admin
2025-07-28 14:46:15 - INFO - LoginComponent.get_user_by_id - Consulta para usuario ID: 1
2025-07-28 14:46:15 - INFO - RolService.get_roles - Iniciando
2025-07-28 14:46:15 - INFO - RolService.get_roles - 4 roles encontrados
2025-07-28 14:46:16 - INFO - LoginComponent.get_user_by_id - Consulta para usuario ID: 1
2025-07-28 14:46:16 - INFO - RolService.get_roles - Iniciando
2025-07-28 14:46:16 - INFO - RolService.get_roles - 4 roles encontrados
2025-07-28 14:46:18 - INFO - LoginComponent.get_user_by_id - Consulta para usuario ID: 1
2025-07-28 14:46:18 - INFO - RolService.get_roles - Iniciando
2025-07-28 14:46:18 - INFO - RolService.get_roles - 4 roles encontrados
2025-07-28 14:46:19 - INFO - LoginComponent.get_user_by_id - Consulta para usuario ID: 1
2025-07-28 14:46:19 - INFO - RolService.get_roles - Iniciando
2025-07-28 14:46:19 - INFO - RolService.get_roles - 4 roles encontrados
2025-07-28 14:46:20 - INFO - LoginComponent.get_user_by_id - Consulta para usuario ID: 1
2025-07-28 14:46:20 - INFO - RolService.get_roles - Iniciando
2025-07-28 14:46:20 - INFO - RolService.get_roles - 4 roles encontrados
2025-07-28 14:46:22 - INFO - LoginComponent.get_user_by_id - Consulta para usuario ID: 1
2025-07-28 14:46:22 - INFO - RolService.get_roles - Iniciando
2025-07-28 14:46:22 - INFO - RolService.get_roles - 4 roles encontrados
2025-07-28 14:46:24 - INFO - LoginComponent.get_user_by_id - Consulta para usuario ID: 1
2025-07-28 14:46:24 - INFO - RolService.get_roles - Iniciando
2025-07-28 14:46:24 - INFO - RolService.get_roles - 4 roles encontrados
2025-07-28 14:46:27 - INFO - LoginComponent.get_user_by_id - Consulta para usuario ID: 1
2025-07-28 14:46:27 - INFO - RolService.get_roles - Iniciando
2025-07-28 14:46:27 - INFO - RolService.get_roles - 4 roles encontrados
2025-07-28 14:46:29 - INFO - LoginComponent.get_user_by_id - Consulta para usuario ID: 1
2025-07-28 14:46:29 - INFO - UsuarioService.get_usuarios - Iniciando
2025-07-28 14:46:29 - INFO - UsuarioComponent.get_all_usuarios - 8 usuarios encontrados
2025-07-28 14:46:29 - INFO - UsuarioService.get_usuarios - Usuarios obtenidos exitosamente
2025-07-28 14:46:31 - INFO - LoginService.login - Intento de autenticacion
2025-07-28 14:46:31 - INFO - LoginComponent.get_user_for_login - Busqueda para usuario: admin
2025-07-28 14:46:32 - INFO - LoginComponent.update_last_access - Actualizado para usuario ID: 1
2025-07-28 14:46:32 - INFO - LoginService.login - Autenticacion exitosa: admin
2025-07-28 14:46:32 - INFO - LoginComponent.get_user_by_id - Consulta para usuario ID: 1
2025-07-28 14:46:32 - INFO - UsuarioService.get_usuarios - Iniciando
2025-07-28 14:46:32 - INFO - UsuarioComponent.get_all_usuarios - 8 usuarios encontrados
2025-07-28 14:46:32 - INFO - UsuarioService.get_usuarios - Usuarios obtenidos exitosamente
2025-07-28 14:46:34 - INFO - LoginComponent.get_user_by_id - Consulta para usuario ID: 1
2025-07-28 14:46:34 - INFO - RolService.get_roles - Iniciando
2025-07-28 14:46:34 - INFO - RolService.get_roles - 4 roles encontrados
2025-07-28 14:46:35 - INFO - LoginService.login - Intento de autenticacion
2025-07-28 14:46:35 - INFO - LoginComponent.get_user_for_login - Busqueda para usuario: admin
2025-07-28 14:46:35 - INFO - LoginComponent.update_last_access - Actualizado para usuario ID: 1
2025-07-28 14:46:35 - INFO - LoginService.login - Autenticacion exitosa: admin
2025-07-28 14:46:36 - INFO - LoginComponent.get_user_by_id - Consulta para usuario ID: 1
2025-07-28 14:46:36 - INFO - RolService.get_roles - Iniciando
2025-07-28 14:46:36 - INFO - RolService.get_roles - 4 roles encontrados
2025-07-28 14:46:37 - INFO - LoginComponent.get_user_by_id - Consulta para usuario ID: 1
2025-07-28 14:46:37 - INFO - PersonaService.get_personas - Iniciando
2025-07-28 14:46:37 - INFO - PersonaComponent.get_all_personas - 26 personas encontradas
2025-07-28 14:46:37 - INFO - PersonaService.get_personas - Personas obtenidas exitosamente
2025-07-28 14:46:39 - INFO - LoginComponent.get_user_by_id - Consulta para usuario ID: 1
2025-07-28 14:46:39 - INFO - RolService.get_roles - Iniciando
2025-07-28 14:46:39 - INFO - RolService.get_roles - 4 roles encontrados
2025-07-28 14:46:40 - INFO - LoginComponent.get_user_by_id - Consulta para usuario ID: 1
2025-07-28 14:46:40 - INFO - PersonaService.get_personas - Iniciando
2025-07-28 14:46:40 - INFO - PersonaComponent.get_all_personas - 26 personas encontradas
2025-07-28 14:46:40 - INFO - PersonaService.get_personas - Personas obtenidas exitosamente
2025-07-28 14:46:41 - INFO - LoginComponent.get_user_by_id - Consulta para usuario ID: 1
2025-07-28 14:46:41 - INFO - RolService.get_roles - Iniciando
2025-07-28 14:46:41 - INFO - RolService.get_roles - 4 roles encontrados
2025-07-28 14:46:43 - INFO - LoginComponent.get_user_by_id - Consulta para usuario ID: 1
2025-07-28 14:46:43 - INFO - PersonaService.get_personas_disponibles - Iniciando
2025-07-28 14:46:43 - INFO - PersonaComponent.get_personas_disponibles_para_usuario - 18 personas disponibles
2025-07-28 14:46:43 - INFO - PersonaService.get_personas_disponibles - Personas disponibles obtenidas
2025-07-28 14:46:43 - INFO - LoginComponent.get_user_by_id - Consulta para usuario ID: 1
2025-07-28 14:46:43 - INFO - RolService.get_roles - Iniciando
2025-07-28 14:46:43 - INFO - RolService.get_roles - 4 roles encontrados
2025-07-28 14:46:46 - INFO - LoginComponent.get_user_by_id - Consulta para usuario ID: 1
2025-07-28 14:46:46 - INFO - PersonaService.get_personas_disponibles - Iniciando
2025-07-28 14:46:46 - INFO - PersonaComponent.get_personas_disponibles_para_usuario - 18 personas disponibles
2025-07-28 14:46:46 - INFO - PersonaService.get_personas_disponibles - Personas disponibles obtenidas
2025-07-28 14:46:46 - INFO - LoginComponent.get_user_by_id - Consulta para usuario ID: 1
2025-07-28 14:46:46 - INFO - RolService.get_roles - Iniciando
2025-07-28 14:46:46 - INFO - RolService.get_roles - 4 roles encontrados
2025-07-28 14:46:48 - INFO - LoginComponent.get_user_by_id - Consulta para usuario ID: 1
2025-07-28 14:46:48 - INFO - PersonaService.create_persona - Iniciando
2025-07-28 14:46:48 - INFO - LoginComponent.get_user_by_id - Consulta para usuario ID: 1
2025-07-28 14:46:48 - INFO - RolService.get_roles - Iniciando
2025-07-28 14:46:48 - INFO - RolService.get_roles - 4 roles encontrados
2025-07-28 14:46:50 - INFO - LoginComponent.get_user_by_id - Consulta para usuario ID: 1
2025-07-28 14:46:50 - INFO - RolService.get_roles - Iniciando
2025-07-28 14:46:51 - INFO - RolService.get_roles - 4 roles encontrados
2025-07-28 14:46:51 - INFO - LoginComponent.get_user_by_id - Consulta para usuario ID: 1
2025-07-28 14:46:51 - INFO - PersonaService.create_persona - Iniciando
2025-07-28 14:46:53 - INFO - LoginComponent.get_user_by_id - Consulta para usuario ID: 1
2025-07-28 14:46:53 - INFO - RolService.get_roles - Iniciando
2025-07-28 14:46:53 - INFO - RolService.get_roles - 4 roles encontrados
2025-07-28 14:46:55 - INFO - LoginComponent.get_user_by_id - Consulta para usuario ID: 1
2025-07-28 14:46:55 - INFO - RolService.get_roles - Iniciando
2025-07-28 14:46:55 - INFO - RolService.get_roles - 4 roles encontrados
2025-07-28 14:46:57 - INFO - LoginService.login - Intento de autenticacion
2025-07-28 14:46:57 - INFO - LoginComponent.get_user_for_login - Busqueda para usuario: admin
2025-07-28 14:46:57 - INFO - LoginComponent.update_last_access - Actualizado para usuario ID: 1
2025-07-28 14:46:57 - INFO - LoginService.login - Autenticacion exitosa: admin
2025-07-28 14:46:59 - INFO - LoginService.login - Intento de autenticacion
2025-07-28 14:47:00 - INFO - LoginComponent.get_user_for_login - Busqueda para usuario: admin
2025-07-28 14:47:00 - INFO - LoginComponent.update_last_access - Actualizado para usuario ID: 1
2025-07-28 14:47:00 - INFO - LoginService.login - Autenticacion exitosa: admin
2025-07-28 14:47:00 - INFO - LoginService.login - Intento de autenticacion
2025-07-28 14:47:00 - INFO - LoginComponent.get_user_for_login - Busqueda para usuario: admin
2025-07-28 14:47:01 - INFO - LoginComponent.update_last_access - Actualizado para usuario ID: 1
2025-07-28 14:47:01 - INFO - LoginService.login - Autenticacion exitosa: admin
2025-07-28 14:47:03 - INFO - LoginService.login - Intento de autenticacion
2025-07-28 14:47:03 - INFO - LoginComponent.get_user_for_login - Busqueda para usuario: admin
2025-07-28 14:47:03 - INFO - LoginComponent.get_user_by_id - Consulta para usuario ID: 1
2025-07-28 14:47:03 - INFO - EspecialidadService.get_especialidades - Iniciando
2025-07-28 14:47:03 - INFO - EspecialidadComponent.get_all_especialidades - 55 especialidades encontradas
2025-07-28 14:47:03 - INFO - EspecialidadService.get_especialidades - Especialidades obtenidas exitosamente
2025-07-28 14:47:03 - INFO - LoginComponent.update_last_access - Actualizado para usuario ID: 1
2025-07-28 14:47:03 - INFO - LoginService.login - Autenticacion exitosa: admin
2025-07-28 14:47:06 - INFO - LoginComponent.get_user_by_id - Consulta para usuario ID: 1
2025-07-28 14:47:06 - INFO - PersonaService.get_personas - Iniciando
2025-07-28 14:47:06 - INFO - PersonaComponent.get_all_personas - 26 personas encontradas
2025-07-28 14:47:06 - INFO - PersonaService.get_personas - Personas obtenidas exitosamente
2025-07-28 14:47:06 - INFO - LoginComponent.get_user_by_id - Consulta para usuario ID: 1
2025-07-28 14:47:06 - INFO - EspecialidadService.get_especialidades - Iniciando
2025-07-28 14:47:06 - INFO - EspecialidadComponent.get_all_especialidades - 55 especialidades encontradas
2025-07-28 14:47:06 - INFO - EspecialidadService.get_especialidades - Especialidades obtenidas exitosamente
2025-07-28 14:47:08 - INFO - LoginComponent.get_user_by_id - Consulta para usuario ID: 1
2025-07-28 14:47:08 - INFO - EspecialidadService.get_especialidades_by_area - Área: terapeutico
2025-07-28 14:47:08 - INFO - EspecialidadComponent.get_especialidades_by_area - 21 especialidades de área terapeutico encontradas
2025-07-28 14:47:08 - INFO - EspecialidadService.get_especialidades_by_area - Especialidades de terapeutico obtenidas
2025-07-28 14:47:09 - INFO - LoginComponent.get_user_by_id - Consulta para usuario ID: 1
2025-07-28 14:47:09 - INFO - PersonaService.get_personas - Iniciando
2025-07-28 14:47:09 - INFO - PersonaComponent.get_all_personas - 26 personas encontradas
2025-07-28 14:47:09 - INFO - PersonaService.get_personas - Personas obtenidas exitosamente
2025-07-28 14:47:11 - INFO - LoginComponent.get_user_by_id - Consulta para usuario ID: 1
2025-07-28 14:47:11 - INFO - PersonaService.get_personas_disponibles - Iniciando
2025-07-28 14:47:11 - INFO - PersonaComponent.get_personas_disponibles_para_usuario - 18 personas disponibles
2025-07-28 14:47:11 - INFO - PersonaService.get_personas_disponibles - Personas disponibles obtenidas
2025-07-28 14:47:12 - INFO - LoginComponent.get_user_by_id - Consulta para usuario ID: 1
2025-07-28 14:47:12 - INFO - EspecialidadService.get_especialidades_by_area - Área: terapeutico
2025-07-28 14:47:12 - INFO - EspecialidadComponent.get_especialidades_by_area - 21 especialidades de área terapeutico encontradas
2025-07-28 14:47:12 - INFO - EspecialidadService.get_especialidades_by_area - Especialidades de terapeutico obtenidas
2025-07-28 14:47:14 - INFO - LoginComponent.get_user_by_id - Consulta para usuario ID: 1
2025-07-28 14:47:14 - INFO - EspecialidadService.get_especialidades_activas - Iniciando
2025-07-28 14:47:14 - INFO - EspecialidadComponent.get_especialidades_activas - 55 especialidades activas encontradas
2025-07-28 14:47:14 - INFO - EspecialidadService.get_especialidades_activas - Especialidades activas obtenidas
2025-07-28 14:47:14 - INFO - LoginComponent.get_user_by_id - Consulta para usuario ID: 1
2025-07-28 14:47:14 - INFO - PersonaService.get_personas_disponibles - Iniciando
2025-07-28 14:47:14 - INFO - PersonaComponent.get_personas_disponibles_para_usuario - 18 personas disponibles
2025-07-28 14:47:14 - INFO - PersonaService.get_personas_disponibles - Personas disponibles obtenidas
2025-07-28 14:47:17 - INFO - LoginComponent.get_user_by_id - Consulta para usuario ID: 1
2025-07-28 14:47:17 - INFO - PersonaService.create_persona - Iniciando
2025-07-28 14:47:17 - INFO - LoginComponent.get_user_by_id - Consulta para usuario ID: 1
2025-07-28 14:47:17 - INFO - EspecialidadService.get_especialidades_activas - Iniciando
2025-07-28 14:47:17 - INFO - EspecialidadComponent.get_especialidades_activas - 55 especialidades activas encontradas
2025-07-28 14:47:17 - INFO - EspecialidadService.get_especialidades_activas - Especialidades activas obtenidas
2025-07-28 14:47:19 - INFO - LoginComponent.get_user_by_id - Consulta para usuario ID: 1
2025-07-28 14:47:19 - INFO - EspecialidadService.create_especialidad - Iniciando
2025-07-28 14:47:20 - INFO - LoginComponent.get_user_by_id - Consulta para usuario ID: 1
2025-07-28 14:47:20 - INFO - PersonaService.create_persona - Iniciando
2025-07-28 14:47:22 - INFO - LoginComponent.get_user_by_id - Consulta para usuario ID: 1
2025-07-28 14:47:22 - INFO - EspecialidadService.create_especialidad - Iniciando
2025-07-28 14:47:25 - INFO - LoginService.login - Intento de autenticacion
2025-07-28 14:47:26 - INFO - LoginComponent.get_user_for_login - Busqueda para usuario: admin
2025-07-28 14:47:26 - INFO - LoginComponent.get_user_by_id - Consulta para usuario ID: 1
2025-07-28 14:47:26 - INFO - EspecialidadService.get_especialidades - Iniciando
2025-07-28 14:47:26 - INFO - LoginComponent.update_last_access - Actualizado para usuario ID: 1
2025-07-28 14:47:26 - INFO - LoginService.login - Autenticacion exitosa: admin
2025-07-28 14:47:26 - INFO - EspecialidadComponent.get_all_especialidades - 55 especialidades encontradas
2025-07-28 14:47:26 - INFO - EspecialidadService.get_especialidades - Especialidades obtenidas exitosamente
2025-07-28 14:47:29 - INFO - LoginService.login - Intento de autenticacion
2025-07-28 14:47:29 - INFO - LoginComponent.get_user_for_login - Busqueda para usuario: admin
2025-07-28 14:47:29 - INFO - LoginComponent.get_user_by_id - Consulta para usuario ID: 1
2025-07-28 14:47:29 - INFO - EspecialidadService.get_especialidades - Iniciando
2025-07-28 14:47:29 - INFO - EspecialidadComponent.get_all_especialidades - 55 especialidades encontradas
2025-07-28 14:47:29 - INFO - EspecialidadService.get_especialidades - Especialidades obtenidas exitosamente
2025-07-28 14:47:29 - INFO - LoginComponent.update_last_access - Actualizado para usuario ID: 1
2025-07-28 14:47:29 - INFO - LoginService.login - Autenticacion exitosa: admin
2025-07-28 14:47:31 - INFO - LoginComponent.get_user_by_id - Consulta para usuario ID: 1
2025-07-28 14:47:31 - INFO - EspecialidadService.get_especialidades - Iniciando
2025-07-28 14:47:31 - INFO - EspecialidadComponent.get_all_especialidades - 55 especialidades encontradas
2025-07-28 14:47:31 - INFO - EspecialidadService.get_especialidades - Especialidades obtenidas exitosamente
2025-07-28 14:47:34 - INFO - LoginService.login - Intento de autenticacion
2025-07-28 14:47:34 - INFO - LoginComponent.get_user_for_login - Busqueda para usuario: admin
2025-07-28 14:47:34 - INFO - LoginComponent.update_last_access - Actualizado para usuario ID: 1
2025-07-28 14:47:34 - INFO - LoginService.login - Autenticacion exitosa: admin
2025-07-28 14:47:35 - INFO - LoginComponent.get_user_by_id - Consulta para usuario ID: 1
2025-07-28 14:47:35 - INFO - EspecialidadService.get_especialidades - Iniciando
2025-07-28 14:47:35 - INFO - EspecialidadComponent.get_all_especialidades - 55 especialidades encontradas
2025-07-28 14:47:35 - INFO - EspecialidadService.get_especialidades - Especialidades obtenidas exitosamente
2025-07-28 14:47:37 - INFO - LoginComponent.get_user_by_id - Consulta para usuario ID: 1
2025-07-28 14:47:37 - INFO - EspecialidadService.get_especialidades_by_area - Área: terapeutico
2025-07-28 14:47:37 - INFO - EspecialidadComponent.get_especialidades_by_area - 21 especialidades de área terapeutico encontradas
2025-07-28 14:47:37 - INFO - EspecialidadService.get_especialidades_by_area - Especialidades de terapeutico obtenidas
2025-07-28 14:47:37 - INFO - LoginService.login - Intento de autenticacion
2025-07-28 14:47:37 - INFO - LoginComponent.get_user_for_login - Busqueda para usuario: admin
2025-07-28 14:47:37 - INFO - LoginComponent.update_last_access - Actualizado para usuario ID: 1
2025-07-28 14:47:37 - INFO - LoginService.login - Autenticacion exitosa: admin
2025-07-28 14:47:40 - INFO - LoginComponent.get_user_by_id - Consulta para usuario ID: 1
2025-07-28 14:47:40 - INFO - PersonaService.create_persona - Iniciando
2025-07-28 14:47:40 - INFO - LoginComponent.get_user_by_id - Consulta para usuario ID: 1
2025-07-28 14:47:40 - INFO - EspecialidadService.get_especialidades_by_area - Área: terapeutico
2025-07-28 14:47:40 - INFO - PersonaComponent.get_persona_by_id - Persona 27 encontrada
2025-07-28 14:47:40 - INFO - PersonaComponent.create_persona - Persona creada con ID: 27
2025-07-28 14:47:40 - INFO - PersonaService.create_persona - Persona creada exitosamente
2025-07-28 14:47:40 - INFO - EspecialidadComponent.get_especialidades_by_area - 21 especialidades de área terapeutico encontradas
2025-07-28 14:47:40 - INFO - EspecialidadService.get_especialidades_by_area - Especialidades de terapeutico obtenidas
2025-07-28 14:47:43 - INFO - LoginComponent.get_user_by_id - Consulta para usuario ID: 1
2025-07-28 14:47:43 - INFO - EspecialidadService.get_especialidades_activas - Iniciando
2025-07-28 14:47:43 - INFO - EspecialidadComponent.get_especialidades_activas - 55 especialidades activas encontradas
2025-07-28 14:47:43 - INFO - EspecialidadService.get_especialidades_activas - Especialidades activas obtenidas
2025-07-28 14:47:43 - INFO - LoginComponent.get_user_by_id - Consulta para usuario ID: 1
2025-07-28 14:47:43 - INFO - PersonaService.create_persona - Iniciando
2025-07-28 14:47:44 - INFO - PersonaComponent.get_persona_by_id - Persona 28 encontrada
2025-07-28 14:47:44 - INFO - PersonaComponent.create_persona - Persona creada con ID: 28
2025-07-28 14:47:44 - INFO - PersonaService.create_persona - Persona creada exitosamente
2025-07-28 14:47:46 - INFO - LoginComponent.get_user_by_id - Consulta para usuario ID: 1
2025-07-28 14:47:46 - INFO - EspecialidadService.get_especialidades_activas - Iniciando
2025-07-28 14:47:46 - INFO - EspecialidadComponent.get_especialidades_activas - 55 especialidades activas encontradas
2025-07-28 14:47:46 - INFO - EspecialidadService.get_especialidades_activas - Especialidades activas obtenidas
2025-07-28 14:47:46 - INFO - LoginComponent.get_user_by_id - Consulta para usuario ID: 1
2025-07-28 14:47:46 - INFO - PersonalService.get_personal - Iniciando
2025-07-28 14:47:46 - INFO - PersonalComponent.get_all_personal - 6 miembros del personal encontrados
2025-07-28 14:47:46 - INFO - PersonalService.get_personal - Personal obtenido exitosamente
2025-07-28 14:47:48 - INFO - LoginComponent.get_user_by_id - Consulta para usuario ID: 1
2025-07-28 14:47:48 - INFO - EspecialidadService.create_especialidad - Iniciando
2025-07-28 14:47:49 - INFO - LoginComponent.get_user_by_id - Consulta para usuario ID: 1
2025-07-28 14:47:49 - INFO - PersonalService.get_personal - Iniciando
2025-07-28 14:47:49 - INFO - PersonalComponent.get_all_personal - 6 miembros del personal encontrados
2025-07-28 14:47:49 - INFO - PersonalService.get_personal - Personal obtenido exitosamente
2025-07-28 14:47:51 - INFO - LoginComponent.get_user_by_id - Consulta para usuario ID: 1
2025-07-28 14:47:51 - INFO - EspecialidadService.create_especialidad - Iniciando
2025-07-28 14:47:52 - INFO - LoginComponent.get_user_by_id - Consulta para usuario ID: 1
2025-07-28 14:47:52 - INFO - PersonalService.get_personal_by_area - Área: terapeutico
2025-07-28 14:47:53 - INFO - PersonalComponent.get_personal_by_area - 3 personal de área terapeutico encontrado
2025-07-28 14:47:53 - INFO - PersonalService.get_personal_by_area - Personal de terapeutico obtenido
2025-07-28 14:47:54 - INFO - LoginComponent.get_user_by_id - Consulta para usuario ID: 1
2025-07-28 14:47:54 - INFO - EspecialidadService.get_especialidades - Iniciando
2025-07-28 14:47:54 - INFO - EspecialidadComponent.get_all_especialidades - 55 especialidades encontradas
2025-07-28 14:47:54 - INFO - EspecialidadService.get_especialidades - Especialidades obtenidas exitosamente
2025-07-28 14:47:56 - INFO - LoginComponent.get_user_by_id - Consulta para usuario ID: 1
2025-07-28 14:47:56 - INFO - PersonalService.get_personal_by_area - Área: terapeutico
2025-07-28 14:47:56 - INFO - PersonalComponent.get_personal_by_area - 3 personal de área terapeutico encontrado
2025-07-28 14:47:56 - INFO - PersonalService.get_personal_by_area - Personal de terapeutico obtenido
2025-07-28 14:47:58 - INFO - LoginComponent.get_user_by_id - Consulta para usuario ID: 1
2025-07-28 14:47:58 - INFO - EspecialidadService.get_especialidades - Iniciando
2025-07-28 14:47:58 - INFO - EspecialidadComponent.get_all_especialidades - 55 especialidades encontradas
2025-07-28 14:47:58 - INFO - EspecialidadService.get_especialidades - Especialidades obtenidas exitosamente
2025-07-28 14:47:58 - INFO - LoginComponent.get_user_by_id - Consulta para usuario ID: 1
2025-07-28 14:47:58 - INFO - PersonalService.get_estadisticas - Iniciando
2025-07-28 14:47:58 - INFO - PersonalComponent.get_estadisticas_personal - Estadísticas obtenidas
2025-07-28 14:47:58 - INFO - PersonalService.get_estadisticas - Estadísticas obtenidas
2025-07-28 14:48:01 - INFO - LoginComponent.get_user_by_id - Consulta para usuario ID: 1
2025-07-28 14:48:01 - INFO - PersonalService.get_estadisticas - Iniciando
2025-07-28 14:48:01 - INFO - PersonalComponent.get_estadisticas_personal - Estadísticas obtenidas
2025-07-28 14:48:01 - INFO - PersonalService.get_estadisticas - Estadísticas obtenidas
2025-07-28 14:48:02 - INFO - LoginService.login - Intento de autenticacion
2025-07-28 14:48:02 - INFO - LoginComponent.get_user_for_login - Busqueda para usuario: admin
2025-07-28 14:48:03 - INFO - LoginComponent.update_last_access - Actualizado para usuario ID: 1
2025-07-28 14:48:03 - INFO - LoginService.login - Autenticacion exitosa: admin
2025-07-28 14:48:03 - INFO - LoginComponent.get_user_by_id - Consulta para usuario ID: 1
2025-07-28 14:48:03 - INFO - PersonalService.create_personal - Iniciando
2025-07-28 14:48:06 - INFO - LoginService.login - Intento de autenticacion
2025-07-28 14:48:06 - INFO - LoginComponent.get_user_for_login - Busqueda para usuario: admin
2025-07-28 14:48:06 - INFO - LoginComponent.update_last_access - Actualizado para usuario ID: 1
2025-07-28 14:48:06 - INFO - LoginService.login - Autenticacion exitosa: admin
2025-07-28 14:48:07 - INFO - LoginComponent.get_user_by_id - Consulta para usuario ID: 1
2025-07-28 14:48:07 - INFO - PersonalService.create_personal - Iniciando
2025-07-28 14:48:08 - INFO - LoginComponent.get_user_by_id - Consulta para usuario ID: 1
2025-07-28 14:48:08 - INFO - PersonaService.create_persona - Iniciando
2025-07-28 14:48:08 - INFO - PersonaComponent.get_persona_by_id - Persona 29 encontrada
2025-07-28 14:48:08 - INFO - PersonaComponent.create_persona - Persona creada con ID: 29
2025-07-28 14:48:08 - INFO - PersonaService.create_persona - Persona creada exitosamente
2025-07-28 14:48:11 - INFO - LoginService.login - Intento de autenticacion
2025-07-28 14:48:11 - INFO - LoginComponent.get_user_for_login - Busqueda para usuario: admin
2025-07-28 14:48:11 - INFO - LoginComponent.update_last_access - Actualizado para usuario ID: 1
2025-07-28 14:48:11 - INFO - LoginService.login - Autenticacion exitosa: admin
2025-07-28 14:48:12 - INFO - LoginComponent.get_user_by_id - Consulta para usuario ID: 1
2025-07-28 14:48:12 - INFO - PersonaService.create_persona - Iniciando
2025-07-28 14:48:12 - INFO - PersonaComponent.get_persona_by_id - Persona 30 encontrada
2025-07-28 14:48:12 - INFO - PersonaComponent.create_persona - Persona creada con ID: 30
2025-07-28 14:48:12 - INFO - PersonaService.create_persona - Persona creada exitosamente
2025-07-28 14:48:14 - INFO - LoginComponent.get_user_by_id - Consulta para usuario ID: 1
2025-07-28 14:48:14 - INFO - PersonalService.get_personal - Iniciando
2025-07-28 14:48:14 - INFO - PersonalComponent.get_all_personal - 6 miembros del personal encontrados
2025-07-28 14:48:14 - INFO - PersonalService.get_personal - Personal obtenido exitosamente
2025-07-28 14:48:15 - INFO - LoginService.login - Intento de autenticacion
2025-07-28 14:48:15 - INFO - LoginComponent.get_user_for_login - Busqueda para usuario: admin
2025-07-28 14:48:15 - INFO - LoginComponent.update_last_access - Actualizado para usuario ID: 1
2025-07-28 14:48:15 - INFO - LoginService.login - Autenticacion exitosa: admin
2025-07-28 14:48:17 - INFO - LoginComponent.get_user_by_id - Consulta para usuario ID: 1
2025-07-28 14:48:17 - INFO - PersonaService.create_persona - Iniciando
2025-07-28 14:48:17 - INFO - LoginComponent.get_user_by_id - Consulta para usuario ID: 1
2025-07-28 14:48:17 - INFO - PersonalService.get_personal - Iniciando
2025-07-28 14:48:17 - INFO - PersonaComponent.get_persona_by_id - Persona 31 encontrada
2025-07-28 14:48:17 - INFO - PersonaComponent.create_persona - Persona creada con ID: 31
2025-07-28 14:48:17 - INFO - PersonaService.create_persona - Persona creada exitosamente
2025-07-28 14:48:17 - INFO - PersonalComponent.get_all_personal - 6 miembros del personal encontrados
2025-07-28 14:48:17 - INFO - PersonalService.get_personal - Personal obtenido exitosamente
2025-07-28 14:48:20 - INFO - LoginComponent.get_user_by_id - Consulta para usuario ID: 1
2025-07-28 14:48:20 - INFO - PersonaService.create_persona - Iniciando
2025-07-28 14:48:21 - INFO - PersonaComponent.get_persona_by_id - Persona 32 encontrada
2025-07-28 14:48:21 - INFO - PersonaComponent.create_persona - Persona creada con ID: 32
2025-07-28 14:48:21 - INFO - PersonaService.create_persona - Persona creada exitosamente
2025-07-28 14:48:21 - INFO - LoginComponent.get_user_by_id - Consulta para usuario ID: 1
2025-07-28 14:48:21 - INFO - PersonalService.get_personal_by_area - Área: terapeutico
2025-07-28 14:48:21 - INFO - PersonalComponent.get_personal_by_area - 3 personal de área terapeutico encontrado
2025-07-28 14:48:21 - INFO - PersonalService.get_personal_by_area - Personal de terapeutico obtenido
2025-07-28 14:48:23 - INFO - LoginComponent.get_user_by_id - Consulta para usuario ID: 1
2025-07-28 14:48:23 - INFO - TutorService.get_tutores - Iniciando
2025-07-28 14:48:23 - INFO - TutorComponent.get_all_tutores - 9 tutores encontrados
2025-07-28 14:48:23 - INFO - TutorService.get_tutores - Tutores obtenidos exitosamente
2025-07-28 14:48:24 - INFO - LoginComponent.get_user_by_id - Consulta para usuario ID: 1
2025-07-28 14:48:24 - INFO - PersonalService.get_personal_by_area - Área: terapeutico
2025-07-28 14:48:24 - INFO - PersonalComponent.get_personal_by_area - 3 personal de área terapeutico encontrado
2025-07-28 14:48:24 - INFO - PersonalService.get_personal_by_area - Personal de terapeutico obtenido
2025-07-28 14:48:26 - INFO - LoginComponent.get_user_by_id - Consulta para usuario ID: 1
2025-07-28 14:48:26 - INFO - TutorService.get_tutores - Iniciando
2025-07-28 14:48:26 - INFO - TutorComponent.get_all_tutores - 9 tutores encontrados
2025-07-28 14:48:26 - INFO - TutorService.get_tutores - Tutores obtenidos exitosamente
2025-07-28 14:48:26 - INFO - LoginComponent.get_user_by_id - Consulta para usuario ID: 1
2025-07-28 14:48:26 - INFO - PersonalService.get_estadisticas - Iniciando
2025-07-28 14:48:26 - INFO - PersonalComponent.get_estadisticas_personal - Estadísticas obtenidas
2025-07-28 14:48:26 - INFO - PersonalService.get_estadisticas - Estadísticas obtenidas
2025-07-28 14:48:28 - INFO - LoginComponent.get_user_by_id - Consulta para usuario ID: 1
2025-07-28 14:48:28 - INFO - TutorService.get_tutores_activos - Iniciando
2025-07-28 14:48:28 - INFO - TutorComponent.get_tutores_activos - 9 tutores activos encontrados
2025-07-28 14:48:28 - INFO - TutorService.get_tutores_activos - Tutores activos obtenidos
2025-07-28 14:48:29 - INFO - LoginComponent.get_user_by_id - Consulta para usuario ID: 1
2025-07-28 14:48:29 - INFO - PersonalService.get_estadisticas - Iniciando
2025-07-28 14:48:30 - INFO - PersonalComponent.get_estadisticas_personal - Estadísticas obtenidas
2025-07-28 14:48:30 - INFO - PersonalService.get_estadisticas - Estadísticas obtenidas
2025-07-28 14:48:31 - INFO - LoginComponent.get_user_by_id - Consulta para usuario ID: 1
2025-07-28 14:48:31 - INFO - TutorService.get_tutores_activos - Iniciando
2025-07-28 14:48:32 - INFO - TutorComponent.get_tutores_activos - 9 tutores activos encontrados
2025-07-28 14:48:32 - INFO - TutorService.get_tutores_activos - Tutores activos obtenidos
2025-07-28 14:48:32 - INFO - LoginComponent.get_user_by_id - Consulta para usuario ID: 1
2025-07-28 14:48:32 - INFO - PersonalService.create_personal - Iniciando
2025-07-28 14:48:34 - INFO - LoginComponent.get_user_by_id - Consulta para usuario ID: 1
2025-07-28 14:48:34 - INFO - TutorService.create_tutor - Iniciando
2025-07-28 14:48:35 - INFO - LoginComponent.get_user_by_id - Consulta para usuario ID: 1
2025-07-28 14:48:35 - INFO - PersonalService.create_personal - Iniciando
2025-07-28 14:48:37 - INFO - LoginComponent.get_user_by_id - Consulta para usuario ID: 1
2025-07-28 14:48:37 - INFO - TutorService.create_tutor - Iniciando
2025-07-28 14:48:40 - INFO - LoginService.login - Intento de autenticacion
2025-07-28 14:48:40 - INFO - LoginComponent.get_user_for_login - Busqueda para usuario: admin
2025-07-28 14:48:40 - INFO - LoginComponent.update_last_access - Actualizado para usuario ID: 1
2025-07-28 14:48:40 - INFO - LoginService.login - Autenticacion exitosa: admin
2025-07-28 14:48:43 - INFO - LoginService.login - Intento de autenticacion
2025-07-28 14:48:43 - INFO - LoginComponent.get_user_for_login - Busqueda para usuario: admin
2025-07-28 14:48:43 - INFO - LoginService.login - Intento de autenticacion
2025-07-28 14:48:43 - INFO - LoginComponent.update_last_access - Actualizado para usuario ID: 1
2025-07-28 14:48:43 - INFO - LoginService.login - Autenticacion exitosa: admin
2025-07-28 14:48:43 - INFO - LoginComponent.get_user_for_login - Busqueda para usuario: admin
2025-07-28 14:48:43 - INFO - LoginComponent.update_last_access - Actualizado para usuario ID: 1
2025-07-28 14:48:43 - INFO - LoginService.login - Autenticacion exitosa: admin
2025-07-28 14:48:45 - INFO - LoginComponent.get_user_by_id - Consulta para usuario ID: 1
2025-07-28 14:48:45 - INFO - PersonaService.create_persona - Iniciando
2025-07-28 14:48:46 - INFO - PersonaComponent.get_persona_by_id - Persona 33 encontrada
2025-07-28 14:48:46 - INFO - PersonaComponent.create_persona - Persona creada con ID: 33
2025-07-28 14:48:46 - INFO - PersonaService.create_persona - Persona creada exitosamente
2025-07-28 14:48:46 - INFO - LoginService.login - Intento de autenticacion
2025-07-28 14:48:46 - INFO - LoginComponent.get_user_for_login - Busqueda para usuario: admin
2025-07-28 14:48:46 - INFO - LoginComponent.update_last_access - Actualizado para usuario ID: 1
2025-07-28 14:48:46 - INFO - LoginService.login - Autenticacion exitosa: admin
2025-07-28 14:48:49 - INFO - LoginComponent.get_user_by_id - Consulta para usuario ID: 1
2025-07-28 14:48:49 - INFO - PersonaService.create_persona - Iniciando
2025-07-28 14:48:49 - INFO - PersonaComponent.get_persona_by_id - Persona 34 encontrada
2025-07-28 14:48:49 - INFO - PersonaComponent.create_persona - Persona creada con ID: 34
2025-07-28 14:48:49 - INFO - PersonaService.create_persona - Persona creada exitosamente
2025-07-28 14:48:49 - INFO - LoginComponent.get_user_by_id - Consulta para usuario ID: 1
2025-07-28 14:48:49 - INFO - PersonaService.create_persona - Iniciando
2025-07-28 14:48:49 - INFO - PersonaComponent.get_persona_by_id - Persona 35 encontrada
2025-07-28 14:48:49 - INFO - PersonaComponent.create_persona - Persona creada con ID: 35
2025-07-28 14:48:49 - INFO - PersonaService.create_persona - Persona creada exitosamente
2025-07-28 14:48:51 - INFO - LoginComponent.get_user_by_id - Consulta para usuario ID: 1
2025-07-28 14:48:51 - INFO - TutorService.get_tutores - Iniciando
2025-07-28 14:48:51 - INFO - TutorComponent.get_all_tutores - 9 tutores encontrados
2025-07-28 14:48:51 - INFO - TutorService.get_tutores - Tutores obtenidos exitosamente
2025-07-28 14:48:52 - INFO - LoginComponent.get_user_by_id - Consulta para usuario ID: 1
2025-07-28 14:48:52 - INFO - PersonaService.create_persona - Iniciando
2025-07-28 14:48:52 - INFO - PersonaComponent.get_persona_by_id - Persona 36 encontrada
2025-07-28 14:48:52 - INFO - PersonaComponent.create_persona - Persona creada con ID: 36
2025-07-28 14:48:52 - INFO - PersonaService.create_persona - Persona creada exitosamente
2025-07-28 14:48:54 - INFO - LoginComponent.get_user_by_id - Consulta para usuario ID: 1
2025-07-28 14:48:54 - INFO - TutorService.get_tutores - Iniciando
2025-07-28 14:48:54 - INFO - TutorComponent.get_all_tutores - 9 tutores encontrados
2025-07-28 14:48:54 - INFO - TutorService.get_tutores - Tutores obtenidos exitosamente
2025-07-28 14:48:57 - INFO - LoginComponent.get_user_by_id - Consulta para usuario ID: 1
2025-07-28 14:48:57 - INFO - PacienteService.get_estadisticas - Iniciando
2025-07-28 14:48:57 - INFO - LoginComponent.get_user_by_id - Consulta para usuario ID: 1
2025-07-28 14:48:57 - INFO - TutorService.get_tutores_activos - Iniciando
2025-07-28 14:48:57 - INFO - PacienteComponent.get_estadisticas_pacientes - Estadísticas obtenidas
2025-07-28 14:48:57 - INFO - PacienteService.get_estadisticas - Estadísticas obtenidas
2025-07-28 14:48:57 - INFO - TutorComponent.get_tutores_activos - 9 tutores activos encontrados
2025-07-28 14:48:57 - INFO - TutorService.get_tutores_activos - Tutores activos obtenidos
2025-07-28 14:49:00 - INFO - LoginComponent.get_user_by_id - Consulta para usuario ID: 1
2025-07-28 14:49:00 - INFO - PacienteService.get_estadisticas - Iniciando
2025-07-28 14:49:00 - INFO - LoginComponent.get_user_by_id - Consulta para usuario ID: 1
2025-07-28 14:49:00 - INFO - TutorService.get_tutores_activos - Iniciando
2025-07-28 14:49:00 - INFO - TutorComponent.get_tutores_activos - 9 tutores activos encontrados
2025-07-28 14:49:00 - INFO - TutorService.get_tutores_activos - Tutores activos obtenidos
2025-07-28 14:49:00 - INFO - PacienteComponent.get_estadisticas_pacientes - Estadísticas obtenidas
2025-07-28 14:49:00 - INFO - PacienteService.get_estadisticas - Estadísticas obtenidas
2025-07-28 14:49:02 - INFO - LoginComponent.get_user_by_id - Consulta para usuario ID: 1
2025-07-28 14:49:02 - INFO - TutorService.create_tutor - Iniciando
2025-07-28 14:49:02 - INFO - LoginComponent.get_user_by_id - Consulta para usuario ID: 1
2025-07-28 14:49:02 - INFO - PacienteService.create_paciente - Iniciando
2025-07-28 14:49:05 - INFO - LoginComponent.get_user_by_id - Consulta para usuario ID: 1
2025-07-28 14:49:05 - INFO - TutorService.create_tutor - Iniciando
2025-07-28 14:49:05 - INFO - LoginComponent.get_user_by_id - Consulta para usuario ID: 1
2025-07-28 14:49:05 - INFO - PacienteService.create_paciente - Iniciando
2025-07-28 14:49:10 - INFO - LoginService.login - Intento de autenticacion
2025-07-28 14:49:10 - INFO - LoginComponent.get_user_for_login - Busqueda para usuario: admin
2025-07-28 14:49:10 - INFO - LoginComponent.update_last_access - Actualizado para usuario ID: 1
2025-07-28 14:49:10 - INFO - LoginService.login - Autenticacion exitosa: admin
2025-07-28 14:49:11 - INFO - LoginService.login - Intento de autenticacion
2025-07-28 14:49:11 - INFO - LoginComponent.get_user_for_login - Busqueda para usuario: admin
2025-07-28 14:49:12 - INFO - LoginComponent.update_last_access - Actualizado para usuario ID: 1
2025-07-28 14:49:12 - INFO - LoginService.login - Autenticacion exitosa: admin
2025-07-28 14:49:13 - INFO - LoginService.login - Intento de autenticacion
2025-07-28 14:49:13 - INFO - LoginComponent.get_user_for_login - Busqueda para usuario: admin
2025-07-28 14:49:14 - INFO - LoginComponent.update_last_access - Actualizado para usuario ID: 1
2025-07-28 14:49:14 - INFO - LoginService.login - Autenticacion exitosa: admin
2025-07-28 14:49:15 - INFO - LoginService.login - Intento de autenticacion
2025-07-28 14:49:15 - INFO - LoginComponent.get_user_for_login - Busqueda para usuario: admin
2025-07-28 14:49:15 - INFO - LoginComponent.update_last_access - Actualizado para usuario ID: 1
2025-07-28 14:49:15 - INFO - LoginService.login - Autenticacion exitosa: admin
2025-07-28 14:49:16 - INFO - LoginComponent.get_user_by_id - Consulta para usuario ID: 1
2025-07-28 14:49:16 - INFO - PersonaService.create_persona - Iniciando
2025-07-28 14:49:16 - INFO - PersonaComponent.get_persona_by_id - Persona 37 encontrada
2025-07-28 14:49:16 - INFO - PersonaComponent.create_persona - Persona creada con ID: 37
2025-07-28 14:49:16 - INFO - PersonaService.create_persona - Persona creada exitosamente
2025-07-28 14:49:17 - INFO - LoginComponent.get_user_by_id - Consulta para usuario ID: 1
2025-07-28 14:49:17 - INFO - PersonaService.create_persona - Iniciando
2025-07-28 14:49:17 - INFO - PersonaComponent.get_persona_by_id - Persona 38 encontrada
2025-07-28 14:49:17 - INFO - PersonaComponent.create_persona - Persona creada con ID: 38
2025-07-28 14:49:17 - INFO - PersonaService.create_persona - Persona creada exitosamente
2025-07-28 14:49:19 - INFO - LoginComponent.get_user_by_id - Consulta para usuario ID: 1
2025-07-28 14:49:19 - INFO - PersonaService.create_persona - Iniciando
2025-07-28 14:49:20 - INFO - PersonaComponent.get_persona_by_id - Persona 39 encontrada
2025-07-28 14:49:20 - INFO - PersonaComponent.create_persona - Persona creada con ID: 39
2025-07-28 14:49:20 - INFO - PersonaService.create_persona - Persona creada exitosamente
2025-07-28 14:49:20 - INFO - LoginComponent.get_user_by_id - Consulta para usuario ID: 1
2025-07-28 14:49:20 - INFO - PersonaService.create_persona - Iniciando
2025-07-28 14:49:21 - INFO - PersonaComponent.get_persona_by_id - Persona 40 encontrada
2025-07-28 14:49:21 - INFO - PersonaComponent.create_persona - Persona creada con ID: 40
2025-07-28 14:49:21 - INFO - PersonaService.create_persona - Persona creada exitosamente
2025-07-28 14:49:23 - INFO - LoginComponent.get_user_by_id - Consulta para usuario ID: 1
2025-07-28 14:49:23 - INFO - LoginService.verify_token - Token verificado correctamente
2025-07-28 14:49:25 - INFO - LoginComponent.get_user_by_id - Consulta para usuario ID: 1
2025-07-28 14:49:25 - INFO - PacienteService.get_estadisticas - Iniciando
2025-07-28 14:49:25 - INFO - PacienteComponent.get_estadisticas_pacientes - Estadísticas obtenidas
2025-07-28 14:49:25 - INFO - PacienteService.get_estadisticas - Estadísticas obtenidas
2025-07-28 14:49:26 - INFO - LoginComponent.get_user_by_id - Consulta para usuario ID: 1
2025-07-28 14:49:26 - INFO - LoginService.verify_token - Token verificado correctamente
2025-07-28 14:49:28 - INFO - LoginComponent.get_user_by_id - Consulta para usuario ID: 1
2025-07-28 14:49:28 - INFO - RolService.get_roles - Iniciando
2025-07-28 14:49:28 - INFO - RolService.get_roles - 4 roles encontrados
2025-07-28 14:49:28 - INFO - LoginComponent.get_user_by_id - Consulta para usuario ID: 1
2025-07-28 14:49:28 - INFO - PacienteService.get_estadisticas - Iniciando
2025-07-28 14:49:28 - INFO - PacienteComponent.get_estadisticas_pacientes - Estadísticas obtenidas
2025-07-28 14:49:28 - INFO - PacienteService.get_estadisticas - Estadísticas obtenidas
2025-07-28 14:49:31 - INFO - LoginComponent.get_user_by_id - Consulta para usuario ID: 1
2025-07-28 14:49:31 - INFO - PacienteService.create_paciente - Iniciando
2025-07-28 14:49:31 - INFO - LoginComponent.get_user_by_id - Consulta para usuario ID: 1
2025-07-28 14:49:31 - INFO - RolService.get_roles - Iniciando
2025-07-28 14:49:31 - INFO - RolService.get_roles - 4 roles encontrados
2025-07-28 14:49:34 - INFO - LoginComponent.get_user_by_id - Consulta para usuario ID: 1
2025-07-28 14:49:34 - INFO - UsuarioService.create_usuario - Iniciando
2025-07-28 14:49:34 - INFO - LoginComponent.get_user_by_id - Consulta para usuario ID: 1
2025-07-28 14:49:34 - INFO - PacienteService.create_paciente - Iniciando
2025-07-28 14:49:37 - INFO - LoginComponent.get_user_by_id - Consulta para usuario ID: 1
2025-07-28 14:49:37 - INFO - UsuarioService.create_usuario - Iniciando
2025-07-28 14:49:38 - INFO - LoginService.login - Intento de autenticacion
2025-07-28 14:49:39 - INFO - LoginComponent.get_user_for_login - Busqueda para usuario: admin
2025-07-28 14:49:39 - INFO - LoginComponent.update_last_access - Actualizado para usuario ID: 1
2025-07-28 14:49:39 - INFO - LoginService.login - Autenticacion exitosa: admin
2025-07-28 14:49:42 - INFO - LoginService.login - Intento de autenticacion
2025-07-28 14:49:42 - INFO - LoginComponent.get_user_for_login - Busqueda para usuario: admin
2025-07-28 14:49:42 - INFO - LoginComponent.update_last_access - Actualizado para usuario ID: 1
2025-07-28 14:49:42 - INFO - LoginService.login - Autenticacion exitosa: admin
2025-07-28 14:49:44 - INFO - LoginComponent.get_user_by_id - Consulta para usuario ID: 1
2025-07-28 14:49:44 - INFO - PersonaService.get_personas - Iniciando
2025-07-28 14:49:44 - INFO - PersonaComponent.get_all_personas - 40 personas encontradas
2025-07-28 14:49:44 - INFO - PersonaService.get_personas - Personas obtenidas exitosamente
2025-07-28 14:49:44 - INFO - LoginComponent.get_user_by_id - Consulta para usuario ID: 1
2025-07-28 14:49:44 - INFO - PersonaService.create_persona - Iniciando
2025-07-28 14:49:45 - INFO - PersonaComponent.get_persona_by_id - Persona 41 encontrada
2025-07-28 14:49:45 - INFO - PersonaComponent.create_persona - Persona creada con ID: 41
2025-07-28 14:49:45 - INFO - PersonaService.create_persona - Persona creada exitosamente
2025-07-28 14:49:46 - INFO - LoginComponent.get_user_by_id - Consulta para usuario ID: 1
2025-07-28 14:49:46 - INFO - EspecialidadService.get_especialidades - Iniciando
2025-07-28 14:49:47 - INFO - EspecialidadComponent.get_all_especialidades - 55 especialidades encontradas
2025-07-28 14:49:47 - INFO - EspecialidadService.get_especialidades - Especialidades obtenidas exitosamente
2025-07-28 14:49:48 - INFO - LoginComponent.get_user_by_id - Consulta para usuario ID: 1
2025-07-28 14:49:48 - INFO - PersonaService.create_persona - Iniciando
2025-07-28 14:49:48 - INFO - PersonaComponent.get_persona_by_id - Persona 42 encontrada
2025-07-28 14:49:48 - INFO - PersonaComponent.create_persona - Persona creada con ID: 42
2025-07-28 14:49:48 - INFO - PersonaService.create_persona - Persona creada exitosamente
2025-07-28 14:49:49 - INFO - LoginComponent.get_user_by_id - Consulta para usuario ID: 1
2025-07-28 14:49:49 - INFO - PersonalService.get_personal - Iniciando
2025-07-28 14:49:49 - INFO - PersonalComponent.get_all_personal - 6 miembros del personal encontrados
2025-07-28 14:49:49 - INFO - PersonalService.get_personal - Personal obtenido exitosamente
2025-07-28 14:49:51 - INFO - LoginComponent.get_user_by_id - Consulta para usuario ID: 1
2025-07-28 14:49:51 - INFO - UsuarioService.get_usuarios - Iniciando
2025-07-28 14:49:51 - INFO - UsuarioComponent.get_all_usuarios - 8 usuarios encontrados
2025-07-28 14:49:51 - INFO - UsuarioService.get_usuarios - Usuarios obtenidos exitosamente
2025-07-28 14:49:51 - INFO - LoginComponent.get_user_by_id - Consulta para usuario ID: 1
2025-07-28 14:49:51 - INFO - LoginService.verify_token - Token verificado correctamente
2025-07-28 14:49:53 - INFO - LoginComponent.get_user_by_id - Consulta para usuario ID: 1
2025-07-28 14:49:53 - INFO - RolService.get_roles - Iniciando
2025-07-28 14:49:53 - INFO - RolService.get_roles - 4 roles encontrados
2025-07-28 14:49:54 - INFO - LoginComponent.get_user_by_id - Consulta para usuario ID: 1
2025-07-28 14:49:54 - INFO - LoginService.verify_token - Token verificado correctamente
2025-07-28 14:49:55 - INFO - LoginComponent.get_user_by_id - Consulta para usuario ID: 1
2025-07-28 14:49:55 - INFO - TutorService.get_tutores - Iniciando
2025-07-28 14:49:55 - INFO - TutorComponent.get_all_tutores - 9 tutores encontrados
2025-07-28 14:49:55 - INFO - TutorService.get_tutores - Tutores obtenidos exitosamente
2025-07-28 14:49:57 - INFO - LoginComponent.get_user_by_id - Consulta para usuario ID: 1
2025-07-28 14:49:57 - INFO - RolService.get_roles - Iniciando
2025-07-28 14:49:57 - INFO - RolService.get_roles - 4 roles encontrados
2025-07-28 14:49:57 - INFO - LoginComponent.get_user_by_id - Consulta para usuario ID: 1
2025-07-28 14:49:57 - INFO - PacienteService.get_pacientes - Iniciando
2025-07-28 14:49:58 - INFO - PacienteComponent.get_all_pacientes - 9 pacientes encontrados
2025-07-28 14:49:58 - INFO - PacienteService.get_pacientes - Pacientes obtenidos exitosamente
2025-07-28 14:50:00 - INFO - LoginComponent.get_user_by_id - Consulta para usuario ID: 1
2025-07-28 14:50:00 - INFO - RolService.get_roles - Iniciando
2025-07-28 14:50:00 - INFO - RolService.get_roles - 4 roles encontrados
2025-07-28 14:50:02 - INFO - LoginComponent.get_user_by_id - Consulta para usuario ID: 1
2025-07-28 14:50:02 - INFO - UsuarioService.create_usuario - Iniciando
2025-07-28 14:50:05 - INFO - LoginComponent.get_user_by_id - Consulta para usuario ID: 1
2025-07-28 14:50:05 - INFO - UsuarioService.create_usuario - Iniciando
2025-07-28 14:50:13 - INFO - LoginComponent.get_user_by_id - Consulta para usuario ID: 1
2025-07-28 14:50:13 - INFO - PersonaService.get_personas - Iniciando
2025-07-28 14:50:13 - INFO - PersonaComponent.get_all_personas - 42 personas encontradas
2025-07-28 14:50:13 - INFO - PersonaService.get_personas - Personas obtenidas exitosamente
2025-07-28 14:50:15 - INFO - LoginComponent.get_user_by_id - Consulta para usuario ID: 1
2025-07-28 14:50:15 - INFO - EspecialidadService.get_especialidades - Iniciando
2025-07-28 14:50:15 - INFO - EspecialidadComponent.get_all_especialidades - 55 especialidades encontradas
2025-07-28 14:50:15 - INFO - EspecialidadService.get_especialidades - Especialidades obtenidas exitosamente
2025-07-28 14:50:17 - INFO - LoginComponent.get_user_by_id - Consulta para usuario ID: 1
2025-07-28 14:50:17 - INFO - PersonalService.get_personal - Iniciando
2025-07-28 14:50:17 - INFO - PersonalComponent.get_all_personal - 6 miembros del personal encontrados
2025-07-28 14:50:17 - INFO - PersonalService.get_personal - Personal obtenido exitosamente
2025-07-28 14:50:19 - INFO - LoginComponent.get_user_by_id - Consulta para usuario ID: 1
2025-07-28 14:50:19 - INFO - UsuarioService.get_usuarios - Iniciando
2025-07-28 14:50:19 - INFO - UsuarioComponent.get_all_usuarios - 8 usuarios encontrados
2025-07-28 14:50:19 - INFO - UsuarioService.get_usuarios - Usuarios obtenidos exitosamente
2025-07-28 14:50:21 - INFO - LoginComponent.get_user_by_id - Consulta para usuario ID: 1
2025-07-28 14:50:21 - INFO - RolService.get_roles - Iniciando
2025-07-28 14:50:21 - INFO - RolService.get_roles - 4 roles encontrados
2025-07-28 14:50:24 - INFO - LoginComponent.get_user_by_id - Consulta para usuario ID: 1
2025-07-28 14:50:24 - INFO - TutorService.get_tutores - Iniciando
2025-07-28 14:50:24 - INFO - TutorComponent.get_all_tutores - 9 tutores encontrados
2025-07-28 14:50:24 - INFO - TutorService.get_tutores - Tutores obtenidos exitosamente
2025-07-28 14:50:26 - INFO - LoginComponent.get_user_by_id - Consulta para usuario ID: 1
2025-07-28 14:50:26 - INFO - PacienteService.get_pacientes - Iniciando
2025-07-28 14:50:26 - INFO - PacienteComponent.get_all_pacientes - 9 pacientes encontrados
2025-07-28 14:50:26 - INFO - PacienteService.get_pacientes - Pacientes obtenidos exitosamente
2025-07-28 14:50:32 - INFO - app - Iniciando Sistema Tía Glenda Backend
2025-07-28 14:50:42 - INFO - app - Iniciando Sistema Tía Glenda Backend
2025-07-28 14:50:47 - INFO - test_database - Conexion a base de datos exitosa
2025-07-28 14:51:19 - INFO - app - Iniciando Sistema Tía Glenda Backend
2025-07-28 14:51:19 - INFO - app - Iniciando Sistema Tía Glenda Backend
2025-07-28 14:51:56 - INFO - LoginService.login - Intento de autenticacion
2025-07-28 14:51:56 - INFO - LoginComponent.get_user_for_login - Busqueda para usuario: admin
2025-07-28 14:51:56 - INFO - LoginComponent.update_last_access - Actualizado para usuario ID: 1
2025-07-28 14:51:56 - INFO - LoginService.login - Autenticacion exitosa: admin
2025-07-28 14:52:00 - INFO - LoginService.login - Intento de autenticacion
2025-07-28 14:52:00 - INFO - LoginComponent.get_user_for_login - Busqueda para usuario: admin
2025-07-28 14:52:01 - INFO - LoginComponent.update_last_access - Actualizado para usuario ID: 1
2025-07-28 14:52:01 - INFO - LoginService.login - Autenticacion exitosa: admin
2025-07-28 14:52:04 - INFO - LoginService.login - Intento de autenticacion
2025-07-28 14:52:04 - INFO - LoginComponent.get_user_for_login - Busqueda para usuario: admin
2025-07-28 14:52:04 - INFO - LoginComponent.update_last_access - Actualizado para usuario ID: 1
2025-07-28 14:52:04 - INFO - LoginService.login - Autenticacion exitosa: admin
2025-07-28 14:52:06 - INFO - LoginService.login - Intento de autenticacion
2025-07-28 14:52:06 - INFO - LoginComponent.get_user_for_login - Busqueda para usuario: usuario_inexistente
2025-07-28 14:52:06 - INFO - LoginService.login - Usuario no encontrado: usuario_inexistente
2025-07-28 14:52:09 - INFO - LoginService.login - Intento de autenticacion
2025-07-28 14:52:09 - INFO - LoginComponent.get_user_for_login - Busqueda para usuario: usuario_inexistente
2025-07-28 14:52:09 - INFO - LoginService.login - Usuario no encontrado: usuario_inexistente
2025-07-28 14:52:12 - INFO - LoginComponent.get_user_by_id - Consulta para usuario ID: 1
2025-07-28 14:52:12 - INFO - LoginService.verify_token - Token verificado correctamente
2025-07-28 14:52:15 - INFO - LoginComponent.get_user_by_id - Consulta para usuario ID: 1
2025-07-28 14:52:15 - INFO - LoginService.verify_token - Token verificado correctamente
2025-07-28 14:52:17 - INFO - LoginComponent.get_user_by_id - Consulta para usuario ID: 1
2025-07-28 14:52:17 - INFO - Información solicitada para usuario: admin
2025-07-28 14:52:20 - INFO - LoginComponent.get_user_by_id - Consulta para usuario ID: 1
2025-07-28 14:52:20 - INFO - Información solicitada para usuario: admin
2025-07-28 14:52:22 - INFO - LoginComponent.get_user_by_id - Consulta para usuario ID: 1
2025-07-28 14:52:22 - INFO - Logout solicitado
2025-07-28 14:52:25 - INFO - LoginComponent.get_user_by_id - Consulta para usuario ID: 1
2025-07-28 14:52:25 - INFO - Logout solicitado
2025-07-28 14:52:28 - INFO - LoginService.login - Intento de autenticacion
2025-07-28 14:52:28 - INFO - LoginComponent.get_user_for_login - Busqueda para usuario: admin
2025-07-28 14:52:28 - INFO - LoginComponent.update_last_access - Actualizado para usuario ID: 1
2025-07-28 14:52:28 - INFO - LoginService.login - Autenticacion exitosa: admin
2025-07-28 14:52:30 - INFO - LoginComponent.get_user_by_id - Consulta para usuario ID: 1
2025-07-28 14:52:30 - INFO - LoginService.verify_token - Token verificado correctamente
2025-07-28 14:52:32 - INFO - LoginComponent.get_user_by_id - Consulta para usuario ID: 1
2025-07-28 14:52:32 - INFO - Información solicitada para usuario: admin
2025-07-28 14:52:34 - INFO - LoginComponent.get_user_by_id - Consulta para usuario ID: 1
2025-07-28 14:52:34 - INFO - RolService.get_roles - Iniciando
2025-07-28 14:52:34 - INFO - RolService.get_roles - 4 roles encontrados
2025-07-28 14:52:36 - INFO - LoginComponent.get_user_by_id - Consulta para usuario ID: 1
2025-07-28 14:52:36 - INFO - Logout solicitado
2025-07-28 14:52:40 - INFO - LoginService.login - Intento de autenticacion
2025-07-28 14:52:40 - INFO - LoginComponent.get_user_for_login - Busqueda para usuario: admin
2025-07-28 14:52:40 - INFO - LoginComponent.update_last_access - Actualizado para usuario ID: 1
2025-07-28 14:52:40 - INFO - LoginService.login - Autenticacion exitosa: admin
2025-07-28 14:52:42 - INFO - LoginComponent.get_user_by_id - Consulta para usuario ID: 1
2025-07-28 14:52:42 - INFO - LoginService.verify_token - Token verificado correctamente
2025-07-28 14:52:44 - INFO - LoginComponent.get_user_by_id - Consulta para usuario ID: 1
2025-07-28 14:52:44 - INFO - Información solicitada para usuario: admin
2025-07-28 14:52:47 - INFO - LoginComponent.get_user_by_id - Consulta para usuario ID: 1
2025-07-28 14:52:47 - INFO - RolService.get_roles - Iniciando
2025-07-28 14:52:47 - INFO - RolService.get_roles - 4 roles encontrados
2025-07-28 14:52:49 - INFO - LoginComponent.get_user_by_id - Consulta para usuario ID: 1
2025-07-28 14:52:49 - INFO - Logout solicitado
2025-07-28 14:52:51 - INFO - LoginService.login - Intento de autenticacion
2025-07-28 14:52:51 - INFO - LoginComponent.get_user_for_login - Busqueda para usuario: usuario_inexistente
2025-07-28 14:52:51 - INFO - LoginService.login - Usuario no encontrado: usuario_inexistente
2025-07-28 14:52:54 - INFO - LoginService.login - Intento de autenticacion
2025-07-28 14:52:54 - INFO - LoginComponent.get_user_for_login - Busqueda para usuario: usuario_inexistente
2025-07-28 14:52:54 - INFO - LoginService.login - Usuario no encontrado: usuario_inexistente
2025-07-28 14:52:59 - INFO - LoginService.login - Intento de autenticacion
2025-07-28 14:52:59 - INFO - LoginComponent.get_user_for_login - Busqueda para usuario: admin
2025-07-28 14:52:59 - INFO - LoginComponent.update_last_access - Actualizado para usuario ID: 1
2025-07-28 14:52:59 - INFO - LoginService.login - Autenticacion exitosa: admin
2025-07-28 14:53:02 - INFO - LoginService.login - Intento de autenticacion
2025-07-28 14:53:02 - INFO - LoginComponent.get_user_for_login - Busqueda para usuario: admin
2025-07-28 14:53:03 - INFO - LoginComponent.update_last_access - Actualizado para usuario ID: 1
2025-07-28 14:53:03 - INFO - LoginService.login - Autenticacion exitosa: admin
2025-07-28 14:53:05 - INFO - LoginComponent.get_user_by_id - Consulta para usuario ID: 1
2025-07-28 14:53:05 - INFO - RolService.get_roles - Iniciando
2025-07-28 14:53:05 - INFO - RolService.get_roles - 4 roles encontrados
2025-07-28 14:53:08 - INFO - LoginComponent.get_user_by_id - Consulta para usuario ID: 1
2025-07-28 14:53:08 - INFO - RolService.get_roles - Iniciando
2025-07-28 14:53:08 - INFO - RolService.get_roles - 4 roles encontrados
2025-07-28 14:53:12 - INFO - Acceso a ruta de prueba
2025-07-28 14:53:18 - INFO - LoginComponent.get_user_by_id - Consulta para usuario ID: 1
2025-07-28 14:53:18 - INFO - UsuarioService.get_usuarios - Iniciando
2025-07-28 14:53:18 - INFO - UsuarioComponent.get_all_usuarios - 8 usuarios encontrados
2025-07-28 14:53:18 - INFO - UsuarioService.get_usuarios - Usuarios obtenidos exitosamente
2025-07-28 14:53:21 - INFO - LoginComponent.get_user_by_id - Consulta para usuario ID: 1
2025-07-28 14:53:21 - INFO - UsuarioService.get_usuarios - Iniciando
2025-07-28 14:53:21 - INFO - UsuarioComponent.get_all_usuarios - 8 usuarios encontrados
2025-07-28 14:53:21 - INFO - UsuarioService.get_usuarios - Usuarios obtenidos exitosamente
2025-07-28 14:53:23 - INFO - LoginComponent.get_user_by_id - Consulta para usuario ID: 1
2025-07-28 14:53:23 - INFO - RolService.get_roles - Iniciando
2025-07-28 14:53:23 - INFO - RolService.get_roles - 4 roles encontrados
2025-07-28 14:53:25 - INFO - LoginComponent.get_user_by_id - Consulta para usuario ID: 1
2025-07-28 14:53:25 - INFO - RolService.get_roles - Iniciando
2025-07-28 14:53:25 - INFO - RolService.get_roles - 4 roles encontrados
2025-07-28 14:53:28 - INFO - LoginComponent.get_user_by_id - Consulta para usuario ID: 1
2025-07-28 14:53:28 - INFO - RolService.get_roles - Iniciando
2025-07-28 14:53:28 - INFO - RolService.get_roles - 4 roles encontrados
2025-07-28 14:53:30 - INFO - LoginComponent.get_user_by_id - Consulta para usuario ID: 1
2025-07-28 14:53:30 - INFO - RolService.get_roles - Iniciando
2025-07-28 14:53:30 - INFO - RolService.get_roles - 4 roles encontrados
2025-07-28 14:53:32 - INFO - LoginComponent.get_user_by_id - Consulta para usuario ID: 1
2025-07-28 14:53:32 - INFO - RolService.get_roles - Iniciando
2025-07-28 14:53:32 - INFO - RolService.get_roles - 4 roles encontrados
2025-07-28 14:53:35 - INFO - LoginComponent.get_user_by_id - Consulta para usuario ID: 1
2025-07-28 14:53:35 - INFO - RolService.get_roles - Iniciando
2025-07-28 14:53:35 - INFO - RolService.get_roles - 4 roles encontrados
2025-07-28 14:53:37 - INFO - LoginComponent.get_user_by_id - Consulta para usuario ID: 1
2025-07-28 14:53:37 - INFO - RolService.get_roles - Iniciando
2025-07-28 14:53:37 - INFO - RolService.get_roles - 4 roles encontrados
2025-07-28 14:53:39 - INFO - LoginComponent.get_user_by_id - Consulta para usuario ID: 1
2025-07-28 14:53:39 - INFO - RolService.get_roles - Iniciando
2025-07-28 14:53:39 - INFO - RolService.get_roles - 4 roles encontrados
2025-07-28 14:53:41 - INFO - LoginComponent.get_user_by_id - Consulta para usuario ID: 1
2025-07-28 14:53:41 - INFO - RolService.get_roles - Iniciando
2025-07-28 14:53:41 - INFO - RolService.get_roles - 4 roles encontrados
2025-07-28 14:53:44 - INFO - LoginComponent.get_user_by_id - Consulta para usuario ID: 1
2025-07-28 14:53:44 - INFO - RolService.get_roles - Iniciando
2025-07-28 14:53:44 - INFO - RolService.get_roles - 4 roles encontrados
2025-07-28 14:53:45 - INFO - LoginService.login - Intento de autenticacion
2025-07-28 14:53:45 - INFO - LoginComponent.get_user_for_login - Busqueda para usuario: admin
2025-07-28 14:53:45 - INFO - LoginComponent.update_last_access - Actualizado para usuario ID: 1
2025-07-28 14:53:45 - INFO - LoginService.login - Autenticacion exitosa: admin
2025-07-28 14:53:48 - INFO - LoginComponent.get_user_by_id - Consulta para usuario ID: 1
2025-07-28 14:53:48 - INFO - EspecialidadService.get_especialidades - Iniciando
2025-07-28 14:53:48 - INFO - EspecialidadComponent.get_all_especialidades - 55 especialidades encontradas
2025-07-28 14:53:48 - INFO - EspecialidadService.get_especialidades - Especialidades obtenidas exitosamente
2025-07-28 14:53:49 - INFO - LoginService.login - Intento de autenticacion
2025-07-28 14:53:49 - INFO - LoginComponent.get_user_for_login - Busqueda para usuario: admin
2025-07-28 14:53:49 - INFO - LoginComponent.update_last_access - Actualizado para usuario ID: 1
2025-07-28 14:53:49 - INFO - LoginService.login - Autenticacion exitosa: admin
2025-07-28 14:53:50 - INFO - LoginComponent.get_user_by_id - Consulta para usuario ID: 1
2025-07-28 14:53:50 - INFO - SesionTerapiaService.get_terapeutas_disponibles - Iniciando
2025-07-28 14:53:50 - INFO - SesionTerapiaComponent.get_terapeutas_disponibles - 6 terapeutas disponibles
2025-07-28 14:53:50 - INFO - SesionTerapiaService.get_terapeutas_disponibles - 6 terapeutas disponibles
2025-07-28 14:53:52 - INFO - LoginComponent.get_user_by_id - Consulta para usuario ID: 1
2025-07-28 14:53:52 - INFO - SesionTerapiaService.get_pacientes_disponibles - Iniciando
2025-07-28 14:53:52 - INFO - LoginService.login - Intento de autenticacion
2025-07-28 14:53:52 - INFO - SesionTerapiaComponent.get_pacientes_disponibles - 9 pacientes disponibles
2025-07-28 14:53:52 - INFO - SesionTerapiaService.get_pacientes_disponibles - 9 pacientes disponibles
2025-07-28 14:53:52 - INFO - LoginComponent.get_user_for_login - Busqueda para usuario: admin
2025-07-28 14:53:52 - INFO - LoginComponent.update_last_access - Actualizado para usuario ID: 1
2025-07-28 14:53:52 - INFO - LoginService.login - Autenticacion exitosa: admin
2025-07-28 14:53:54 - INFO - LoginComponent.get_user_by_id - Consulta para usuario ID: 1
2025-07-28 14:53:54 - INFO - SesionTerapiaService.get_sesiones - Iniciando
2025-07-28 14:53:54 - INFO - SesionTerapiaComponent.get_sesiones - Sesiones obtenidas exitosamente
2025-07-28 14:53:54 - INFO - SesionTerapiaService.get_sesiones - Sesiones obtenidas exitosamente
2025-07-28 14:53:55 - INFO - LoginComponent.get_user_by_id - Consulta para usuario ID: 1
2025-07-28 14:53:55 - INFO - PersonaService.get_personas - Iniciando
2025-07-28 14:53:55 - INFO - PersonaComponent.get_all_personas - 42 personas encontradas
2025-07-28 14:53:55 - INFO - PersonaService.get_personas - Personas obtenidas exitosamente
2025-07-28 14:53:57 - INFO - LoginComponent.get_user_by_id - Consulta para usuario ID: 1
2025-07-28 14:53:57 - INFO - SesionTerapiaService.create_sesion - Iniciando
2025-07-28 14:53:57 - INFO - SesionTerapiaComponent.create_sesion - Sesión creada con ID: 6, Código: ST-2025-006
2025-07-28 14:53:57 - INFO - Cronograma sesión 6: 10/12 generadas
2025-07-28 14:53:57 - INFO - SesionTerapiaComponent.generar_cronograma - 12 sesiones programadas para sesión 6
2025-07-28 14:53:57 - INFO - SesionTerapiaComponent.create_sesion - Cronograma generado para sesión 6
2025-07-28 14:53:58 - INFO - LoginComponent.get_user_by_id - Consulta para usuario ID: 1
2025-07-28 14:53:58 - INFO - PersonaService.get_personas - Iniciando
2025-07-28 14:53:58 - INFO - PersonaComponent.get_all_personas - 42 personas encontradas
2025-07-28 14:53:58 - INFO - PersonaService.get_personas - Personas obtenidas exitosamente
2025-07-28 14:53:58 - INFO - Cronograma sesión 6: 10/12 generadas
2025-07-28 14:53:58 - INFO - SesionTerapiaComponent.generar_cronograma - 12 sesiones programadas para sesión 6
2025-07-28 14:53:58 - INFO - SesionTerapiaComponent.add_paciente_to_sesion - Paciente 9 agregado a sesión 6
2025-07-28 14:53:58 - INFO - SesionTerapiaService.create_sesion - Sesión creada con ID: 6
2025-07-28 14:54:00 - INFO - LoginComponent.get_user_by_id - Consulta para usuario ID: 1
2025-07-28 14:54:00 - INFO - PersonaService.get_personas_disponibles - Iniciando
2025-07-28 14:54:00 - INFO - LoginComponent.get_user_by_id - Consulta para usuario ID: 1
2025-07-28 14:54:00 - INFO - SesionTerapiaService.get_sesion - ID: 6
2025-07-28 14:54:00 - INFO - PersonaComponent.get_personas_disponibles_para_usuario - 34 personas disponibles
2025-07-28 14:54:00 - INFO - PersonaService.get_personas_disponibles - Personas disponibles obtenidas
2025-07-28 14:54:00 - INFO - SesionTerapiaComponent.get_sesion_by_id - Sesión 6 encontrada
2025-07-28 14:54:00 - INFO - SesionTerapiaComponent.get_pacientes_sesion - 1 pacientes encontrados
2025-07-28 14:54:00 - INFO - SesionTerapiaComponent.get_cronograma_sesion - 12 sesiones programadas
2025-07-28 14:54:00 - INFO - SesionTerapiaService.get_sesion - Sesión 6 encontrada
2025-07-28 14:54:03 - INFO - LoginComponent.get_user_by_id - Consulta para usuario ID: 1
2025-07-28 14:54:03 - INFO - SesionTerapiaService.update_sesion - ID: 6
2025-07-28 14:54:03 - INFO - SesionTerapiaComponent.update_sesion - Sesión 6 actualizada
2025-07-28 14:54:03 - INFO - SesionTerapiaService.update_sesion - Sesión 6 actualizada
2025-07-28 14:54:03 - INFO - LoginComponent.get_user_by_id - Consulta para usuario ID: 1
2025-07-28 14:54:03 - INFO - PersonaService.get_personas_disponibles - Iniciando
2025-07-28 14:54:03 - INFO - PersonaComponent.get_personas_disponibles_para_usuario - 34 personas disponibles
2025-07-28 14:54:03 - INFO - PersonaService.get_personas_disponibles - Personas disponibles obtenidas
2025-07-28 14:54:05 - INFO - LoginComponent.get_user_by_id - Consulta para usuario ID: 1
2025-07-28 14:54:05 - INFO - SesionTerapiaService.get_cronograma_sesion - ID: 6
2025-07-28 14:54:05 - INFO - SesionTerapiaComponent.get_cronograma_sesion - 12 sesiones programadas
2025-07-28 14:54:05 - INFO - SesionTerapiaService.get_cronograma_sesion - Cronograma obtenido
2025-07-28 14:54:06 - INFO - LoginComponent.get_user_by_id - Consulta para usuario ID: 1
2025-07-28 14:54:06 - INFO - PersonaService.create_persona - Iniciando
2025-07-28 14:54:07 - INFO - LoginComponent.get_user_by_id - Consulta para usuario ID: 1
2025-07-28 14:54:07 - INFO - SesionTerapiaService.marcar_sesion_realizada - Cronograma ID: 241
2025-07-28 14:54:07 - INFO - SesionTerapiaComponent.marcar_sesion_realizada - Sesión 241 marcada como realizada
2025-07-28 14:54:07 - INFO - SesionTerapiaService.marcar_sesion_realizada - Sesión 241 marcada como realizada
2025-07-28 14:54:09 - INFO - LoginComponent.get_user_by_id - Consulta para usuario ID: 1
2025-07-28 14:54:09 - INFO - PersonaService.create_persona - Iniciando
2025-07-28 14:54:09 - INFO - LoginComponent.get_user_by_id - Consulta para usuario ID: 1
2025-07-28 14:54:09 - INFO - SesionTerapiaComponent.get_pacientes_sesion - 1 pacientes encontrados
2025-07-28 14:54:12 - INFO - LoginComponent.get_user_by_id - Consulta para usuario ID: 1
2025-07-28 14:54:12 - INFO - SesionTerapiaService.add_paciente_to_sesion - Sesion ID: 6
2025-07-28 14:54:14 - INFO - LoginComponent.get_user_by_id - Consulta para usuario ID: 1
2025-07-28 14:54:14 - INFO - SesionTerapiaService.get_estadisticas - Iniciando
2025-07-28 14:54:14 - INFO - SesionTerapiaComponent.get_estadisticas_sesiones - Estadísticas obtenidas
2025-07-28 14:54:14 - INFO - SesionTerapiaService.get_estadisticas - Estadísticas obtenidas
2025-07-28 14:54:15 - INFO - LoginService.login - Intento de autenticacion
2025-07-28 14:54:15 - INFO - LoginComponent.get_user_for_login - Busqueda para usuario: admin
2025-07-28 14:54:15 - INFO - LoginComponent.update_last_access - Actualizado para usuario ID: 1
2025-07-28 14:54:15 - INFO - LoginService.login - Autenticacion exitosa: admin
2025-07-28 14:54:16 - INFO - LoginComponent.get_user_by_id - Consulta para usuario ID: 1
2025-07-28 14:54:16 - INFO - SesionTerapiaService.get_sesiones_hoy - Iniciando
2025-07-28 14:54:16 - INFO - SesionTerapiaComponent.get_sesiones_activas_hoy - 0 sesiones hoy
2025-07-28 14:54:16 - INFO - SesionTerapiaService.get_sesiones_hoy - 0 sesiones hoy
2025-07-28 14:54:18 - INFO - LoginService.login - Intento de autenticacion
2025-07-28 14:54:18 - INFO - LoginComponent.get_user_for_login - Busqueda para usuario: admin
2025-07-28 14:54:18 - INFO - LoginComponent.get_user_by_id - Consulta para usuario ID: 1
2025-07-28 14:54:18 - INFO - SesionTerapiaService.get_sesiones_by_terapeuta - ID: 1
2025-07-28 14:54:18 - INFO - SesionTerapiaComponent.get_sesiones_by_terapeuta - 2 sesiones encontradas
2025-07-28 14:54:18 - INFO - SesionTerapiaService.get_sesiones_by_terapeuta - Sesiones obtenidas
2025-07-28 14:54:18 - INFO - LoginComponent.update_last_access - Actualizado para usuario ID: 1
2025-07-28 14:54:18 - INFO - LoginService.login - Autenticacion exitosa: admin
2025-07-28 14:54:20 - INFO - LoginComponent.get_user_by_id - Consulta para usuario ID: 1
2025-07-28 14:54:20 - INFO - SesionTerapiaService.delete_sesion - ID: 6
2025-07-28 14:54:21 - INFO - SesionTerapiaComponent.delete_sesion - Sesión 6 cancelada
2025-07-28 14:54:21 - INFO - SesionTerapiaService.delete_sesion - Sesión 6 cancelada
2025-07-28 14:54:21 - INFO - LoginComponent.get_user_by_id - Consulta para usuario ID: 1
2025-07-28 14:54:21 - INFO - EspecialidadService.get_especialidades - Iniciando
2025-07-28 14:54:21 - INFO - EspecialidadComponent.get_all_especialidades - 55 especialidades encontradas
2025-07-28 14:54:21 - INFO - EspecialidadService.get_especialidades - Especialidades obtenidas exitosamente
2025-07-28 14:54:24 - INFO - LoginComponent.get_user_by_id - Consulta para usuario ID: 1
2025-07-28 14:54:24 - INFO - EspecialidadService.get_especialidades - Iniciando
2025-07-28 14:54:24 - INFO - EspecialidadComponent.get_all_especialidades - 55 especialidades encontradas
2025-07-28 14:54:24 - INFO - EspecialidadService.get_especialidades - Especialidades obtenidas exitosamente
2025-07-28 14:54:26 - INFO - LoginComponent.get_user_by_id - Consulta para usuario ID: 1
2025-07-28 14:54:26 - INFO - EspecialidadService.get_especialidades_by_area - Área: terapeutico
2025-07-28 14:54:26 - INFO - EspecialidadComponent.get_especialidades_by_area - 21 especialidades de área terapeutico encontradas
2025-07-28 14:54:26 - INFO - EspecialidadService.get_especialidades_by_area - Especialidades de terapeutico obtenidas
2025-07-28 14:54:29 - INFO - LoginComponent.get_user_by_id - Consulta para usuario ID: 1
2025-07-28 14:54:29 - INFO - EspecialidadService.get_especialidades_by_area - Área: terapeutico
2025-07-28 14:54:29 - INFO - EspecialidadComponent.get_especialidades_by_area - 21 especialidades de área terapeutico encontradas
2025-07-28 14:54:29 - INFO - EspecialidadService.get_especialidades_by_area - Especialidades de terapeutico obtenidas
2025-07-28 14:54:32 - INFO - LoginComponent.get_user_by_id - Consulta para usuario ID: 1
2025-07-28 14:54:32 - INFO - EspecialidadService.get_especialidades_activas - Iniciando
2025-07-28 14:54:32 - INFO - EspecialidadComponent.get_especialidades_activas - 55 especialidades activas encontradas
2025-07-28 14:54:32 - INFO - EspecialidadService.get_especialidades_activas - Especialidades activas obtenidas
2025-07-28 14:54:35 - INFO - LoginComponent.get_user_by_id - Consulta para usuario ID: 1
2025-07-28 14:54:35 - INFO - EspecialidadService.get_especialidades_activas - Iniciando
2025-07-28 14:54:35 - INFO - EspecialidadComponent.get_especialidades_activas - 55 especialidades activas encontradas
2025-07-28 14:54:35 - INFO - EspecialidadService.get_especialidades_activas - Especialidades activas obtenidas
2025-07-28 14:54:37 - INFO - LoginComponent.get_user_by_id - Consulta para usuario ID: 1
2025-07-28 14:54:37 - INFO - EspecialidadService.create_especialidad - Iniciando
2025-07-28 14:54:40 - INFO - LoginComponent.get_user_by_id - Consulta para usuario ID: 1
2025-07-28 14:54:40 - INFO - EspecialidadService.create_especialidad - Iniciando
2025-07-28 14:54:44 - INFO - LoginComponent.get_user_by_id - Consulta para usuario ID: 1
2025-07-28 14:54:44 - INFO - EspecialidadService.get_especialidades - Iniciando
2025-07-28 14:54:44 - INFO - EspecialidadComponent.get_all_especialidades - 55 especialidades encontradas
2025-07-28 14:54:44 - INFO - EspecialidadService.get_especialidades - Especialidades obtenidas exitosamente
2025-07-28 14:54:47 - INFO - LoginComponent.get_user_by_id - Consulta para usuario ID: 1
2025-07-28 14:54:47 - INFO - EspecialidadService.get_especialidades - Iniciando
2025-07-28 14:54:47 - INFO - EspecialidadComponent.get_all_especialidades - 55 especialidades encontradas
2025-07-28 14:54:47 - INFO - EspecialidadService.get_especialidades - Especialidades obtenidas exitosamente
2025-07-28 14:54:51 - INFO - LoginService.login - Intento de autenticacion
2025-07-28 14:54:52 - INFO - LoginComponent.get_user_for_login - Busqueda para usuario: admin
2025-07-28 14:54:52 - INFO - LoginComponent.update_last_access - Actualizado para usuario ID: 1
2025-07-28 14:54:52 - INFO - LoginService.login - Autenticacion exitosa: admin
2025-07-28 14:54:55 - INFO - LoginService.login - Intento de autenticacion
2025-07-28 14:54:55 - INFO - LoginComponent.get_user_for_login - Busqueda para usuario: admin
2025-07-28 14:54:55 - INFO - LoginComponent.update_last_access - Actualizado para usuario ID: 1
2025-07-28 14:54:55 - INFO - LoginService.login - Autenticacion exitosa: admin
2025-07-28 14:54:57 - INFO - LoginComponent.get_user_by_id - Consulta para usuario ID: 1
2025-07-28 14:54:57 - INFO - PersonaService.create_persona - Iniciando
2025-07-28 14:54:58 - INFO - PersonaComponent.get_persona_by_id - Persona 43 encontrada
2025-07-28 14:54:58 - INFO - PersonaComponent.create_persona - Persona creada con ID: 43
2025-07-28 14:54:58 - INFO - PersonaService.create_persona - Persona creada exitosamente
2025-07-28 14:55:01 - INFO - LoginComponent.get_user_by_id - Consulta para usuario ID: 1
2025-07-28 14:55:01 - INFO - PersonaService.create_persona - Iniciando
2025-07-28 14:55:01 - INFO - PersonaComponent.get_persona_by_id - Persona 44 encontrada
2025-07-28 14:55:01 - INFO - PersonaComponent.create_persona - Persona creada con ID: 44
2025-07-28 14:55:01 - INFO - PersonaService.create_persona - Persona creada exitosamente
2025-07-28 14:55:03 - INFO - LoginComponent.get_user_by_id - Consulta para usuario ID: 1
2025-07-28 14:55:03 - INFO - PersonalService.get_personal - Iniciando
2025-07-28 14:55:03 - INFO - PersonalComponent.get_all_personal - 6 miembros del personal encontrados
2025-07-28 14:55:03 - INFO - PersonalService.get_personal - Personal obtenido exitosamente
2025-07-28 14:55:07 - INFO - LoginComponent.get_user_by_id - Consulta para usuario ID: 1
2025-07-28 14:55:07 - INFO - PersonalService.get_personal - Iniciando
2025-07-28 14:55:07 - INFO - PersonalComponent.get_all_personal - 6 miembros del personal encontrados
2025-07-28 14:55:07 - INFO - PersonalService.get_personal - Personal obtenido exitosamente
2025-07-28 14:55:09 - INFO - app - Iniciando Sistema Tía Glenda Backend
2025-07-28 14:55:10 - INFO - app - Iniciando Sistema Tía Glenda Backend
2025-07-28 14:55:10 - INFO - LoginComponent.get_user_by_id - Consulta para usuario ID: 1
2025-07-28 14:55:10 - INFO - PersonalService.get_personal_by_area - Área: terapeutico
2025-07-28 14:55:10 - INFO - PersonalComponent.get_personal_by_area - 3 personal de área terapeutico encontrado
2025-07-28 14:55:10 - INFO - PersonalService.get_personal_by_area - Personal de terapeutico obtenido
2025-07-28 14:55:13 - INFO - LoginComponent.get_user_by_id - Consulta para usuario ID: 1
2025-07-28 14:55:13 - INFO - PersonalService.get_personal_by_area - Área: terapeutico
2025-07-28 14:55:13 - INFO - PersonalComponent.get_personal_by_area - 3 personal de área terapeutico encontrado
2025-07-28 14:55:13 - INFO - PersonalService.get_personal_by_area - Personal de terapeutico obtenido
2025-07-28 14:55:14 - INFO - test_database - Conexion a base de datos exitosa
2025-07-28 14:55:15 - INFO - LoginComponent.get_user_by_id - Consulta para usuario ID: 1
2025-07-28 14:55:15 - INFO - PersonalService.get_estadisticas - Iniciando
2025-07-28 14:55:16 - INFO - PersonalComponent.get_estadisticas_personal - Estadísticas obtenidas
2025-07-28 14:55:16 - INFO - PersonalService.get_estadisticas - Estadísticas obtenidas
2025-07-28 14:55:19 - INFO - LoginComponent.get_user_by_id - Consulta para usuario ID: 1
2025-07-28 14:55:19 - INFO - PersonalService.get_estadisticas - Iniciando
2025-07-28 14:55:19 - INFO - PersonalComponent.get_estadisticas_personal - Estadísticas obtenidas
2025-07-28 14:55:19 - INFO - PersonalService.get_estadisticas - Estadísticas obtenidas
2025-07-28 14:55:21 - INFO - LoginComponent.get_user_by_id - Consulta para usuario ID: 1
2025-07-28 14:55:21 - INFO - PersonalService.create_personal - Iniciando
2025-07-28 14:55:24 - INFO - LoginComponent.get_user_by_id - Consulta para usuario ID: 1
2025-07-28 14:55:24 - INFO - PersonalService.create_personal - Iniciando
2025-07-28 14:55:29 - INFO - LoginService.login - Intento de autenticacion
2025-07-28 14:55:29 - INFO - LoginComponent.get_user_for_login - Busqueda para usuario: admin
2025-07-28 14:55:29 - INFO - LoginComponent.update_last_access - Actualizado para usuario ID: 1
2025-07-28 14:55:29 - INFO - LoginService.login - Autenticacion exitosa: admin
2025-07-28 14:55:32 - INFO - LoginService.login - Intento de autenticacion
2025-07-28 14:55:32 - INFO - LoginComponent.get_user_for_login - Busqueda para usuario: admin
2025-07-28 14:55:32 - INFO - LoginComponent.update_last_access - Actualizado para usuario ID: 1
2025-07-28 14:55:32 - INFO - LoginService.login - Autenticacion exitosa: admin
2025-07-28 14:55:35 - INFO - LoginComponent.get_user_by_id - Consulta para usuario ID: 1
2025-07-28 14:55:35 - INFO - PersonaService.create_persona - Iniciando
2025-07-28 14:55:35 - INFO - PersonaComponent.get_persona_by_id - Persona 45 encontrada
2025-07-28 14:55:35 - INFO - PersonaComponent.create_persona - Persona creada con ID: 45
2025-07-28 14:55:35 - INFO - PersonaService.create_persona - Persona creada exitosamente
2025-07-28 14:55:38 - INFO - LoginComponent.get_user_by_id - Consulta para usuario ID: 1
2025-07-28 14:55:38 - INFO - PersonaService.create_persona - Iniciando
2025-07-28 14:55:38 - INFO - PersonaComponent.get_persona_by_id - Persona 46 encontrada
2025-07-28 14:55:38 - INFO - PersonaComponent.create_persona - Persona creada con ID: 46
2025-07-28 14:55:38 - INFO - PersonaService.create_persona - Persona creada exitosamente
2025-07-28 14:55:41 - INFO - LoginComponent.get_user_by_id - Consulta para usuario ID: 1
2025-07-28 14:55:41 - INFO - TutorService.get_tutores - Iniciando
2025-07-28 14:55:41 - INFO - TutorComponent.get_all_tutores - 9 tutores encontrados
2025-07-28 14:55:41 - INFO - TutorService.get_tutores - Tutores obtenidos exitosamente
2025-07-28 14:55:44 - INFO - LoginComponent.get_user_by_id - Consulta para usuario ID: 1
2025-07-28 14:55:44 - INFO - TutorService.get_tutores - Iniciando
2025-07-28 14:55:44 - INFO - TutorComponent.get_all_tutores - 9 tutores encontrados
2025-07-28 14:55:44 - INFO - TutorService.get_tutores - Tutores obtenidos exitosamente
2025-07-28 14:55:46 - INFO - app - Iniciando Sistema Tía Glenda Backend
2025-07-28 14:55:46 - INFO - app - Iniciando Sistema Tía Glenda Backend
2025-07-28 14:55:49 - INFO - LoginComponent.get_user_by_id - Consulta para usuario ID: 1
2025-07-28 14:55:49 - INFO - TutorService.get_tutores_activos - Iniciando
2025-07-28 14:55:49 - INFO - TutorComponent.get_tutores_activos - 9 tutores activos encontrados
2025-07-28 14:55:49 - INFO - TutorService.get_tutores_activos - Tutores activos obtenidos
2025-07-28 14:55:51 - INFO - test_database_with_status - Comparación de métodos completada
2025-07-28 14:55:51 - INFO - LoginComponent.get_user_by_id - Consulta para usuario ID: 1
2025-07-28 14:55:52 - INFO - TutorService.create_tutor - Iniciando
2025-07-28 14:55:55 - INFO - LoginComponent.get_user_by_id - Consulta para usuario ID: 1
2025-07-28 14:55:55 - INFO - TutorService.create_tutor - Iniciando
2025-07-28 14:56:01 - INFO - LoginService.login - Intento de autenticacion
2025-07-28 14:56:01 - INFO - LoginComponent.get_user_for_login - Busqueda para usuario: admin
2025-07-28 14:56:01 - INFO - LoginComponent.update_last_access - Actualizado para usuario ID: 1
2025-07-28 14:56:01 - INFO - LoginService.login - Autenticacion exitosa: admin
2025-07-28 14:56:04 - INFO - LoginService.login - Intento de autenticacion
2025-07-28 14:56:04 - INFO - LoginComponent.get_user_for_login - Busqueda para usuario: admin
2025-07-28 14:56:04 - INFO - LoginComponent.update_last_access - Actualizado para usuario ID: 1
2025-07-28 14:56:04 - INFO - LoginService.login - Autenticacion exitosa: admin
2025-07-28 14:56:06 - INFO - app - Iniciando Sistema Tía Glenda Backend
2025-07-28 14:56:06 - INFO - app - Iniciando Sistema Tía Glenda Backend
2025-07-28 14:56:06 - INFO - LoginComponent.get_user_by_id - Consulta para usuario ID: 1
2025-07-28 14:56:06 - INFO - PersonaService.create_persona - Iniciando
2025-07-28 14:56:07 - INFO - PersonaComponent.get_persona_by_id - Persona 47 encontrada
2025-07-28 14:56:07 - INFO - PersonaComponent.create_persona - Persona creada con ID: 47
2025-07-28 14:56:07 - INFO - PersonaService.create_persona - Persona creada exitosamente
2025-07-28 14:56:10 - INFO - LoginComponent.get_user_by_id - Consulta para usuario ID: 1
2025-07-28 14:56:10 - INFO - PersonaService.create_persona - Iniciando
2025-07-28 14:56:10 - INFO - PersonaComponent.get_persona_by_id - Persona 48 encontrada
2025-07-28 14:56:10 - INFO - PersonaComponent.create_persona - Persona creada con ID: 48
2025-07-28 14:56:10 - INFO - PersonaService.create_persona - Persona creada exitosamente
2025-07-28 14:56:14 - INFO - LoginComponent.get_user_by_id - Consulta para usuario ID: 1
2025-07-28 14:56:14 - INFO - PacienteService.get_estadisticas - Iniciando
2025-07-28 14:56:15 - INFO - PacienteComponent.get_estadisticas_pacientes - Estadísticas obtenidas
2025-07-28 14:56:15 - INFO - PacienteService.get_estadisticas - Estadísticas obtenidas
2025-07-28 14:56:18 - INFO - LoginComponent.get_user_by_id - Consulta para usuario ID: 1
2025-07-28 14:56:18 - INFO - PacienteService.get_estadisticas - Iniciando
2025-07-28 14:56:18 - INFO - PacienteComponent.get_estadisticas_pacientes - Estadísticas obtenidas
2025-07-28 14:56:18 - INFO - PacienteService.get_estadisticas - Estadísticas obtenidas
2025-07-28 14:56:20 - INFO - LoginComponent.get_user_by_id - Consulta para usuario ID: 1
2025-07-28 14:56:20 - INFO - PacienteService.create_paciente - Iniciando
2025-07-28 14:56:23 - INFO - LoginComponent.get_user_by_id - Consulta para usuario ID: 1
2025-07-28 14:56:23 - INFO - PacienteService.create_paciente - Iniciando
2025-07-28 14:56:28 - INFO - LoginService.login - Intento de autenticacion
2025-07-28 14:56:28 - INFO - LoginComponent.get_user_for_login - Busqueda para usuario: admin
2025-07-28 14:56:28 - INFO - LoginComponent.update_last_access - Actualizado para usuario ID: 1
2025-07-28 14:56:28 - INFO - LoginService.login - Autenticacion exitosa: admin
2025-07-28 14:56:31 - INFO - LoginService.login - Intento de autenticacion
2025-07-28 14:56:31 - INFO - LoginComponent.get_user_for_login - Busqueda para usuario: admin
2025-07-28 14:56:32 - INFO - LoginComponent.update_last_access - Actualizado para usuario ID: 1
2025-07-28 14:56:32 - INFO - LoginService.login - Autenticacion exitosa: admin
2025-07-28 14:56:34 - INFO - LoginComponent.get_user_by_id - Consulta para usuario ID: 1
2025-07-28 14:56:34 - INFO - PersonaService.create_persona - Iniciando
2025-07-28 14:56:34 - INFO - PersonaComponent.get_persona_by_id - Persona 49 encontrada
2025-07-28 14:56:34 - INFO - PersonaComponent.create_persona - Persona creada con ID: 49
2025-07-28 14:56:34 - INFO - PersonaService.create_persona - Persona creada exitosamente
2025-07-28 14:56:37 - INFO - LoginComponent.get_user_by_id - Consulta para usuario ID: 1
2025-07-28 14:56:37 - INFO - PersonaService.create_persona - Iniciando
2025-07-28 14:56:37 - INFO - PersonaComponent.get_persona_by_id - Persona 50 encontrada
2025-07-28 14:56:37 - INFO - PersonaComponent.create_persona - Persona creada con ID: 50
2025-07-28 14:56:37 - INFO - PersonaService.create_persona - Persona creada exitosamente
2025-07-28 14:56:41 - INFO - LoginComponent.get_user_by_id - Consulta para usuario ID: 1
2025-07-28 14:56:41 - INFO - LoginService.verify_token - Token verificado correctamente
2025-07-28 14:56:44 - INFO - LoginComponent.get_user_by_id - Consulta para usuario ID: 1
2025-07-28 14:56:44 - INFO - LoginService.verify_token - Token verificado correctamente
2025-07-28 14:56:46 - INFO - LoginComponent.get_user_by_id - Consulta para usuario ID: 1
2025-07-28 14:56:46 - INFO - RolService.get_roles - Iniciando
2025-07-28 14:56:46 - INFO - RolService.get_roles - 4 roles encontrados
2025-07-28 14:56:49 - INFO - LoginComponent.get_user_by_id - Consulta para usuario ID: 1
2025-07-28 14:56:49 - INFO - RolService.get_roles - Iniciando
2025-07-28 14:56:49 - INFO - RolService.get_roles - 4 roles encontrados
2025-07-28 14:56:52 - INFO - LoginComponent.get_user_by_id - Consulta para usuario ID: 1
2025-07-28 14:56:52 - INFO - UsuarioService.create_usuario - Iniciando
2025-07-28 14:56:55 - INFO - LoginComponent.get_user_by_id - Consulta para usuario ID: 1
2025-07-28 14:56:55 - INFO - UsuarioService.create_usuario - Iniciando
2025-07-28 14:57:02 - INFO - LoginComponent.get_user_by_id - Consulta para usuario ID: 1
2025-07-28 14:57:02 - INFO - PersonaService.get_personas - Iniciando
2025-07-28 14:57:02 - INFO - PersonaComponent.get_all_personas - 50 personas encontradas
2025-07-28 14:57:02 - INFO - PersonaService.get_personas - Personas obtenidas exitosamente
2025-07-28 14:57:04 - INFO - LoginComponent.get_user_by_id - Consulta para usuario ID: 1
2025-07-28 14:57:04 - INFO - EspecialidadService.get_especialidades - Iniciando
2025-07-28 14:57:04 - INFO - EspecialidadComponent.get_all_especialidades - 55 especialidades encontradas
2025-07-28 14:57:04 - INFO - EspecialidadService.get_especialidades - Especialidades obtenidas exitosamente
2025-07-28 14:57:07 - INFO - LoginComponent.get_user_by_id - Consulta para usuario ID: 1
2025-07-28 14:57:07 - INFO - PersonalService.get_personal - Iniciando
2025-07-28 14:57:07 - INFO - PersonalComponent.get_all_personal - 6 miembros del personal encontrados
2025-07-28 14:57:07 - INFO - PersonalService.get_personal - Personal obtenido exitosamente
2025-07-28 14:57:09 - INFO - LoginComponent.get_user_by_id - Consulta para usuario ID: 1
2025-07-28 14:57:09 - INFO - UsuarioService.get_usuarios - Iniciando
2025-07-28 14:57:09 - INFO - UsuarioComponent.get_all_usuarios - 8 usuarios encontrados
2025-07-28 14:57:09 - INFO - UsuarioService.get_usuarios - Usuarios obtenidos exitosamente
2025-07-28 14:57:11 - INFO - LoginComponent.get_user_by_id - Consulta para usuario ID: 1
2025-07-28 14:57:11 - INFO - RolService.get_roles - Iniciando
2025-07-28 14:57:11 - INFO - RolService.get_roles - 4 roles encontrados
2025-07-28 14:57:13 - INFO - LoginComponent.get_user_by_id - Consulta para usuario ID: 1
2025-07-28 14:57:13 - INFO - TutorService.get_tutores - Iniciando
2025-07-28 14:57:13 - INFO - TutorComponent.get_all_tutores - 9 tutores encontrados
2025-07-28 14:57:13 - INFO - TutorService.get_tutores - Tutores obtenidos exitosamente
2025-07-28 14:57:15 - INFO - LoginComponent.get_user_by_id - Consulta para usuario ID: 1
2025-07-28 14:57:15 - INFO - PacienteService.get_pacientes - Iniciando
2025-07-28 14:57:15 - INFO - PacienteComponent.get_all_pacientes - 9 pacientes encontrados
2025-07-28 14:57:15 - INFO - PacienteService.get_pacientes - Pacientes obtenidos exitosamente
2025-07-28 14:57:42 - INFO - Acceso a ruta de prueba
2025-07-28 14:58:21 - INFO - test_database - Conexion a base de datos exitosa
2025-07-28 14:59:36 - INFO - LoginService.login - Intento de autenticacion
2025-07-28 14:59:36 - INFO - LoginComponent.get_user_for_login - Busqueda para usuario: admin
2025-07-28 14:59:36 - INFO - LoginComponent.update_last_access - Actualizado para usuario ID: 1
2025-07-28 14:59:36 - INFO - LoginService.login - Autenticacion exitosa: admin
2025-07-28 14:59:39 - INFO - LoginComponent.get_user_by_id - Consulta para usuario ID: 1
2025-07-28 14:59:39 - INFO - EspecialidadService.get_especialidades - Iniciando
2025-07-28 14:59:39 - INFO - EspecialidadComponent.get_all_especialidades - 55 especialidades encontradas
2025-07-28 14:59:39 - INFO - EspecialidadService.get_especialidades - Especialidades obtenidas exitosamente
2025-07-28 14:59:41 - INFO - LoginComponent.get_user_by_id - Consulta para usuario ID: 1
2025-07-28 14:59:41 - INFO - SesionTerapiaService.get_terapeutas_disponibles - Iniciando
2025-07-28 14:59:41 - INFO - SesionTerapiaComponent.get_terapeutas_disponibles - 6 terapeutas disponibles
2025-07-28 14:59:41 - INFO - SesionTerapiaService.get_terapeutas_disponibles - 6 terapeutas disponibles
2025-07-28 14:59:43 - INFO - LoginComponent.get_user_by_id - Consulta para usuario ID: 1
2025-07-28 14:59:43 - INFO - SesionTerapiaService.get_pacientes_disponibles - Iniciando
2025-07-28 14:59:43 - INFO - SesionTerapiaComponent.get_pacientes_disponibles - 9 pacientes disponibles
2025-07-28 14:59:43 - INFO - SesionTerapiaService.get_pacientes_disponibles - 9 pacientes disponibles
2025-07-28 14:59:45 - INFO - LoginComponent.get_user_by_id - Consulta para usuario ID: 1
2025-07-28 14:59:45 - INFO - SesionTerapiaService.get_sesiones - Iniciando
2025-07-28 14:59:45 - INFO - SesionTerapiaComponent.get_sesiones - Sesiones obtenidas exitosamente
2025-07-28 14:59:45 - INFO - SesionTerapiaService.get_sesiones - Sesiones obtenidas exitosamente
2025-07-28 14:59:48 - INFO - LoginComponent.get_user_by_id - Consulta para usuario ID: 1
2025-07-28 14:59:48 - INFO - SesionTerapiaService.create_sesion - Iniciando
2025-07-28 14:59:48 - INFO - SesionTerapiaComponent.create_sesion - Sesión creada con ID: 7, Código: ST-2025-007
2025-07-28 14:59:48 - INFO - Cronograma sesión 7: 10/12 generadas
2025-07-28 14:59:49 - INFO - SesionTerapiaComponent.generar_cronograma - 12 sesiones programadas para sesión 7
2025-07-28 14:59:49 - INFO - SesionTerapiaComponent.create_sesion - Cronograma generado para sesión 7
2025-07-28 14:59:49 - INFO - Cronograma sesión 7: 10/12 generadas
2025-07-28 14:59:49 - INFO - SesionTerapiaComponent.generar_cronograma - 12 sesiones programadas para sesión 7
2025-07-28 14:59:49 - INFO - SesionTerapiaComponent.add_paciente_to_sesion - Paciente 9 agregado a sesión 7
2025-07-28 14:59:49 - INFO - SesionTerapiaService.create_sesion - Sesión creada con ID: 7
2025-07-28 14:59:52 - INFO - LoginComponent.get_user_by_id - Consulta para usuario ID: 1
2025-07-28 14:59:52 - INFO - SesionTerapiaService.get_sesion - ID: 7
2025-07-28 14:59:52 - INFO - SesionTerapiaComponent.get_sesion_by_id - Sesión 7 encontrada
2025-07-28 14:59:52 - INFO - SesionTerapiaComponent.get_pacientes_sesion - 1 pacientes encontrados
2025-07-28 14:59:52 - INFO - SesionTerapiaComponent.get_cronograma_sesion - 12 sesiones programadas
2025-07-28 14:59:52 - INFO - SesionTerapiaService.get_sesion - Sesión 7 encontrada
2025-07-28 14:59:54 - INFO - LoginComponent.get_user_by_id - Consulta para usuario ID: 1
2025-07-28 14:59:54 - INFO - SesionTerapiaService.update_sesion - ID: 7
2025-07-28 14:59:54 - INFO - SesionTerapiaComponent.update_sesion - Sesión 7 actualizada
2025-07-28 14:59:54 - INFO - SesionTerapiaService.update_sesion - Sesión 7 actualizada
2025-07-28 14:59:56 - INFO - LoginComponent.get_user_by_id - Consulta para usuario ID: 1
2025-07-28 14:59:56 - INFO - SesionTerapiaService.get_cronograma_sesion - ID: 7
2025-07-28 14:59:56 - INFO - SesionTerapiaComponent.get_cronograma_sesion - 12 sesiones programadas
2025-07-28 14:59:56 - INFO - SesionTerapiaService.get_cronograma_sesion - Cronograma obtenido
2025-07-28 14:59:58 - INFO - LoginComponent.get_user_by_id - Consulta para usuario ID: 1
2025-07-28 14:59:58 - INFO - SesionTerapiaService.marcar_sesion_realizada - Cronograma ID: 265
2025-07-28 14:59:58 - INFO - SesionTerapiaComponent.marcar_sesion_realizada - Sesión 265 marcada como realizada
2025-07-28 14:59:58 - INFO - SesionTerapiaService.marcar_sesion_realizada - Sesión 265 marcada como realizada
2025-07-28 15:00:01 - INFO - LoginComponent.get_user_by_id - Consulta para usuario ID: 1
2025-07-28 15:00:01 - INFO - SesionTerapiaComponent.get_pacientes_sesion - 1 pacientes encontrados
2025-07-28 15:00:03 - INFO - LoginComponent.get_user_by_id - Consulta para usuario ID: 1
2025-07-28 15:00:03 - INFO - SesionTerapiaService.add_paciente_to_sesion - Sesion ID: 7
2025-07-28 15:00:05 - INFO - LoginComponent.get_user_by_id - Consulta para usuario ID: 1
2025-07-28 15:00:05 - INFO - SesionTerapiaService.get_estadisticas - Iniciando
2025-07-28 15:00:05 - INFO - SesionTerapiaComponent.get_estadisticas_sesiones - Estadísticas obtenidas
2025-07-28 15:00:05 - INFO - SesionTerapiaService.get_estadisticas - Estadísticas obtenidas
2025-07-28 15:00:07 - INFO - LoginComponent.get_user_by_id - Consulta para usuario ID: 1
2025-07-28 15:00:07 - INFO - SesionTerapiaService.get_sesiones_hoy - Iniciando
2025-07-28 15:00:07 - INFO - SesionTerapiaComponent.get_sesiones_activas_hoy - 0 sesiones hoy
2025-07-28 15:00:07 - INFO - SesionTerapiaService.get_sesiones_hoy - 0 sesiones hoy
2025-07-28 15:00:10 - INFO - LoginComponent.get_user_by_id - Consulta para usuario ID: 1
2025-07-28 15:00:10 - INFO - SesionTerapiaService.get_sesiones_by_terapeuta - ID: 1
2025-07-28 15:00:10 - INFO - SesionTerapiaComponent.get_sesiones_by_terapeuta - 2 sesiones encontradas
2025-07-28 15:00:10 - INFO - SesionTerapiaService.get_sesiones_by_terapeuta - Sesiones obtenidas
2025-07-28 15:00:12 - INFO - LoginComponent.get_user_by_id - Consulta para usuario ID: 1
2025-07-28 15:00:12 - INFO - SesionTerapiaService.delete_sesion - ID: 7
2025-07-28 15:00:12 - INFO - SesionTerapiaComponent.delete_sesion - Sesión 7 cancelada
2025-07-28 15:00:12 - INFO - SesionTerapiaService.delete_sesion - Sesión 7 cancelada
2025-07-28 15:00:20 - INFO - app - Iniciando Sistema Tía Glenda Backend
2025-07-28 15:01:25 - INFO - Acceso a ruta de prueba
2025-07-28 15:06:38 - INFO - app - Iniciando Sistema Tía Glenda Backend
2025-07-28 15:06:38 - INFO - app - Iniciando Sistema Tía Glenda Backend
2025-07-28 15:17:30 - INFO - LoginComponent.get_user_by_id - Consulta para usuario ID: 1
2025-07-28 15:17:30 - INFO - LoginService.verify_token - Token verificado correctamente
2025-07-28 15:17:30 - INFO - LoginComponent.get_user_by_id - Consulta para usuario ID: 1
2025-07-28 15:17:30 - INFO - LoginService.verify_token - Token verificado correctamente
2025-07-28 15:17:30 - INFO - LoginComponent.get_user_by_id - Consulta para usuario ID: 1
2025-07-28 15:17:30 - INFO - Información solicitada para usuario: admin
2025-07-28 15:17:31 - INFO - LoginComponent.get_user_by_id - Consulta para usuario ID: 1
2025-07-28 15:17:31 - INFO - Información solicitada para usuario: admin
2025-07-28 15:17:46 - INFO - LoginService.login - Intento de autenticacion
2025-07-28 15:17:46 - INFO - LoginComponent.get_user_for_login - Busqueda para usuario: admin
2025-07-28 15:17:48 - INFO - LoginComponent.update_last_access - Actualizado para usuario ID: 1
2025-07-28 15:17:48 - INFO - LoginService.login - Autenticacion exitosa: admin
2025-07-28 15:17:50 - INFO - Acceso a ruta de prueba
2025-07-28 15:17:53 - INFO - test_database - Conexion a base de datos exitosa
2025-07-28 15:17:54 - INFO - Acceso a ruta de prueba
2025-07-28 15:17:55 - INFO - test_database - Conexion a base de datos exitosa
2025-07-28 15:17:55 - INFO - test_database_with_status - Comparación de métodos completada
2025-07-28 15:18:03 - INFO - LoginService.login - Intento de autenticacion
2025-07-28 15:18:03 - INFO - LoginComponent.get_user_for_login - Busqueda para usuario: admin
2025-07-28 15:18:04 - INFO - LoginComponent.update_last_access - Actualizado para usuario ID: 1
2025-07-28 15:18:04 - INFO - LoginService.login - Autenticacion exitosa: admin
2025-07-28 15:18:06 - INFO - Acceso a ruta de prueba
2025-07-28 15:18:06 - INFO - test_database - Conexion a base de datos exitosa
2025-07-28 15:18:16 - INFO - LoginComponent.get_user_by_id - Consulta para usuario ID: 1
2025-07-28 15:18:16 - INFO - PersonaService.get_personas - Iniciando
2025-07-28 15:18:16 - INFO - PersonaComponent.get_all_personas - 50 personas encontradas
2025-07-28 15:18:16 - INFO - PersonaService.get_personas - Personas obtenidas exitosamente
2025-07-28 15:18:16 - INFO - LoginComponent.get_user_by_id - Consulta para usuario ID: 1
2025-07-28 15:18:16 - INFO - PersonaService.get_personas - Iniciando
2025-07-28 15:18:16 - INFO - PersonaComponent.get_all_personas - 50 personas encontradas
2025-07-28 15:18:16 - INFO - PersonaService.get_personas - Personas obtenidas exitosamente
2025-07-28 15:18:35 - INFO - LoginComponent.get_user_by_id - Consulta para usuario ID: 1
2025-07-28 15:18:35 - INFO - LoginComponent.get_user_by_id - Consulta para usuario ID: 1
2025-07-28 15:18:35 - INFO - PersonalService.get_personal - Iniciando
2025-07-28 15:18:35 - INFO - PersonaService.get_personas_disponibles - Iniciando
2025-07-28 15:18:35 - INFO - PersonaComponent.get_personas_disponibles_para_usuario - 42 personas disponibles
2025-07-28 15:18:35 - INFO - PersonaService.get_personas_disponibles - Personas disponibles obtenidas
2025-07-28 15:18:35 - INFO - PersonalComponent.get_all_personal - 6 miembros del personal encontrados
2025-07-28 15:18:35 - INFO - PersonalService.get_personal - Personal obtenido exitosamente
2025-07-28 15:18:35 - INFO - LoginComponent.get_user_by_id - Consulta para usuario ID: 1
2025-07-28 15:18:35 - INFO - EspecialidadService.get_especialidades - Iniciando
2025-07-28 15:18:35 - INFO - EspecialidadComponent.get_all_especialidades - 55 especialidades encontradas
2025-07-28 15:18:35 - INFO - EspecialidadService.get_especialidades - Especialidades obtenidas exitosamente
2025-07-28 15:18:36 - INFO - LoginComponent.get_user_by_id - Consulta para usuario ID: 1
2025-07-28 15:18:36 - INFO - PersonalService.get_personal - Iniciando
2025-07-28 15:18:36 - INFO - LoginComponent.get_user_by_id - Consulta para usuario ID: 1
2025-07-28 15:18:36 - INFO - PersonaService.get_personas_disponibles - Iniciando
2025-07-28 15:18:36 - INFO - LoginComponent.get_user_by_id - Consulta para usuario ID: 1
2025-07-28 15:18:36 - INFO - EspecialidadService.get_especialidades - Iniciando
2025-07-28 15:18:36 - INFO - PersonaComponent.get_personas_disponibles_para_usuario - 42 personas disponibles
2025-07-28 15:18:36 - INFO - PersonaService.get_personas_disponibles - Personas disponibles obtenidas
2025-07-28 15:18:36 - INFO - PersonalComponent.get_all_personal - 6 miembros del personal encontrados
2025-07-28 15:18:36 - INFO - PersonalService.get_personal - Personal obtenido exitosamente
2025-07-28 15:18:36 - INFO - EspecialidadComponent.get_all_especialidades - 55 especialidades encontradas
2025-07-28 15:18:36 - INFO - EspecialidadService.get_especialidades - Especialidades obtenidas exitosamente
2025-07-28 15:18:51 - INFO - LoginComponent.get_user_by_id - Consulta para usuario ID: 1
2025-07-28 15:18:51 - INFO - PersonaService.get_personas - Iniciando
2025-07-28 15:18:51 - INFO - PersonaComponent.get_all_personas - 50 personas encontradas
2025-07-28 15:18:51 - INFO - PersonaService.get_personas - Personas obtenidas exitosamente
2025-07-28 15:18:51 - INFO - LoginComponent.get_user_by_id - Consulta para usuario ID: 1
2025-07-28 15:18:51 - INFO - PersonaService.get_personas - Iniciando
2025-07-28 15:18:51 - INFO - PersonaComponent.get_all_personas - 50 personas encontradas
2025-07-28 15:18:51 - INFO - PersonaService.get_personas - Personas obtenidas exitosamente
2025-07-28 15:22:10 - INFO - LoginComponent.get_user_by_id - Consulta para usuario ID: 1
2025-07-28 15:22:10 - INFO - LoginService.verify_token - Token verificado correctamente
2025-07-28 15:22:10 - INFO - LoginComponent.get_user_by_id - Consulta para usuario ID: 1
2025-07-28 15:22:10 - INFO - LoginService.verify_token - Token verificado correctamente
2025-07-28 15:22:11 - INFO - LoginComponent.get_user_by_id - Consulta para usuario ID: 1
2025-07-28 15:22:11 - INFO - Información solicitada para usuario: admin
2025-07-28 15:22:12 - INFO - LoginComponent.get_user_by_id - Consulta para usuario ID: 1
2025-07-28 15:22:12 - INFO - Información solicitada para usuario: admin
2025-07-28 15:22:13 - INFO - LoginComponent.get_user_by_id - Consulta para usuario ID: 1
2025-07-28 15:22:13 - INFO - PersonaService.get_personas - Iniciando
2025-07-28 15:22:13 - INFO - PersonaComponent.get_all_personas - 26 personas encontradas
2025-07-28 15:22:13 - INFO - PersonaService.get_personas - Personas obtenidas exitosamente
2025-07-28 15:22:13 - INFO - LoginComponent.get_user_by_id - Consulta para usuario ID: 1
2025-07-28 15:22:13 - INFO - PersonaService.get_personas_disponibles - Iniciando
2025-07-28 15:22:13 - INFO - PersonaComponent.get_personas_disponibles_para_usuario - 18 personas disponibles
2025-07-28 15:22:13 - INFO - PersonaService.get_personas_disponibles - Personas disponibles obtenidas
2025-07-28 15:22:13 - INFO - LoginComponent.get_user_by_id - Consulta para usuario ID: 1
2025-07-28 15:22:13 - INFO - PersonaService.get_personas - Iniciando
2025-07-28 15:22:13 - INFO - PersonaComponent.get_all_personas - 26 personas encontradas
2025-07-28 15:22:13 - INFO - PersonaService.get_personas - Personas obtenidas exitosamente
2025-07-28 15:22:14 - INFO - LoginComponent.get_user_by_id - Consulta para usuario ID: 1
2025-07-28 15:22:14 - INFO - PersonaService.get_personas_disponibles - Iniciando
2025-07-28 15:22:14 - INFO - PersonaComponent.get_personas_disponibles_para_usuario - 18 personas disponibles
2025-07-28 15:22:14 - INFO - PersonaService.get_personas_disponibles - Personas disponibles obtenidas
2025-07-28 15:22:20 - INFO - LoginComponent.get_user_by_id - Consulta para usuario ID: 1
2025-07-28 15:22:20 - INFO - PersonaService.get_personas_disponibles - Iniciando
2025-07-28 15:22:20 - INFO - LoginComponent.get_user_by_id - Consulta para usuario ID: 1
2025-07-28 15:22:20 - INFO - LoginComponent.get_user_by_id - Consulta para usuario ID: 1
2025-07-28 15:22:20 - INFO - RolService.get_roles - Iniciando
2025-07-28 15:22:20 - INFO - UsuarioService.get_usuarios - Iniciando
2025-07-28 15:22:20 - INFO - PersonaComponent.get_personas_disponibles_para_usuario - 18 personas disponibles
2025-07-28 15:22:20 - INFO - PersonaService.get_personas_disponibles - Personas disponibles obtenidas
2025-07-28 15:22:20 - INFO - RolService.get_roles - 4 roles encontrados
2025-07-28 15:22:20 - INFO - UsuarioComponent.get_all_usuarios - 8 usuarios encontrados
2025-07-28 15:22:20 - INFO - UsuarioService.get_usuarios - Usuarios obtenidos exitosamente
2025-07-28 15:22:21 - INFO - LoginComponent.get_user_by_id - Consulta para usuario ID: 1
2025-07-28 15:22:21 - INFO - UsuarioService.get_usuarios - Iniciando
2025-07-28 15:22:21 - INFO - LoginComponent.get_user_by_id - Consulta para usuario ID: 1
2025-07-28 15:22:21 - INFO - RolService.get_roles - Iniciando
2025-07-28 15:22:21 - INFO - LoginComponent.get_user_by_id - Consulta para usuario ID: 1
2025-07-28 15:22:21 - INFO - PersonaService.get_personas_disponibles - Iniciando
2025-07-28 15:22:21 - INFO - UsuarioComponent.get_all_usuarios - 8 usuarios encontrados
2025-07-28 15:22:21 - INFO - UsuarioService.get_usuarios - Usuarios obtenidos exitosamente
2025-07-28 15:22:21 - INFO - RolService.get_roles - 4 roles encontrados
2025-07-28 15:22:21 - INFO - PersonaComponent.get_personas_disponibles_para_usuario - 18 personas disponibles
2025-07-28 15:22:21 - INFO - PersonaService.get_personas_disponibles - Personas disponibles obtenidas
2025-07-28 15:22:24 - INFO - LoginComponent.get_user_by_id - Consulta para usuario ID: 1
2025-07-28 15:22:24 - INFO - PersonaService.get_personas_disponibles - Iniciando
2025-07-28 15:22:24 - INFO - PersonaComponent.get_personas_disponibles_para_usuario - 18 personas disponibles
2025-07-28 15:22:24 - INFO - PersonaService.get_personas_disponibles - Personas disponibles obtenidas
2025-07-28 15:22:24 - INFO - LoginComponent.get_user_by_id - Consulta para usuario ID: 1
2025-07-28 15:22:24 - INFO - PersonaService.get_personas - Iniciando
2025-07-28 15:22:24 - INFO - LoginComponent.get_user_by_id - Consulta para usuario ID: 1
2025-07-28 15:22:24 - INFO - PersonaService.get_personas_disponibles - Iniciando
2025-07-28 15:22:24 - INFO - PersonaComponent.get_all_personas - 26 personas encontradas
2025-07-28 15:22:24 - INFO - PersonaService.get_personas - Personas obtenidas exitosamente
2025-07-28 15:22:24 - INFO - PersonaComponent.get_personas_disponibles_para_usuario - 18 personas disponibles
2025-07-28 15:22:24 - INFO - PersonaService.get_personas_disponibles - Personas disponibles obtenidas
2025-07-28 15:22:24 - INFO - LoginComponent.get_user_by_id - Consulta para usuario ID: 1
2025-07-28 15:22:24 - INFO - PersonaService.get_personas - Iniciando
2025-07-28 15:22:24 - INFO - PersonaComponent.get_all_personas - 26 personas encontradas
2025-07-28 15:22:24 - INFO - PersonaService.get_personas - Personas obtenidas exitosamente
2025-07-28 15:22:37 - INFO - LoginService.login - Intento de autenticacion
2025-07-28 15:22:37 - INFO - LoginComponent.get_user_for_login - Busqueda para usuario: admin
2025-07-28 15:22:37 - INFO - LoginComponent.update_last_access - Actualizado para usuario ID: 1
2025-07-28 15:22:37 - INFO - LoginService.login - Autenticacion exitosa: admin
2025-07-28 15:22:39 - INFO - LoginComponent.get_user_by_id - Consulta para usuario ID: 1
2025-07-28 15:22:39 - INFO - PersonalService.get_personal - Iniciando
2025-07-28 15:22:39 - INFO - PersonalComponent.get_all_personal - 6 miembros del personal encontrados
2025-07-28 15:22:39 - INFO - PersonalService.get_personal - Personal obtenido exitosamente
2025-07-28 15:22:39 - INFO - LoginComponent.get_user_by_id - Consulta para usuario ID: 1
2025-07-28 15:22:39 - INFO - PersonaService.get_personas_disponibles - Iniciando
2025-07-28 15:22:39 - INFO - LoginComponent.get_user_by_id - Consulta para usuario ID: 1
2025-07-28 15:22:39 - INFO - EspecialidadService.get_especialidades - Iniciando
2025-07-28 15:22:39 - INFO - PersonaComponent.get_personas_disponibles_para_usuario - 18 personas disponibles
2025-07-28 15:22:39 - INFO - PersonaService.get_personas_disponibles - Personas disponibles obtenidas
2025-07-28 15:22:39 - INFO - EspecialidadComponent.get_all_especialidades - 55 especialidades encontradas
2025-07-28 15:22:39 - INFO - EspecialidadService.get_especialidades - Especialidades obtenidas exitosamente
2025-07-28 15:22:39 - INFO - LoginComponent.get_user_by_id - Consulta para usuario ID: 1
2025-07-28 15:22:39 - INFO - PersonalService.get_personal - Iniciando
2025-07-28 15:22:39 - INFO - PersonalComponent.get_all_personal - 6 miembros del personal encontrados
2025-07-28 15:22:39 - INFO - PersonalService.get_personal - Personal obtenido exitosamente
2025-07-28 15:22:40 - INFO - LoginComponent.get_user_by_id - Consulta para usuario ID: 1
2025-07-28 15:22:40 - INFO - PersonaService.get_personas - Iniciando
2025-07-28 15:22:40 - INFO - LoginComponent.get_user_by_id - Consulta para usuario ID: 1
2025-07-28 15:22:40 - INFO - PersonaService.get_personas_disponibles - Iniciando
2025-07-28 15:22:40 - INFO - LoginComponent.get_user_by_id - Consulta para usuario ID: 1
2025-07-28 15:22:40 - INFO - EspecialidadService.get_especialidades - Iniciando
2025-07-28 15:22:40 - INFO - PersonaComponent.get_all_personas - 26 personas encontradas
2025-07-28 15:22:40 - INFO - PersonaService.get_personas - Personas obtenidas exitosamente
2025-07-28 15:22:40 - INFO - EspecialidadComponent.get_all_especialidades - 55 especialidades encontradas
2025-07-28 15:22:40 - INFO - EspecialidadService.get_especialidades - Especialidades obtenidas exitosamente
2025-07-28 15:22:40 - INFO - PersonaComponent.get_personas_disponibles_para_usuario - 18 personas disponibles
2025-07-28 15:22:40 - INFO - PersonaService.get_personas_disponibles - Personas disponibles obtenidas
2025-07-28 15:22:40 - INFO - LoginComponent.get_user_by_id - Consulta para usuario ID: 1
2025-07-28 15:22:40 - INFO - PersonaService.get_personas - Iniciando
2025-07-28 15:22:40 - INFO - PersonaComponent.get_all_personas - 26 personas encontradas
2025-07-28 15:22:40 - INFO - PersonaService.get_personas - Personas obtenidas exitosamente
2025-07-28 15:22:44 - INFO - LoginComponent.get_user_by_id - Consulta para usuario ID: 1
2025-07-28 15:22:44 - INFO - PersonalService.get_personal - Iniciando
2025-07-28 15:22:44 - INFO - LoginComponent.get_user_by_id - Consulta para usuario ID: 1
2025-07-28 15:22:44 - INFO - PersonaService.get_personas_disponibles - Iniciando
2025-07-28 15:22:44 - INFO - LoginComponent.get_user_by_id - Consulta para usuario ID: 1
2025-07-28 15:22:44 - INFO - EspecialidadService.get_especialidades - Iniciando
2025-07-28 15:22:44 - INFO - EspecialidadComponent.get_all_especialidades - 55 especialidades encontradas
2025-07-28 15:22:44 - INFO - PersonaComponent.get_personas_disponibles_para_usuario - 18 personas disponibles
2025-07-28 15:22:44 - INFO - EspecialidadService.get_especialidades - Especialidades obtenidas exitosamente
2025-07-28 15:22:44 - INFO - PersonaService.get_personas_disponibles - Personas disponibles obtenidas
2025-07-28 15:22:44 - INFO - PersonalComponent.get_all_personal - 6 miembros del personal encontrados
2025-07-28 15:22:44 - INFO - PersonalService.get_personal - Personal obtenido exitosamente
2025-07-28 15:22:44 - INFO - LoginComponent.get_user_by_id - Consulta para usuario ID: 1
2025-07-28 15:22:44 - INFO - EspecialidadService.get_especialidades - Iniciando
2025-07-28 15:22:44 - INFO - EspecialidadComponent.get_all_especialidades - 55 especialidades encontradas
2025-07-28 15:22:44 - INFO - EspecialidadService.get_especialidades - Especialidades obtenidas exitosamente
2025-07-28 15:22:44 - INFO - LoginComponent.get_user_by_id - Consulta para usuario ID: 1
2025-07-28 15:22:44 - INFO - PersonalService.get_personal - Iniciando
2025-07-28 15:22:44 - INFO - LoginComponent.get_user_by_id - Consulta para usuario ID: 1
2025-07-28 15:22:44 - INFO - PersonaService.get_personas_disponibles - Iniciando
2025-07-28 15:22:44 - INFO - PersonaComponent.get_personas_disponibles_para_usuario - 18 personas disponibles
2025-07-28 15:22:44 - INFO - PersonaService.get_personas_disponibles - Personas disponibles obtenidas
2025-07-28 15:22:44 - INFO - PersonalComponent.get_all_personal - 6 miembros del personal encontrados
2025-07-28 15:22:44 - INFO - PersonalService.get_personal - Personal obtenido exitosamente
2025-07-28 15:22:46 - INFO - LoginComponent.get_user_by_id - Consulta para usuario ID: 1
2025-07-28 15:22:46 - INFO - PersonaService.get_personas - Iniciando
2025-07-28 15:22:46 - INFO - PersonaComponent.get_all_personas - 26 personas encontradas
2025-07-28 15:22:46 - INFO - PersonaService.get_personas - Personas obtenidas exitosamente
2025-07-28 15:22:46 - INFO - LoginComponent.get_user_by_id - Consulta para usuario ID: 1
2025-07-28 15:22:46 - INFO - PersonaService.get_personas - Iniciando
2025-07-28 15:22:46 - INFO - PersonaComponent.get_all_personas - 26 personas encontradas
2025-07-28 15:22:46 - INFO - PersonaService.get_personas - Personas obtenidas exitosamente
2025-07-28 15:22:49 - INFO - LoginComponent.get_user_by_id - Consulta para usuario ID: 1
2025-07-28 15:22:49 - INFO - LoginService.verify_token - Token verificado correctamente
2025-07-28 15:22:49 - INFO - LoginComponent.get_user_by_id - Consulta para usuario ID: 1
2025-07-28 15:22:49 - INFO - LoginService.verify_token - Token verificado correctamente
2025-07-28 15:22:50 - INFO - LoginComponent.get_user_by_id - Consulta para usuario ID: 1
2025-07-28 15:22:50 - INFO - Información solicitada para usuario: admin
2025-07-28 15:22:50 - INFO - LoginComponent.get_user_by_id - Consulta para usuario ID: 1
2025-07-28 15:22:50 - INFO - Información solicitada para usuario: admin
2025-07-28 15:22:51 - INFO - LoginComponent.get_user_by_id - Consulta para usuario ID: 1
2025-07-28 15:22:51 - INFO - PersonaService.get_personas_disponibles - Iniciando
2025-07-28 15:22:51 - INFO - LoginComponent.get_user_by_id - Consulta para usuario ID: 1
2025-07-28 15:22:51 - INFO - PersonaService.get_personas - Iniciando
2025-07-28 15:22:51 - INFO - PersonaComponent.get_personas_disponibles_para_usuario - 18 personas disponibles
2025-07-28 15:22:51 - INFO - PersonaService.get_personas_disponibles - Personas disponibles obtenidas
2025-07-28 15:22:51 - INFO - PersonaComponent.get_all_personas - 26 personas encontradas
2025-07-28 15:22:51 - INFO - PersonaService.get_personas - Personas obtenidas exitosamente
2025-07-28 15:22:51 - INFO - LoginComponent.get_user_by_id - Consulta para usuario ID: 1
2025-07-28 15:22:51 - INFO - LoginComponent.get_user_by_id - Consulta para usuario ID: 1
2025-07-28 15:22:51 - INFO - PersonaService.get_personas_disponibles - Iniciando
2025-07-28 15:22:51 - INFO - PersonaService.get_personas - Iniciando
2025-07-28 15:22:51 - INFO - PersonaComponent.get_personas_disponibles_para_usuario - 18 personas disponibles
2025-07-28 15:22:51 - INFO - PersonaService.get_personas_disponibles - Personas disponibles obtenidas
2025-07-28 15:22:51 - INFO - PersonaComponent.get_all_personas - 26 personas encontradas
2025-07-28 15:22:51 - INFO - PersonaService.get_personas - Personas obtenidas exitosamente
2025-07-28 15:22:59 - INFO - LoginComponent.get_user_by_id - Consulta para usuario ID: 1
2025-07-28 15:22:59 - INFO - LoginComponent.get_user_by_id - Consulta para usuario ID: 1
2025-07-28 15:22:59 - INFO - RolService.get_roles - Iniciando
2025-07-28 15:22:59 - INFO - PersonaService.get_personas_disponibles - Iniciando
2025-07-28 15:22:59 - INFO - LoginComponent.get_user_by_id - Consulta para usuario ID: 1
2025-07-28 15:22:59 - INFO - UsuarioService.get_usuarios - Iniciando
2025-07-28 15:22:59 - INFO - RolService.get_roles - 4 roles encontrados
2025-07-28 15:22:59 - INFO - PersonaComponent.get_personas_disponibles_para_usuario - 18 personas disponibles
2025-07-28 15:22:59 - INFO - PersonaService.get_personas_disponibles - Personas disponibles obtenidas
2025-07-28 15:22:59 - INFO - UsuarioComponent.get_all_usuarios - 8 usuarios encontrados
2025-07-28 15:22:59 - INFO - UsuarioService.get_usuarios - Usuarios obtenidos exitosamente
2025-07-28 15:22:59 - INFO - LoginComponent.get_user_by_id - Consulta para usuario ID: 1
2025-07-28 15:22:59 - INFO - RolService.get_roles - Iniciando
2025-07-28 15:22:59 - INFO - LoginComponent.get_user_by_id - Consulta para usuario ID: 1
2025-07-28 15:22:59 - INFO - PersonaService.get_personas_disponibles - Iniciando
2025-07-28 15:22:59 - INFO - LoginComponent.get_user_by_id - Consulta para usuario ID: 1
2025-07-28 15:22:59 - INFO - UsuarioService.get_usuarios - Iniciando
2025-07-28 15:22:59 - INFO - RolService.get_roles - 4 roles encontrados
2025-07-28 15:22:59 - INFO - PersonaComponent.get_personas_disponibles_para_usuario - 18 personas disponibles
2025-07-28 15:22:59 - INFO - PersonaService.get_personas_disponibles - Personas disponibles obtenidas
2025-07-28 15:22:59 - INFO - UsuarioComponent.get_all_usuarios - 8 usuarios encontrados
2025-07-28 15:22:59 - INFO - UsuarioService.get_usuarios - Usuarios obtenidos exitosamente
2025-07-28 15:23:09 - INFO - LoginComponent.get_user_by_id - Consulta para usuario ID: 1
2025-07-28 15:23:09 - INFO - EspecialidadService.get_especialidades - Iniciando
2025-07-28 15:23:09 - INFO - EspecialidadComponent.get_all_especialidades - 55 especialidades encontradas
2025-07-28 15:23:09 - INFO - EspecialidadService.get_especialidades - Especialidades obtenidas exitosamente
2025-07-28 15:23:09 - INFO - LoginComponent.get_user_by_id - Consulta para usuario ID: 1
2025-07-28 15:23:09 - INFO - EspecialidadService.get_especialidades - Iniciando
2025-07-28 15:23:09 - INFO - EspecialidadComponent.get_all_especialidades - 55 especialidades encontradas
2025-07-28 15:23:09 - INFO - EspecialidadService.get_especialidades - Especialidades obtenidas exitosamente
2025-07-28 15:23:13 - INFO - LoginComponent.get_user_by_id - Consulta para usuario ID: 1
2025-07-28 15:23:13 - INFO - EspecialidadService.get_especialidades - Iniciando
2025-07-28 15:23:13 - INFO - EspecialidadComponent.get_all_especialidades - 55 especialidades encontradas
2025-07-28 15:23:13 - INFO - EspecialidadService.get_especialidades - Especialidades obtenidas exitosamente
2025-07-28 15:23:13 - INFO - LoginComponent.get_user_by_id - Consulta para usuario ID: 1
2025-07-28 15:23:13 - INFO - PersonalService.get_personal - Iniciando
2025-07-28 15:23:13 - INFO - LoginComponent.get_user_by_id - Consulta para usuario ID: 1
2025-07-28 15:23:13 - INFO - EspecialidadService.get_especialidades - Iniciando
2025-07-28 15:23:13 - INFO - LoginComponent.get_user_by_id - Consulta para usuario ID: 1
2025-07-28 15:23:13 - INFO - PersonaService.get_personas_disponibles - Iniciando
2025-07-28 15:23:13 - INFO - PersonalComponent.get_all_personal - 6 miembros del personal encontrados
2025-07-28 15:23:13 - INFO - PersonalService.get_personal - Personal obtenido exitosamente
2025-07-28 15:23:13 - INFO - EspecialidadComponent.get_all_especialidades - 55 especialidades encontradas
2025-07-28 15:23:13 - INFO - EspecialidadService.get_especialidades - Especialidades obtenidas exitosamente
2025-07-28 15:23:13 - INFO - PersonaComponent.get_personas_disponibles_para_usuario - 18 personas disponibles
2025-07-28 15:23:13 - INFO - PersonaService.get_personas_disponibles - Personas disponibles obtenidas
2025-07-28 15:23:14 - INFO - LoginComponent.get_user_by_id - Consulta para usuario ID: 1
2025-07-28 15:23:14 - INFO - PersonalService.get_personal - Iniciando
2025-07-28 15:23:14 - INFO - PersonalComponent.get_all_personal - 6 miembros del personal encontrados
2025-07-28 15:23:14 - INFO - PersonalService.get_personal - Personal obtenido exitosamente
2025-07-28 15:23:14 - INFO - LoginComponent.get_user_by_id - Consulta para usuario ID: 1
2025-07-28 15:23:14 - INFO - PersonaService.get_personas_disponibles - Iniciando
2025-07-28 15:23:14 - INFO - PersonaComponent.get_personas_disponibles_para_usuario - 18 personas disponibles
2025-07-28 15:23:14 - INFO - PersonaService.get_personas_disponibles - Personas disponibles obtenidas
2025-07-28 15:24:31 - INFO - LoginComponent.get_user_by_id - Consulta para usuario ID: 1
2025-07-28 15:24:31 - INFO - PersonaService.get_personas - Iniciando
2025-07-28 15:24:31 - INFO - LoginComponent.get_user_by_id - Consulta para usuario ID: 1
2025-07-28 15:24:31 - INFO - PersonaService.get_personas_disponibles - Iniciando
2025-07-28 15:24:31 - INFO - PersonaComponent.get_all_personas - 26 personas encontradas
2025-07-28 15:24:31 - INFO - PersonaService.get_personas - Personas obtenidas exitosamente
2025-07-28 15:24:31 - INFO - LoginComponent.get_user_by_id - Consulta para usuario ID: 1
2025-07-28 15:24:31 - INFO - PersonaService.get_personas - Iniciando
2025-07-28 15:24:31 - INFO - PersonaComponent.get_all_personas - 26 personas encontradas
2025-07-28 15:24:31 - INFO - PersonaService.get_personas - Personas obtenidas exitosamente
2025-07-28 15:24:32 - INFO - PersonaComponent.get_personas_disponibles_para_usuario - 18 personas disponibles
2025-07-28 15:24:32 - INFO - PersonaService.get_personas_disponibles - Personas disponibles obtenidas
2025-07-28 15:24:32 - INFO - LoginComponent.get_user_by_id - Consulta para usuario ID: 1
2025-07-28 15:24:32 - INFO - PersonaService.get_personas_disponibles - Iniciando
2025-07-28 15:24:32 - INFO - PersonaComponent.get_personas_disponibles_para_usuario - 18 personas disponibles
2025-07-28 15:24:32 - INFO - PersonaService.get_personas_disponibles - Personas disponibles obtenidas
2025-07-28 15:24:35 - INFO - LoginComponent.get_user_by_id - Consulta para usuario ID: 1
2025-07-28 15:24:35 - INFO - PersonaService.get_personas_disponibles - Iniciando
2025-07-28 15:24:35 - INFO - LoginComponent.get_user_by_id - Consulta para usuario ID: 1
2025-07-28 15:24:35 - INFO - UsuarioService.get_usuarios - Iniciando
2025-07-28 15:24:35 - INFO - PersonaComponent.get_personas_disponibles_para_usuario - 18 personas disponibles
2025-07-28 15:24:35 - INFO - PersonaService.get_personas_disponibles - Personas disponibles obtenidas
2025-07-28 15:24:35 - INFO - UsuarioComponent.get_all_usuarios - 8 usuarios encontrados
2025-07-28 15:24:35 - INFO - UsuarioService.get_usuarios - Usuarios obtenidos exitosamente
2025-07-28 15:24:35 - INFO - LoginComponent.get_user_by_id - Consulta para usuario ID: 1
2025-07-28 15:24:35 - INFO - RolService.get_roles - Iniciando
2025-07-28 15:24:35 - INFO - LoginComponent.get_user_by_id - Consulta para usuario ID: 1
2025-07-28 15:24:35 - INFO - PersonaService.get_personas_disponibles - Iniciando
2025-07-28 15:24:35 - INFO - RolService.get_roles - 4 roles encontrados
2025-07-28 15:24:35 - INFO - PersonaComponent.get_personas_disponibles_para_usuario - 18 personas disponibles
2025-07-28 15:24:35 - INFO - PersonaService.get_personas_disponibles - Personas disponibles obtenidas
2025-07-28 15:24:35 - INFO - LoginComponent.get_user_by_id - Consulta para usuario ID: 1
2025-07-28 15:24:35 - INFO - UsuarioService.get_usuarios - Iniciando
2025-07-28 15:24:35 - INFO - LoginComponent.get_user_by_id - Consulta para usuario ID: 1
2025-07-28 15:24:35 - INFO - RolService.get_roles - Iniciando
2025-07-28 15:24:35 - INFO - UsuarioComponent.get_all_usuarios - 8 usuarios encontrados
2025-07-28 15:24:35 - INFO - UsuarioService.get_usuarios - Usuarios obtenidos exitosamente
2025-07-28 15:24:35 - INFO - RolService.get_roles - 4 roles encontrados
2025-07-28 15:24:40 - INFO - LoginComponent.get_user_by_id - Consulta para usuario ID: 1
2025-07-28 15:24:40 - INFO - PersonalService.get_personal - Iniciando
2025-07-28 15:24:40 - INFO - LoginComponent.get_user_by_id - Consulta para usuario ID: 1
2025-07-28 15:24:40 - INFO - EspecialidadService.get_especialidades - Iniciando
2025-07-28 15:24:40 - INFO - PersonalComponent.get_all_personal - 6 miembros del personal encontrados
2025-07-28 15:24:40 - INFO - PersonalService.get_personal - Personal obtenido exitosamente
2025-07-28 15:24:40 - INFO - LoginComponent.get_user_by_id - Consulta para usuario ID: 1
2025-07-28 15:24:40 - INFO - PersonaService.get_personas_disponibles - Iniciando
2025-07-28 15:24:40 - INFO - PersonaComponent.get_personas_disponibles_para_usuario - 18 personas disponibles
2025-07-28 15:24:40 - INFO - PersonaService.get_personas_disponibles - Personas disponibles obtenidas
2025-07-28 15:24:40 - INFO - EspecialidadComponent.get_all_especialidades - 55 especialidades encontradas
2025-07-28 15:24:40 - INFO - EspecialidadService.get_especialidades - Especialidades obtenidas exitosamente
2025-07-28 15:24:40 - INFO - LoginComponent.get_user_by_id - Consulta para usuario ID: 1
2025-07-28 15:24:40 - INFO - PersonalService.get_personal - Iniciando
2025-07-28 15:24:41 - INFO - PersonalComponent.get_all_personal - 6 miembros del personal encontrados
2025-07-28 15:24:41 - INFO - PersonalService.get_personal - Personal obtenido exitosamente
2025-07-28 15:24:41 - INFO - LoginComponent.get_user_by_id - Consulta para usuario ID: 1
2025-07-28 15:24:41 - INFO - PersonaService.get_personas_disponibles - Iniciando
2025-07-28 15:24:41 - INFO - LoginComponent.get_user_by_id - Consulta para usuario ID: 1
2025-07-28 15:24:41 - INFO - EspecialidadService.get_especialidades - Iniciando
2025-07-28 15:24:41 - INFO - PersonaComponent.get_personas_disponibles_para_usuario - 18 personas disponibles
2025-07-28 15:24:41 - INFO - PersonaService.get_personas_disponibles - Personas disponibles obtenidas
2025-07-28 15:24:41 - INFO - EspecialidadComponent.get_all_especialidades - 55 especialidades encontradas
2025-07-28 15:24:41 - INFO - EspecialidadService.get_especialidades - Especialidades obtenidas exitosamente
2025-07-28 15:25:24 - INFO - LoginComponent.get_user_by_id - Consulta para usuario ID: 1
2025-07-28 15:25:24 - INFO - PersonalService.create_personal - Iniciando
2025-07-28 15:25:24 - INFO - PersonalComponent.get_personal_by_id - Personal 7 encontrado
2025-07-28 15:25:24 - INFO - PersonalComponent.create_personal - Personal creado con ID: 7
2025-07-28 15:25:24 - INFO - PersonalService.create_personal - Personal creado exitosamente
2025-07-28 15:25:24 - INFO - LoginComponent.get_user_by_id - Consulta para usuario ID: 1
2025-07-28 15:25:24 - INFO - PersonalService.get_personal - Iniciando
2025-07-28 15:25:24 - INFO - LoginComponent.get_user_by_id - Consulta para usuario ID: 1
2025-07-28 15:25:24 - INFO - PersonaService.get_personas_disponibles - Iniciando
2025-07-28 15:25:24 - INFO - PersonaComponent.get_personas_disponibles_para_usuario - 18 personas disponibles
2025-07-28 15:25:24 - INFO - PersonaService.get_personas_disponibles - Personas disponibles obtenidas
2025-07-28 15:25:24 - INFO - PersonalComponent.get_all_personal - 7 miembros del personal encontrados
2025-07-28 15:25:24 - INFO - PersonalService.get_personal - Personal obtenido exitosamente
2025-07-28 15:25:24 - INFO - LoginComponent.get_user_by_id - Consulta para usuario ID: 1
2025-07-28 15:25:24 - INFO - EspecialidadService.get_especialidades - Iniciando
2025-07-28 15:25:25 - INFO - EspecialidadComponent.get_all_especialidades - 55 especialidades encontradas
2025-07-28 15:25:25 - INFO - EspecialidadService.get_especialidades - Especialidades obtenidas exitosamente
2025-07-28 15:25:31 - INFO - LoginComponent.get_user_by_id - Consulta para usuario ID: 1
2025-07-28 15:25:31 - INFO - PersonalService.get_personal_especialidades - Personal ID: 7
2025-07-28 15:25:31 - INFO - PersonalComponent.get_personal_by_id - Personal 7 encontrado
2025-07-28 15:25:31 - INFO - PersonalService.get_personal_especialidades - 0 especialidades encontradas
2025-07-28 15:25:31 - INFO - LoginComponent.get_user_by_id - Consulta para usuario ID: 1
2025-07-28 15:25:31 - INFO - PersonalService.get_personal_especialidades - Personal ID: 7
2025-07-28 15:25:31 - INFO - PersonalComponent.get_personal_by_id - Personal 7 encontrado
2025-07-28 15:25:31 - INFO - PersonalService.get_personal_especialidades - 0 especialidades encontradas
2025-07-28 15:25:35 - INFO - LoginComponent.get_user_by_id - Consulta para usuario ID: 1
2025-07-28 15:25:35 - INFO - PersonalService.assign_especialidad - Personal ID: 7
2025-07-28 15:25:35 - INFO - PersonalComponent.assign_especialidad - Especialidad 36 asignada a personal 7
2025-07-28 15:25:35 - INFO - PersonalService.assign_especialidad - Especialidad 36 asignada a personal 7
2025-07-28 15:25:35 - INFO - LoginComponent.get_user_by_id - Consulta para usuario ID: 1
2025-07-28 15:25:35 - INFO - PersonalService.get_personal_especialidades - Personal ID: 7
2025-07-28 15:25:35 - INFO - LoginComponent.get_user_by_id - Consulta para usuario ID: 1
2025-07-28 15:25:35 - INFO - PersonalService.get_personal - Iniciando
2025-07-28 15:25:35 - INFO - LoginComponent.get_user_by_id - Consulta para usuario ID: 1
2025-07-28 15:25:35 - INFO - PersonaService.get_personas_disponibles - Iniciando
2025-07-28 15:25:35 - INFO - PersonaComponent.get_personas_disponibles_para_usuario - 18 personas disponibles
2025-07-28 15:25:35 - INFO - PersonaService.get_personas_disponibles - Personas disponibles obtenidas
2025-07-28 15:25:35 - INFO - PersonalComponent.get_all_personal - 7 miembros del personal encontrados
2025-07-28 15:25:35 - INFO - PersonalService.get_personal - Personal obtenido exitosamente
2025-07-28 15:25:35 - INFO - PersonalComponent.get_personal_by_id - Personal 7 encontrado
2025-07-28 15:25:35 - INFO - PersonalService.get_personal_especialidades - 1 especialidades encontradas
2025-07-28 15:25:36 - INFO - LoginComponent.get_user_by_id - Consulta para usuario ID: 1
2025-07-28 15:25:36 - INFO - EspecialidadService.get_especialidades - Iniciando
2025-07-28 15:25:36 - INFO - EspecialidadComponent.get_all_especialidades - 55 especialidades encontradas
2025-07-28 15:25:36 - INFO - EspecialidadService.get_especialidades - Especialidades obtenidas exitosamente
2025-07-28 15:25:37 - INFO - LoginComponent.get_user_by_id - Consulta para usuario ID: 1
2025-07-28 15:25:37 - INFO - PersonalService.assign_especialidad - Personal ID: 7
2025-07-28 15:25:38 - INFO - PersonalComponent.assign_especialidad - Especialidad 47 asignada a personal 7
2025-07-28 15:25:38 - INFO - PersonalService.assign_especialidad - Especialidad 47 asignada a personal 7
2025-07-28 15:25:38 - INFO - LoginComponent.get_user_by_id - Consulta para usuario ID: 1
2025-07-28 15:25:38 - INFO - PersonalService.get_personal_especialidades - Personal ID: 7
2025-07-28 15:25:38 - INFO - PersonalComponent.get_personal_by_id - Personal 7 encontrado
2025-07-28 15:25:38 - INFO - PersonalService.get_personal_especialidades - 2 especialidades encontradas
2025-07-28 15:25:38 - INFO - LoginComponent.get_user_by_id - Consulta para usuario ID: 1
2025-07-28 15:25:38 - INFO - PersonaService.get_personas_disponibles - Iniciando
2025-07-28 15:25:38 - INFO - LoginComponent.get_user_by_id - Consulta para usuario ID: 1
2025-07-28 15:25:38 - INFO - EspecialidadService.get_especialidades - Iniciando
2025-07-28 15:25:38 - INFO - LoginComponent.get_user_by_id - Consulta para usuario ID: 1
2025-07-28 15:25:38 - INFO - PersonalService.get_personal - Iniciando
2025-07-28 15:25:38 - INFO - EspecialidadComponent.get_all_especialidades - 55 especialidades encontradas
2025-07-28 15:25:38 - INFO - EspecialidadService.get_especialidades - Especialidades obtenidas exitosamente
2025-07-28 15:25:38 - INFO - PersonaComponent.get_personas_disponibles_para_usuario - 18 personas disponibles
2025-07-28 15:25:38 - INFO - PersonaService.get_personas_disponibles - Personas disponibles obtenidas
2025-07-28 15:25:38 - INFO - PersonalComponent.get_all_personal - 7 miembros del personal encontrados
2025-07-28 15:25:38 - INFO - PersonalService.get_personal - Personal obtenido exitosamente
2025-07-28 15:25:42 - INFO - LoginComponent.get_user_by_id - Consulta para usuario ID: 1
2025-07-28 15:25:42 - INFO - LoginService.verify_token - Token verificado correctamente
2025-07-28 15:25:42 - INFO - LoginComponent.get_user_by_id - Consulta para usuario ID: 1
2025-07-28 15:25:42 - INFO - LoginService.verify_token - Token verificado correctamente
2025-07-28 15:25:43 - INFO - LoginComponent.get_user_by_id - Consulta para usuario ID: 1
2025-07-28 15:25:43 - INFO - Información solicitada para usuario: admin
2025-07-28 15:25:43 - INFO - LoginComponent.get_user_by_id - Consulta para usuario ID: 1
2025-07-28 15:25:43 - INFO - Información solicitada para usuario: admin
2025-07-28 15:25:44 - INFO - LoginComponent.get_user_by_id - Consulta para usuario ID: 1
2025-07-28 15:25:44 - INFO - EspecialidadService.get_especialidades - Iniciando
2025-07-28 15:25:44 - INFO - LoginComponent.get_user_by_id - Consulta para usuario ID: 1
2025-07-28 15:25:44 - INFO - LoginComponent.get_user_by_id - Consulta para usuario ID: 1
2025-07-28 15:25:44 - INFO - PersonaService.get_personas_disponibles - Iniciando
2025-07-28 15:25:44 - INFO - PersonalService.get_personal - Iniciando
2025-07-28 15:25:44 - INFO - PersonaComponent.get_personas_disponibles_para_usuario - 18 personas disponibles
2025-07-28 15:25:44 - INFO - EspecialidadComponent.get_all_especialidades - 55 especialidades encontradas
2025-07-28 15:25:44 - INFO - PersonaService.get_personas_disponibles - Personas disponibles obtenidas
2025-07-28 15:25:44 - INFO - EspecialidadService.get_especialidades - Especialidades obtenidas exitosamente
2025-07-28 15:25:44 - INFO - PersonalComponent.get_all_personal - 7 miembros del personal encontrados
2025-07-28 15:25:44 - INFO - PersonalService.get_personal - Personal obtenido exitosamente
2025-07-28 15:25:44 - INFO - LoginComponent.get_user_by_id - Consulta para usuario ID: 1
2025-07-28 15:25:44 - INFO - EspecialidadService.get_especialidades - Iniciando
2025-07-28 15:25:44 - INFO - LoginComponent.get_user_by_id - Consulta para usuario ID: 1
2025-07-28 15:25:44 - INFO - LoginComponent.get_user_by_id - Consulta para usuario ID: 1
2025-07-28 15:25:44 - INFO - PersonaService.get_personas_disponibles - Iniciando
2025-07-28 15:25:44 - INFO - PersonalService.get_personal - Iniciando
2025-07-28 15:25:44 - INFO - EspecialidadComponent.get_all_especialidades - 55 especialidades encontradas
2025-07-28 15:25:44 - INFO - EspecialidadService.get_especialidades - Especialidades obtenidas exitosamente
2025-07-28 15:25:44 - INFO - PersonaComponent.get_personas_disponibles_para_usuario - 18 personas disponibles
2025-07-28 15:25:44 - INFO - PersonaService.get_personas_disponibles - Personas disponibles obtenidas
2025-07-28 15:25:44 - INFO - PersonalComponent.get_all_personal - 7 miembros del personal encontrados
2025-07-28 15:25:44 - INFO - PersonalService.get_personal - Personal obtenido exitosamente
2025-07-28 15:25:47 - INFO - LoginComponent.get_user_by_id - Consulta para usuario ID: 1
2025-07-28 15:25:47 - INFO - PersonalService.get_personal_especialidades - Personal ID: 7
2025-07-28 15:25:47 - INFO - PersonalComponent.get_personal_by_id - Personal 7 encontrado
2025-07-28 15:25:47 - INFO - PersonalService.get_personal_especialidades - 2 especialidades encontradas
2025-07-28 15:25:47 - INFO - LoginComponent.get_user_by_id - Consulta para usuario ID: 1
2025-07-28 15:25:47 - INFO - PersonalService.get_personal_especialidades - Personal ID: 7
2025-07-28 15:25:47 - INFO - PersonalComponent.get_personal_by_id - Personal 7 encontrado
2025-07-28 15:25:47 - INFO - PersonalService.get_personal_especialidades - 2 especialidades encontradas
2025-07-28 15:26:07 - INFO - LoginService.login - Intento de autenticacion
2025-07-28 15:26:07 - INFO - LoginComponent.get_user_for_login - Busqueda para usuario: glenda.rodriguez
2025-07-28 15:26:08 - INFO - LoginComponent.update_last_access - Actualizado para usuario ID: 2
2025-07-28 15:26:08 - INFO - LoginService.login - Autenticacion exitosa: glenda.rodriguez
2025-07-28 15:26:09 - INFO - LoginComponent.get_user_by_id - Consulta para usuario ID: 2
2025-07-28 15:26:09 - INFO - PersonaService.get_personas - Iniciando
2025-07-28 15:26:09 - INFO - PersonaComponent.get_all_personas - 26 personas encontradas
2025-07-28 15:26:09 - INFO - PersonaService.get_personas - Personas obtenidas exitosamente
2025-07-28 15:26:10 - INFO - LoginComponent.get_user_by_id - Consulta para usuario ID: 2
2025-07-28 15:26:10 - INFO - PersonaService.get_personas - Iniciando
2025-07-28 15:26:10 - INFO - PersonaComponent.get_all_personas - 26 personas encontradas
2025-07-28 15:26:10 - INFO - PersonaService.get_personas - Personas obtenidas exitosamente
2025-07-28 15:26:11 - INFO - LoginComponent.get_user_by_id - Consulta para usuario ID: 2
2025-07-28 15:26:11 - INFO - LoginComponent.get_user_by_id - Consulta para usuario ID: 2
2025-07-28 15:26:11 - INFO - PersonaService.get_personas_disponibles - Iniciando
2025-07-28 15:26:11 - INFO - PersonalService.get_personal - Iniciando
2025-07-28 15:26:11 - INFO - LoginComponent.get_user_by_id - Consulta para usuario ID: 2
2025-07-28 15:26:11 - INFO - EspecialidadService.get_especialidades - Iniciando
2025-07-28 15:26:11 - INFO - PersonaComponent.get_personas_disponibles_para_usuario - 18 personas disponibles
2025-07-28 15:26:11 - INFO - PersonaService.get_personas_disponibles - Personas disponibles obtenidas
2025-07-28 15:26:11 - INFO - EspecialidadComponent.get_all_especialidades - 55 especialidades encontradas
2025-07-28 15:26:11 - INFO - EspecialidadService.get_especialidades - Especialidades obtenidas exitosamente
2025-07-28 15:26:11 - INFO - PersonalComponent.get_all_personal - 7 miembros del personal encontrados
2025-07-28 15:26:11 - INFO - PersonalService.get_personal - Personal obtenido exitosamente
2025-07-28 15:26:11 - INFO - LoginComponent.get_user_by_id - Consulta para usuario ID: 2
2025-07-28 15:26:11 - INFO - EspecialidadService.get_especialidades - Iniciando
2025-07-28 15:26:11 - INFO - LoginComponent.get_user_by_id - Consulta para usuario ID: 2
2025-07-28 15:26:11 - INFO - PersonaService.get_personas_disponibles - Iniciando
2025-07-28 15:26:11 - INFO - LoginComponent.get_user_by_id - Consulta para usuario ID: 2
2025-07-28 15:26:11 - INFO - PersonalService.get_personal - Iniciando
2025-07-28 15:26:11 - INFO - EspecialidadComponent.get_all_especialidades - 55 especialidades encontradas
2025-07-28 15:26:11 - INFO - EspecialidadService.get_especialidades - Especialidades obtenidas exitosamente
2025-07-28 15:26:11 - INFO - PersonaComponent.get_personas_disponibles_para_usuario - 18 personas disponibles
2025-07-28 15:26:11 - INFO - PersonaService.get_personas_disponibles - Personas disponibles obtenidas
2025-07-28 15:26:11 - INFO - PersonalComponent.get_all_personal - 7 miembros del personal encontrados
2025-07-28 15:26:11 - INFO - PersonalService.get_personal - Personal obtenido exitosamente
2025-07-28 15:26:13 - INFO - LoginComponent.get_user_by_id - Consulta para usuario ID: 2
2025-07-28 15:26:13 - INFO - PersonalService.get_personal_especialidades - Personal ID: 7
2025-07-28 15:26:13 - INFO - PersonalComponent.get_personal_by_id - Personal 7 encontrado
2025-07-28 15:26:13 - INFO - PersonalService.get_personal_especialidades - 2 especialidades encontradas
2025-07-28 15:26:13 - INFO - LoginComponent.get_user_by_id - Consulta para usuario ID: 2
2025-07-28 15:26:13 - INFO - PersonalService.get_personal_especialidades - Personal ID: 7
2025-07-28 15:26:13 - INFO - PersonalComponent.get_personal_by_id - Personal 7 encontrado
2025-07-28 15:26:13 - INFO - PersonalService.get_personal_especialidades - 2 especialidades encontradas
2025-07-28 15:26:19 - INFO - LoginComponent.get_user_by_id - Consulta para usuario ID: 2
2025-07-28 15:26:19 - INFO - LoginService.verify_token - Token verificado correctamente
2025-07-28 15:26:19 - INFO - LoginComponent.get_user_by_id - Consulta para usuario ID: 2
2025-07-28 15:26:19 - INFO - LoginService.verify_token - Token verificado correctamente
2025-07-28 15:26:19 - INFO - LoginComponent.get_user_by_id - Consulta para usuario ID: 2
2025-07-28 15:26:19 - INFO - Información solicitada para usuario: glenda.rodriguez
2025-07-28 15:26:19 - INFO - LoginComponent.get_user_by_id - Consulta para usuario ID: 2
2025-07-28 15:26:19 - INFO - Información solicitada para usuario: glenda.rodriguez
2025-07-28 15:26:21 - INFO - LoginComponent.get_user_by_id - Consulta para usuario ID: 2
2025-07-28 15:26:21 - INFO - PersonalService.get_personal - Iniciando
2025-07-28 15:26:21 - INFO - PersonalComponent.get_all_personal - 7 miembros del personal encontrados
2025-07-28 15:26:21 - INFO - PersonalService.get_personal - Personal obtenido exitosamente
2025-07-28 15:26:22 - INFO - LoginComponent.get_user_by_id - Consulta para usuario ID: 2
2025-07-28 15:26:22 - INFO - LoginComponent.get_user_by_id - Consulta para usuario ID: 2
2025-07-28 15:26:22 - INFO - PersonaService.get_personas_disponibles - Iniciando
2025-07-28 15:26:22 - INFO - EspecialidadService.get_especialidades - Iniciando
2025-07-28 15:26:22 - INFO - PersonaComponent.get_personas_disponibles_para_usuario - 18 personas disponibles
2025-07-28 15:26:22 - INFO - EspecialidadComponent.get_all_especialidades - 55 especialidades encontradas
2025-07-28 15:26:22 - INFO - EspecialidadService.get_especialidades - Especialidades obtenidas exitosamente
2025-07-28 15:26:22 - INFO - LoginComponent.get_user_by_id - Consulta para usuario ID: 2
2025-07-28 15:26:22 - INFO - PersonalService.get_personal - Iniciando
2025-07-28 15:26:22 - INFO - PersonalComponent.get_all_personal - 7 miembros del personal encontrados
2025-07-28 15:26:22 - INFO - PersonalService.get_personal - Personal obtenido exitosamente
2025-07-28 15:26:22 - INFO - LoginComponent.get_user_by_id - Consulta para usuario ID: 2
2025-07-28 15:26:22 - INFO - LoginComponent.get_user_by_id - Consulta para usuario ID: 2
2025-07-28 15:26:22 - INFO - PersonaService.get_personas_disponibles - Iniciando
2025-07-28 15:26:22 - INFO - EspecialidadService.get_especialidades - Iniciando
2025-07-28 15:26:22 - INFO - PersonaComponent.get_personas_disponibles_para_usuario - 18 personas disponibles
2025-07-28 15:26:22 - INFO - PersonaService.get_personas_disponibles - Personas disponibles obtenidas
2025-07-28 15:26:22 - INFO - EspecialidadComponent.get_all_especialidades - 55 especialidades encontradas
2025-07-28 15:26:22 - INFO - EspecialidadService.get_especialidades - Especialidades obtenidas exitosamente
2025-07-28 15:26:26 - INFO - LoginComponent.get_user_by_id - Consulta para usuario ID: 2
2025-07-28 15:26:26 - INFO - PersonalService.get_personal_especialidades - Personal ID: 7
2025-07-28 15:26:26 - INFO - PersonalComponent.get_personal_by_id - Personal 7 encontrado
2025-07-28 15:26:26 - INFO - PersonalService.get_personal_especialidades - 2 especialidades encontradas
2025-07-28 15:26:26 - INFO - LoginComponent.get_user_by_id - Consulta para usuario ID: 2
2025-07-28 15:26:26 - INFO - PersonalService.get_personal_especialidades - Personal ID: 7
2025-07-28 15:26:26 - INFO - PersonalComponent.get_personal_by_id - Personal 7 encontrado
2025-07-28 15:26:26 - INFO - PersonalService.get_personal_especialidades - 2 especialidades encontradas
2025-07-28 15:27:06 - INFO - LoginComponent.get_user_by_id - Consulta para usuario ID: 2
2025-07-28 15:27:06 - INFO - PersonalService.get_personal_especialidades - Personal ID: 1
2025-07-28 15:27:06 - INFO - PersonalComponent.get_personal_by_id - Personal 1 encontrado
2025-07-28 15:27:06 - INFO - PersonalService.get_personal_especialidades - 2 especialidades encontradas
2025-07-28 15:27:06 - INFO - LoginComponent.get_user_by_id - Consulta para usuario ID: 2
2025-07-28 15:27:06 - INFO - PersonalService.get_personal_especialidades - Personal ID: 1
2025-07-28 15:27:06 - INFO - PersonalComponent.get_personal_by_id - Personal 1 encontrado
2025-07-28 15:27:06 - INFO - PersonalService.get_personal_especialidades - 2 especialidades encontradas
2025-07-28 15:27:09 - INFO - LoginComponent.get_user_by_id - Consulta para usuario ID: 2
2025-07-28 15:27:09 - INFO - PersonalService.get_personal_especialidades - Personal ID: 4
2025-07-28 15:27:09 - INFO - PersonalComponent.get_personal_by_id - Personal 4 encontrado
2025-07-28 15:27:09 - INFO - PersonalService.get_personal_especialidades - 2 especialidades encontradas
2025-07-28 15:27:09 - INFO - LoginComponent.get_user_by_id - Consulta para usuario ID: 2
2025-07-28 15:27:09 - INFO - PersonalService.get_personal_especialidades - Personal ID: 4
2025-07-28 15:27:09 - INFO - PersonalComponent.get_personal_by_id - Personal 4 encontrado
2025-07-28 15:27:09 - INFO - PersonalService.get_personal_especialidades - 2 especialidades encontradas
2025-07-28 15:27:50 - INFO - app - Iniciando Sistema Tía Glenda Backend
2025-07-28 15:27:54 - INFO - app - Iniciando Sistema Tía Glenda Backend
2025-07-28 15:27:55 - INFO - app - Iniciando Sistema Tía Glenda Backend
2025-07-28 15:29:33 - INFO - LoginService.login - Intento de autenticacion
2025-07-28 15:29:33 - INFO - LoginComponent.get_user_for_login - Busqueda para usuario: admin
2025-07-28 15:29:34 - INFO - LoginComponent.update_last_access - Actualizado para usuario ID: 1
2025-07-28 15:29:34 - INFO - LoginService.login - Autenticacion exitosa: admin
2025-07-28 15:30:03 - INFO - LoginComponent.get_user_by_id - Consulta para usuario ID: 1
2025-07-28 15:30:03 - INFO - PersonalService.get_personal - Iniciando
2025-07-28 15:30:03 - INFO - PersonalComponent.get_all_personal - 7 miembros del personal encontrados con especialidades
2025-07-28 15:30:03 - INFO - PersonalService.get_personal - Personal obtenido exitosamente
2025-07-28 15:31:18 - INFO - app - Iniciando Sistema Tía Glenda Backend
2025-07-28 15:31:18 - INFO - app - Iniciando Sistema Tía Glenda Backend
2025-07-28 15:31:23 - INFO - LoginComponent.get_user_by_id - Consulta para usuario ID: 2
2025-07-28 15:31:23 - INFO - LoginService.verify_token - Token verificado correctamente
2025-07-28 15:31:23 - INFO - LoginComponent.get_user_by_id - Consulta para usuario ID: 2
2025-07-28 15:31:23 - INFO - LoginService.verify_token - Token verificado correctamente
2025-07-28 15:31:24 - INFO - LoginComponent.get_user_by_id - Consulta para usuario ID: 2
2025-07-28 15:31:24 - INFO - Información solicitada para usuario: glenda.rodriguez
2025-07-28 15:31:24 - INFO - LoginComponent.get_user_by_id - Consulta para usuario ID: 2
2025-07-28 15:31:24 - INFO - Información solicitada para usuario: glenda.rodriguez
2025-07-28 15:31:25 - INFO - LoginComponent.get_user_by_id - Consulta para usuario ID: 2
2025-07-28 15:31:25 - INFO - PersonalService.get_personal - Iniciando
2025-07-28 15:31:26 - INFO - LoginComponent.get_user_by_id - Consulta para usuario ID: 2
2025-07-28 15:31:26 - INFO - EspecialidadService.get_especialidades - Iniciando
2025-07-28 15:31:26 - INFO - EspecialidadComponent.get_all_especialidades - 55 especialidades encontradas
2025-07-28 15:31:26 - INFO - EspecialidadService.get_especialidades - Especialidades obtenidas exitosamente
2025-07-28 15:31:26 - INFO - LoginComponent.get_user_by_id - Consulta para usuario ID: 2
2025-07-28 15:31:26 - INFO - PersonaService.get_personas_disponibles - Iniciando
2025-07-28 15:31:26 - INFO - PersonaComponent.get_personas_disponibles_para_usuario - 18 personas disponibles
2025-07-28 15:31:26 - INFO - PersonaService.get_personas_disponibles - Personas disponibles obtenidas
2025-07-28 15:31:26 - INFO - PersonalComponent.get_all_personal - 7 miembros del personal encontrados con especialidades
2025-07-28 15:31:26 - INFO - PersonalService.get_personal - Personal obtenido exitosamente
2025-07-28 15:31:26 - INFO - LoginComponent.get_user_by_id - Consulta para usuario ID: 2
2025-07-28 15:31:26 - INFO - EspecialidadService.get_especialidades - Iniciando
2025-07-28 15:31:26 - INFO - EspecialidadComponent.get_all_especialidades - 55 especialidades encontradas
2025-07-28 15:31:26 - INFO - EspecialidadService.get_especialidades - Especialidades obtenidas exitosamente
2025-07-28 15:31:26 - INFO - LoginComponent.get_user_by_id - Consulta para usuario ID: 2
2025-07-28 15:31:26 - INFO - PersonaService.get_personas_disponibles - Iniciando
2025-07-28 15:31:26 - INFO - PersonaComponent.get_personas_disponibles_para_usuario - 18 personas disponibles
2025-07-28 15:31:26 - INFO - PersonaService.get_personas_disponibles - Personas disponibles obtenidas
2025-07-28 15:31:26 - INFO - LoginComponent.get_user_by_id - Consulta para usuario ID: 2
2025-07-28 15:31:26 - INFO - PersonalService.get_personal - Iniciando
2025-07-28 15:31:27 - INFO - PersonalComponent.get_all_personal - 7 miembros del personal encontrados con especialidades
2025-07-28 15:31:27 - INFO - PersonalService.get_personal - Personal obtenido exitosamente
2025-07-28 15:32:31 - INFO - LoginComponent.get_user_by_id - Consulta para usuario ID: 2
2025-07-28 15:32:31 - INFO - EspecialidadService.get_especialidades - Iniciando
2025-07-28 15:32:31 - INFO - EspecialidadComponent.get_all_especialidades - 55 especialidades encontradas
2025-07-28 15:32:31 - INFO - EspecialidadService.get_especialidades - Especialidades obtenidas exitosamente
2025-07-28 15:32:31 - INFO - LoginComponent.get_user_by_id - Consulta para usuario ID: 2
2025-07-28 15:32:31 - INFO - EspecialidadService.get_especialidades - Iniciando
2025-07-28 15:32:31 - INFO - EspecialidadComponent.get_all_especialidades - 55 especialidades encontradas
2025-07-28 15:32:31 - INFO - EspecialidadService.get_especialidades - Especialidades obtenidas exitosamente
2025-07-28 15:32:47 - INFO - LoginComponent.get_user_by_id - Consulta para usuario ID: 2
2025-07-28 15:32:47 - INFO - LoginComponent.get_user_by_id - Consulta para usuario ID: 2
2025-07-28 15:32:47 - INFO - TutorService.get_personas_disponibles - Iniciando
2025-07-28 15:32:47 - INFO - TutorService.get_estadisticas - Iniciando
2025-07-28 15:32:47 - INFO - LoginComponent.get_user_by_id - Consulta para usuario ID: 2
2025-07-28 15:32:47 - INFO - TutorService.get_tutores - Iniciando
2025-07-28 15:32:47 - INFO - TutorComponent.get_personas_disponibles_para_tutor - 17 personas disponibles
2025-07-28 15:32:47 - INFO - TutorService.get_personas_disponibles - Personas disponibles obtenidas
2025-07-28 15:32:47 - INFO - TutorComponent.get_all_tutores - 9 tutores encontrados
2025-07-28 15:32:47 - INFO - TutorService.get_tutores - Tutores obtenidos exitosamente
2025-07-28 15:32:47 - INFO - TutorComponent.get_estadisticas_tutores - Estadísticas obtenidas
2025-07-28 15:32:47 - INFO - TutorService.get_estadisticas - Estadísticas obtenidas
2025-07-28 15:32:47 - INFO - LoginComponent.get_user_by_id - Consulta para usuario ID: 2
2025-07-28 15:32:47 - INFO - TutorService.get_personas_disponibles - Iniciando
2025-07-28 15:32:47 - INFO - LoginComponent.get_user_by_id - Consulta para usuario ID: 2
2025-07-28 15:32:47 - INFO - TutorService.get_tutores - Iniciando
2025-07-28 15:32:47 - INFO - LoginComponent.get_user_by_id - Consulta para usuario ID: 2
2025-07-28 15:32:47 - INFO - TutorService.get_estadisticas - Iniciando
2025-07-28 15:32:47 - INFO - TutorComponent.get_personas_disponibles_para_tutor - 17 personas disponibles
2025-07-28 15:32:47 - INFO - TutorService.get_personas_disponibles - Personas disponibles obtenidas
2025-07-28 15:32:47 - INFO - TutorComponent.get_all_tutores - 9 tutores encontrados
2025-07-28 15:32:47 - INFO - TutorService.get_tutores - Tutores obtenidos exitosamente
2025-07-28 15:32:47 - INFO - TutorComponent.get_estadisticas_tutores - Estadísticas obtenidas
2025-07-28 15:32:47 - INFO - TutorService.get_estadisticas - Estadísticas obtenidas
2025-07-28 15:32:58 - INFO - LoginComponent.get_user_by_id - Consulta para usuario ID: 2
2025-07-28 15:32:58 - INFO - TutorService.update_tutor - ID: 3
2025-07-28 15:32:58 - INFO - TutorComponent.get_tutor_by_id - Tutor 3 encontrado
2025-07-28 15:32:58 - INFO - TutorComponent.update_tutor - Tutor 3 actualizado
2025-07-28 15:32:58 - INFO - TutorService.update_tutor - Tutor 3 actualizado
2025-07-28 15:32:58 - INFO - LoginComponent.get_user_by_id - Consulta para usuario ID: 2
2025-07-28 15:32:58 - INFO - TutorService.get_tutores - Iniciando
2025-07-28 15:32:58 - INFO - TutorComponent.get_all_tutores - 9 tutores encontrados
2025-07-28 15:32:58 - INFO - TutorService.get_tutores - Tutores obtenidos exitosamente
2025-07-28 15:32:59 - INFO - LoginComponent.get_user_by_id - Consulta para usuario ID: 2
2025-07-28 15:32:59 - INFO - LoginComponent.get_user_by_id - Consulta para usuario ID: 2
2025-07-28 15:32:59 - INFO - TutorService.get_personas_disponibles - Iniciando
2025-07-28 15:32:59 - INFO - TutorService.get_estadisticas - Iniciando
2025-07-28 15:32:59 - INFO - TutorComponent.get_personas_disponibles_para_tutor - 17 personas disponibles
2025-07-28 15:32:59 - INFO - TutorService.get_personas_disponibles - Personas disponibles obtenidas
2025-07-28 15:32:59 - INFO - TutorComponent.get_estadisticas_tutores - Estadísticas obtenidas
2025-07-28 15:32:59 - INFO - TutorService.get_estadisticas - Estadísticas obtenidas
2025-07-28 15:33:09 - INFO - LoginComponent.get_user_by_id - Consulta para usuario ID: 2
2025-07-28 15:33:09 - INFO - TutorService.update_tutor - ID: 3
2025-07-28 15:33:10 - INFO - TutorComponent.get_tutor_by_id - Tutor 3 encontrado
2025-07-28 15:33:10 - INFO - TutorComponent.update_tutor - Tutor 3 actualizado
2025-07-28 15:33:10 - INFO - TutorService.update_tutor - Tutor 3 actualizado
2025-07-28 15:33:10 - INFO - LoginComponent.get_user_by_id - Consulta para usuario ID: 2
2025-07-28 15:33:10 - INFO - TutorService.get_tutores - Iniciando
2025-07-28 15:33:10 - INFO - TutorComponent.get_all_tutores - 9 tutores encontrados
2025-07-28 15:33:10 - INFO - TutorService.get_tutores - Tutores obtenidos exitosamente
2025-07-28 15:33:10 - INFO - LoginComponent.get_user_by_id - Consulta para usuario ID: 2
2025-07-28 15:33:10 - INFO - TutorService.get_estadisticas - Iniciando
2025-07-28 15:33:10 - INFO - LoginComponent.get_user_by_id - Consulta para usuario ID: 2
2025-07-28 15:33:10 - INFO - TutorService.get_personas_disponibles - Iniciando
2025-07-28 15:33:10 - INFO - TutorComponent.get_personas_disponibles_para_tutor - 17 personas disponibles
2025-07-28 15:33:10 - INFO - TutorService.get_personas_disponibles - Personas disponibles obtenidas
2025-07-28 15:33:10 - INFO - TutorComponent.get_estadisticas_tutores - Estadísticas obtenidas
2025-07-28 15:33:10 - INFO - TutorService.get_estadisticas - Estadísticas obtenidas
2025-07-28 15:33:39 - INFO - LoginComponent.get_user_by_id - Consulta para usuario ID: 2
2025-07-28 15:33:39 - INFO - LoginComponent.get_user_by_id - Consulta para usuario ID: 2
2025-07-28 15:33:39 - INFO - LoginComponent.get_user_by_id - Consulta para usuario ID: 2
2025-07-28 15:33:39 - INFO - LoginComponent.get_user_by_id - Consulta para usuario ID: 2
2025-07-28 15:33:39 - INFO - PacienteService.get_estadisticas - Iniciando
2025-07-28 15:33:39 - INFO - PacienteService.get_pacientes - Iniciando
2025-07-28 15:33:39 - INFO - PacienteService.get_personas_disponibles - Iniciando
2025-07-28 15:33:39 - INFO - TutorComponent.get_all_tutores - 9 tutores encontrados
2025-07-28 15:33:39 - INFO - TutorService.get_tutores - Tutores obtenidos exitosamente
2025-07-28 15:33:39 - INFO - PacienteComponent.get_personas_disponibles_para_paciente - 17 personas disponibles
2025-07-28 15:33:39 - INFO - PacienteComponent.get_all_pacientes - 9 pacientes encontrados
2025-07-28 15:33:39 - INFO - PacienteService.get_personas_disponibles - Personas disponibles obtenidas
2025-07-28 15:33:39 - INFO - PacienteService.get_pacientes - Pacientes obtenidos exitosamente
2025-07-28 15:33:39 - INFO - PacienteComponent.get_estadisticas_pacientes - Estadísticas obtenidas
2025-07-28 15:33:39 - INFO - PacienteService.get_estadisticas - Estadísticas obtenidas
2025-07-28 15:33:40 - INFO - LoginComponent.get_user_by_id - Consulta para usuario ID: 2
2025-07-28 15:33:40 - INFO - TutorService.get_tutores - Iniciando
2025-07-28 15:33:40 - INFO - LoginComponent.get_user_by_id - Consulta para usuario ID: 2
2025-07-28 15:33:40 - INFO - PacienteService.get_pacientes - Iniciando
2025-07-28 15:33:40 - INFO - LoginComponent.get_user_by_id - Consulta para usuario ID: 2
2025-07-28 15:33:40 - INFO - PacienteService.get_personas_disponibles - Iniciando
2025-07-28 15:33:40 - INFO - TutorComponent.get_all_tutores - 9 tutores encontrados
2025-07-28 15:33:40 - INFO - TutorService.get_tutores - Tutores obtenidos exitosamente
2025-07-28 15:33:40 - INFO - LoginComponent.get_user_by_id - Consulta para usuario ID: 2
2025-07-28 15:33:40 - INFO - PacienteService.get_estadisticas - Iniciando
2025-07-28 15:33:40 - INFO - PacienteComponent.get_all_pacientes - 9 pacientes encontrados
2025-07-28 15:33:40 - INFO - PacienteService.get_pacientes - Pacientes obtenidos exitosamente
2025-07-28 15:33:40 - INFO - PacienteComponent.get_personas_disponibles_para_paciente - 17 personas disponibles
2025-07-28 15:33:40 - INFO - PacienteService.get_personas_disponibles - Personas disponibles obtenidas
2025-07-28 15:33:40 - INFO - PacienteComponent.get_estadisticas_pacientes - Estadísticas obtenidas
2025-07-28 15:33:40 - INFO - PacienteService.get_estadisticas - Estadísticas obtenidas
2025-07-28 15:34:06 - INFO - LoginComponent.get_user_by_id - Consulta para usuario ID: 2
2025-07-28 15:34:06 - INFO - PacienteService.update_paciente - ID: 9
2025-07-28 15:34:33 - INFO - LoginComponent.get_user_by_id - Consulta para usuario ID: 2
2025-07-28 15:34:33 - INFO - LoginService.verify_token - Token verificado correctamente
2025-07-28 15:34:33 - INFO - LoginComponent.get_user_by_id - Consulta para usuario ID: 2
2025-07-28 15:34:33 - INFO - LoginService.verify_token - Token verificado correctamente
2025-07-28 15:34:34 - INFO - LoginComponent.get_user_by_id - Consulta para usuario ID: 2
2025-07-28 15:34:34 - INFO - Información solicitada para usuario: glenda.rodriguez
2025-07-28 15:34:34 - INFO - LoginComponent.get_user_by_id - Consulta para usuario ID: 2
2025-07-28 15:34:34 - INFO - Información solicitada para usuario: glenda.rodriguez
2025-07-28 15:34:35 - INFO - LoginComponent.get_user_by_id - Consulta para usuario ID: 2
2025-07-28 15:34:35 - INFO - LoginComponent.get_user_by_id - Consulta para usuario ID: 2
2025-07-28 15:34:35 - INFO - PacienteService.get_personas_disponibles - Iniciando
2025-07-28 15:34:35 - INFO - PacienteService.get_pacientes - Iniciando
2025-07-28 15:34:35 - INFO - LoginComponent.get_user_by_id - Consulta para usuario ID: 2
2025-07-28 15:34:35 - INFO - LoginComponent.get_user_by_id - Consulta para usuario ID: 2
2025-07-28 15:34:35 - INFO - PacienteService.get_estadisticas - Iniciando
2025-07-28 15:34:35 - INFO - TutorService.get_tutores - Iniciando
2025-07-28 15:34:35 - INFO - PacienteComponent.get_personas_disponibles_para_paciente - 17 personas disponibles
2025-07-28 15:34:35 - INFO - PacienteService.get_personas_disponibles - Personas disponibles obtenidas
2025-07-28 15:34:35 - INFO - PacienteComponent.get_all_pacientes - 9 pacientes encontrados
2025-07-28 15:34:35 - INFO - PacienteService.get_pacientes - Pacientes obtenidos exitosamente
2025-07-28 15:34:35 - INFO - TutorComponent.get_all_tutores - 9 tutores encontrados
2025-07-28 15:34:35 - INFO - TutorService.get_tutores - Tutores obtenidos exitosamente
2025-07-28 15:34:35 - INFO - PacienteComponent.get_estadisticas_pacientes - Estadísticas obtenidas
2025-07-28 15:34:35 - INFO - PacienteService.get_estadisticas - Estadísticas obtenidas
2025-07-28 15:34:36 - INFO - LoginComponent.get_user_by_id - Consulta para usuario ID: 2
2025-07-28 15:34:36 - INFO - PacienteService.get_personas_disponibles - Iniciando
2025-07-28 15:34:36 - INFO - LoginComponent.get_user_by_id - Consulta para usuario ID: 2
2025-07-28 15:34:36 - INFO - PacienteService.get_pacientes - Iniciando
2025-07-28 15:34:36 - INFO - LoginComponent.get_user_by_id - Consulta para usuario ID: 2
2025-07-28 15:34:36 - INFO - TutorService.get_tutores - Iniciando
2025-07-28 15:34:36 - INFO - LoginComponent.get_user_by_id - Consulta para usuario ID: 2
2025-07-28 15:34:36 - INFO - PacienteService.get_estadisticas - Iniciando
2025-07-28 15:34:36 - INFO - PacienteComponent.get_personas_disponibles_para_paciente - 17 personas disponibles
2025-07-28 15:34:36 - INFO - PacienteService.get_personas_disponibles - Personas disponibles obtenidas
2025-07-28 15:34:36 - INFO - PacienteComponent.get_all_pacientes - 9 pacientes encontrados
2025-07-28 15:34:36 - INFO - TutorComponent.get_all_tutores - 9 tutores encontrados
2025-07-28 15:34:36 - INFO - PacienteService.get_pacientes - Pacientes obtenidos exitosamente
2025-07-28 15:34:36 - INFO - TutorService.get_tutores - Tutores obtenidos exitosamente
2025-07-28 15:34:36 - INFO - PacienteComponent.get_estadisticas_pacientes - Estadísticas obtenidas
2025-07-28 15:34:36 - INFO - PacienteService.get_estadisticas - Estadísticas obtenidas
2025-07-28 15:34:52 - INFO - LoginComponent.get_user_by_id - Consulta para usuario ID: 2
2025-07-28 15:34:52 - INFO - PacienteService.change_estado_paciente - ID: 9
2025-07-28 15:35:06 - INFO - LoginComponent.get_user_by_id - Consulta para usuario ID: 2
2025-07-28 15:35:06 - INFO - PacienteService.update_paciente - ID: 9
2025-07-28 15:36:08 - INFO - app - Iniciando Sistema Tía Glenda Backend
2025-07-28 15:36:09 - INFO - app - Iniciando Sistema Tía Glenda Backend
2025-07-28 15:40:28 - INFO - app - Iniciando Sistema Tía Glenda Backend
2025-07-28 15:40:29 - INFO - app - Iniciando Sistema Tía Glenda Backend
2025-07-28 15:40:32 - INFO - LoginComponent.get_user_by_id - Consulta para usuario ID: 2
2025-07-28 15:40:32 - INFO - LoginService.verify_token - Token verificado correctamente
2025-07-28 15:40:32 - INFO - LoginComponent.get_user_by_id - Consulta para usuario ID: 2
2025-07-28 15:40:32 - INFO - LoginService.verify_token - Token verificado correctamente
2025-07-28 15:40:33 - INFO - LoginComponent.get_user_by_id - Consulta para usuario ID: 2
2025-07-28 15:40:33 - INFO - Información solicitada para usuario: glenda.rodriguez
2025-07-28 15:40:33 - INFO - LoginComponent.get_user_by_id - Consulta para usuario ID: 2
2025-07-28 15:40:33 - INFO - Información solicitada para usuario: glenda.rodriguez
2025-07-28 15:40:36 - INFO - LoginComponent.get_user_by_id - Consulta para usuario ID: 2
2025-07-28 15:40:36 - INFO - PacienteService.get_pacientes - Iniciando
2025-07-28 15:40:36 - INFO - LoginComponent.get_user_by_id - Consulta para usuario ID: 2
2025-07-28 15:40:36 - INFO - PacienteService.get_personas_disponibles - Iniciando
2025-07-28 15:40:36 - INFO - LoginComponent.get_user_by_id - Consulta para usuario ID: 2
2025-07-28 15:40:36 - INFO - LoginComponent.get_user_by_id - Consulta para usuario ID: 2
2025-07-28 15:40:36 - INFO - TutorService.get_tutores - Iniciando
2025-07-28 15:40:36 - INFO - PacienteService.get_estadisticas - Iniciando
2025-07-28 15:40:36 - INFO - PacienteComponent.get_personas_disponibles_para_paciente - 17 personas disponibles
2025-07-28 15:40:36 - INFO - PacienteService.get_personas_disponibles - Personas disponibles obtenidas
2025-07-28 15:40:36 - INFO - PacienteComponent.get_all_pacientes - 9 pacientes encontrados
2025-07-28 15:40:36 - INFO - PacienteService.get_pacientes - Pacientes obtenidos exitosamente
2025-07-28 15:40:36 - INFO - TutorComponent.get_all_tutores - 9 tutores encontrados
2025-07-28 15:40:36 - INFO - TutorService.get_tutores - Tutores obtenidos exitosamente
2025-07-28 15:40:36 - INFO - PacienteComponent.get_estadisticas_pacientes - Estadísticas obtenidas
2025-07-28 15:40:36 - INFO - PacienteService.get_estadisticas - Estadísticas obtenidas
2025-07-28 15:40:37 - INFO - LoginComponent.get_user_by_id - Consulta para usuario ID: 2
2025-07-28 15:40:37 - INFO - PacienteService.get_personas_disponibles - Iniciando
2025-07-28 15:40:37 - INFO - LoginComponent.get_user_by_id - Consulta para usuario ID: 2
2025-07-28 15:40:37 - INFO - LoginComponent.get_user_by_id - Consulta para usuario ID: 2
2025-07-28 15:40:37 - INFO - TutorService.get_tutores - Iniciando
2025-07-28 15:40:37 - INFO - PacienteService.get_pacientes - Iniciando
2025-07-28 15:40:37 - INFO - PacienteComponent.get_personas_disponibles_para_paciente - 17 personas disponibles
2025-07-28 15:40:37 - INFO - PacienteService.get_personas_disponibles - Personas disponibles obtenidas
2025-07-28 15:40:37 - INFO - TutorComponent.get_all_tutores - 9 tutores encontrados
2025-07-28 15:40:37 - INFO - TutorService.get_tutores - Tutores obtenidos exitosamente
2025-07-28 15:40:37 - INFO - PacienteComponent.get_all_pacientes - 9 pacientes encontrados
2025-07-28 15:40:37 - INFO - PacienteService.get_pacientes - Pacientes obtenidos exitosamente
2025-07-28 15:40:37 - INFO - LoginComponent.get_user_by_id - Consulta para usuario ID: 2
2025-07-28 15:40:37 - INFO - PacienteService.get_estadisticas - Iniciando
2025-07-28 15:40:37 - INFO - PacienteComponent.get_estadisticas_pacientes - Estadísticas obtenidas
2025-07-28 15:40:37 - INFO - PacienteService.get_estadisticas - Estadísticas obtenidas
2025-07-28 15:40:43 - INFO - LoginComponent.get_user_by_id - Consulta para usuario ID: 2
2025-07-28 15:40:43 - INFO - PacienteService.update_paciente - ID: 9
2025-07-28 15:40:43 - INFO - PacienteComponent.get_paciente_by_id - Paciente 9 encontrado
2025-07-28 15:40:43 - INFO - PacienteComponent.update_paciente - Paciente 9 actualizado
2025-07-28 15:40:43 - INFO - PacienteService.update_paciente - Paciente 9 actualizado
2025-07-28 15:40:43 - INFO - LoginComponent.get_user_by_id - Consulta para usuario ID: 2
2025-07-28 15:40:43 - INFO - PacienteService.get_pacientes - Iniciando
2025-07-28 15:40:43 - INFO - PacienteComponent.get_all_pacientes - 9 pacientes encontrados
2025-07-28 15:40:43 - INFO - PacienteService.get_pacientes - Pacientes obtenidos exitosamente
2025-07-28 15:40:44 - INFO - LoginComponent.get_user_by_id - Consulta para usuario ID: 2
2025-07-28 15:40:44 - INFO - LoginComponent.get_user_by_id - Consulta para usuario ID: 2
2025-07-28 15:40:44 - INFO - PacienteService.get_personas_disponibles - Iniciando
2025-07-28 15:40:44 - INFO - PacienteService.get_estadisticas - Iniciando
2025-07-28 15:40:44 - INFO - LoginComponent.get_user_by_id - Consulta para usuario ID: 2
2025-07-28 15:40:44 - INFO - TutorService.get_tutores - Iniciando
2025-07-28 15:40:44 - INFO - PacienteComponent.get_personas_disponibles_para_paciente - 17 personas disponibles
2025-07-28 15:40:44 - INFO - PacienteService.get_personas_disponibles - Personas disponibles obtenidas
2025-07-28 15:40:44 - INFO - TutorComponent.get_all_tutores - 9 tutores encontrados
2025-07-28 15:40:44 - INFO - TutorService.get_tutores - Tutores obtenidos exitosamente
2025-07-28 15:40:44 - INFO - PacienteComponent.get_estadisticas_pacientes - Estadísticas obtenidas
2025-07-28 15:40:44 - INFO - PacienteService.get_estadisticas - Estadísticas obtenidas
2025-07-28 15:41:04 - INFO - LoginComponent.get_user_by_id - Consulta para usuario ID: 2
2025-07-28 15:41:04 - INFO - PacienteService.update_paciente - ID: 9
2025-07-28 15:41:04 - INFO - PacienteComponent.get_paciente_by_id - Paciente 9 encontrado
2025-07-28 15:41:04 - INFO - PacienteComponent.update_paciente - Paciente 9 actualizado
2025-07-28 15:41:04 - INFO - PacienteService.update_paciente - Paciente 9 actualizado
2025-07-28 15:41:04 - INFO - LoginComponent.get_user_by_id - Consulta para usuario ID: 2
2025-07-28 15:41:04 - INFO - PacienteService.get_pacientes - Iniciando
2025-07-28 15:41:05 - INFO - PacienteComponent.get_all_pacientes - 9 pacientes encontrados
2025-07-28 15:41:05 - INFO - PacienteService.get_pacientes - Pacientes obtenidos exitosamente
2025-07-28 15:41:05 - INFO - LoginComponent.get_user_by_id - Consulta para usuario ID: 2
2025-07-28 15:41:05 - INFO - LoginComponent.get_user_by_id - Consulta para usuario ID: 2
2025-07-28 15:41:05 - INFO - LoginComponent.get_user_by_id - Consulta para usuario ID: 2
2025-07-28 15:41:05 - INFO - PacienteService.get_estadisticas - Iniciando
2025-07-28 15:41:05 - INFO - TutorService.get_tutores - Iniciando
2025-07-28 15:41:05 - INFO - PacienteService.get_personas_disponibles - Iniciando
2025-07-28 15:41:05 - INFO - PacienteComponent.get_personas_disponibles_para_paciente - 17 personas disponibles
2025-07-28 15:41:05 - INFO - PacienteService.get_personas_disponibles - Personas disponibles obtenidas
2025-07-28 15:41:05 - INFO - PacienteComponent.get_estadisticas_pacientes - Estadísticas obtenidas
2025-07-28 15:41:05 - INFO - PacienteService.get_estadisticas - Estadísticas obtenidas
2025-07-28 15:41:05 - INFO - TutorComponent.get_all_tutores - 9 tutores encontrados
2025-07-28 15:41:05 - INFO - TutorService.get_tutores - Tutores obtenidos exitosamente
2025-07-28 15:41:09 - INFO - LoginComponent.get_user_by_id - Consulta para usuario ID: 2
2025-07-28 15:41:09 - INFO - PacienteService.get_pacientes - Iniciando
2025-07-28 15:41:09 - INFO - PacienteComponent.get_all_pacientes - 9 pacientes encontrados
2025-07-28 15:41:09 - INFO - PacienteService.get_pacientes - Pacientes obtenidos exitosamente
2025-07-28 15:41:09 - INFO - LoginComponent.get_user_by_id - Consulta para usuario ID: 2
2025-07-28 15:41:09 - INFO - LoginComponent.get_user_by_id - Consulta para usuario ID: 2
2025-07-28 15:41:09 - INFO - EspecialidadService.get_especialidades - Iniciando
2025-07-28 15:41:09 - INFO - SesionTerapiaService.get_sesiones - Iniciando
2025-07-28 15:41:09 - INFO - LoginComponent.get_user_by_id - Consulta para usuario ID: 2
2025-07-28 15:41:09 - INFO - PersonalService.get_personal - Iniciando
2025-07-28 15:41:09 - INFO - EspecialidadComponent.get_all_especialidades - 55 especialidades encontradas
2025-07-28 15:41:09 - INFO - EspecialidadService.get_especialidades - Especialidades obtenidas exitosamente
2025-07-28 15:41:09 - INFO - SesionTerapiaComponent.get_sesiones - Sesiones obtenidas exitosamente
2025-07-28 15:41:09 - INFO - SesionTerapiaService.get_sesiones - Sesiones obtenidas exitosamente
2025-07-28 15:41:09 - INFO - LoginComponent.get_user_by_id - Consulta para usuario ID: 2
2025-07-28 15:41:09 - INFO - PacienteService.get_pacientes - Iniciando
2025-07-28 15:41:10 - INFO - PacienteComponent.get_all_pacientes - 9 pacientes encontrados
2025-07-28 15:41:10 - INFO - PacienteService.get_pacientes - Pacientes obtenidos exitosamente
2025-07-28 15:41:10 - INFO - PersonalComponent.get_all_personal - 7 miembros del personal encontrados con especialidades
2025-07-28 15:41:10 - INFO - PersonalService.get_personal - Personal obtenido exitosamente
2025-07-28 15:41:10 - INFO - LoginComponent.get_user_by_id - Consulta para usuario ID: 2
2025-07-28 15:41:10 - INFO - EspecialidadService.get_especialidades - Iniciando
2025-07-28 15:41:10 - INFO - LoginComponent.get_user_by_id - Consulta para usuario ID: 2
2025-07-28 15:41:10 - INFO - SesionTerapiaService.get_sesiones - Iniciando
2025-07-28 15:41:10 - INFO - EspecialidadComponent.get_all_especialidades - 55 especialidades encontradas
2025-07-28 15:41:10 - INFO - EspecialidadService.get_especialidades - Especialidades obtenidas exitosamente
2025-07-28 15:41:10 - INFO - SesionTerapiaComponent.get_sesiones - Sesiones obtenidas exitosamente
2025-07-28 15:41:10 - INFO - SesionTerapiaService.get_sesiones - Sesiones obtenidas exitosamente
2025-07-28 15:41:10 - INFO - LoginComponent.get_user_by_id - Consulta para usuario ID: 2
2025-07-28 15:41:10 - INFO - PersonalService.get_personal - Iniciando
2025-07-28 15:41:10 - INFO - PersonalComponent.get_all_personal - 7 miembros del personal encontrados con especialidades
2025-07-28 15:41:10 - INFO - PersonalService.get_personal - Personal obtenido exitosamente
2025-07-28 15:41:32 - INFO - LoginComponent.get_user_by_id - Consulta para usuario ID: 2
2025-07-28 15:41:32 - INFO - SesionTerapiaService.get_sesiones - Iniciando
2025-07-28 15:41:32 - INFO - LoginComponent.get_user_by_id - Consulta para usuario ID: 2
2025-07-28 15:41:32 - INFO - SesionTerapiaComponent.get_sesiones - Sesiones obtenidas exitosamente
2025-07-28 15:41:32 - INFO - SesionTerapiaService.get_sesiones - Sesiones obtenidas exitosamente
2025-07-28 15:41:32 - INFO - SesionPedagogicaService.get_sesiones - Iniciando
2025-07-28 15:41:33 - INFO - LoginComponent.get_user_by_id - Consulta para usuario ID: 2
2025-07-28 15:41:33 - INFO - SesionTerapiaService.get_sesiones - Iniciando
2025-07-28 15:41:33 - INFO - SesionPedagogicaComponent.get_sesiones - Sesiones obtenidas exitosamente
2025-07-28 15:41:33 - INFO - SesionTerapiaComponent.get_sesiones - Sesiones obtenidas exitosamente
2025-07-28 15:41:33 - INFO - SesionTerapiaService.get_sesiones - Sesiones obtenidas exitosamente
2025-07-28 15:41:33 - INFO - LoginComponent.get_user_by_id - Consulta para usuario ID: 2
2025-07-28 15:41:33 - INFO - SesionPedagogicaService.get_sesiones - Iniciando
2025-07-28 15:41:33 - INFO - SesionPedagogicaComponent.get_sesiones - Sesiones obtenidas exitosamente
2025-07-28 15:42:17 - INFO - LoginComponent.get_user_by_id - Consulta para usuario ID: 2
2025-07-28 15:42:17 - INFO - LoginComponent.get_user_by_id - Consulta para usuario ID: 2
2025-07-28 15:42:17 - INFO - PersonalService.get_personal - Iniciando
2025-07-28 15:42:17 - INFO - SesionTerapiaService.get_sesiones - Iniciando
2025-07-28 15:42:17 - INFO - LoginComponent.get_user_by_id - Consulta para usuario ID: 2
2025-07-28 15:42:17 - INFO - PacienteService.get_pacientes - Iniciando
2025-07-28 15:42:17 - INFO - LoginComponent.get_user_by_id - Consulta para usuario ID: 2
2025-07-28 15:42:17 - INFO - EspecialidadService.get_especialidades - Iniciando
2025-07-28 15:42:17 - INFO - EspecialidadComponent.get_all_especialidades - 55 especialidades encontradas
2025-07-28 15:42:17 - INFO - EspecialidadService.get_especialidades - Especialidades obtenidas exitosamente
2025-07-28 15:42:17 - INFO - SesionTerapiaComponent.get_sesiones - Sesiones obtenidas exitosamente
2025-07-28 15:42:17 - INFO - SesionTerapiaService.get_sesiones - Sesiones obtenidas exitosamente
2025-07-28 15:42:17 - INFO - PacienteComponent.get_all_pacientes - 9 pacientes encontrados
2025-07-28 15:42:17 - INFO - PacienteService.get_pacientes - Pacientes obtenidos exitosamente
2025-07-28 15:42:17 - INFO - PersonalComponent.get_all_personal - 7 miembros del personal encontrados con especialidades
2025-07-28 15:42:17 - INFO - PersonalService.get_personal - Personal obtenido exitosamente
2025-07-28 15:42:17 - INFO - LoginComponent.get_user_by_id - Consulta para usuario ID: 2
2025-07-28 15:42:17 - INFO - EspecialidadService.get_especialidades - Iniciando
2025-07-28 15:42:17 - INFO - LoginComponent.get_user_by_id - Consulta para usuario ID: 2
2025-07-28 15:42:17 - INFO - PacienteService.get_pacientes - Iniciando
2025-07-28 15:42:17 - INFO - LoginComponent.get_user_by_id - Consulta para usuario ID: 2
2025-07-28 15:42:17 - INFO - SesionTerapiaService.get_sesiones - Iniciando
2025-07-28 15:42:17 - INFO - EspecialidadComponent.get_all_especialidades - 55 especialidades encontradas
2025-07-28 15:42:17 - INFO - EspecialidadService.get_especialidades - Especialidades obtenidas exitosamente
2025-07-28 15:42:17 - INFO - PacienteComponent.get_all_pacientes - 9 pacientes encontrados
2025-07-28 15:42:17 - INFO - PacienteService.get_pacientes - Pacientes obtenidos exitosamente
2025-07-28 15:42:17 - INFO - SesionTerapiaComponent.get_sesiones - Sesiones obtenidas exitosamente
2025-07-28 15:42:17 - INFO - SesionTerapiaService.get_sesiones - Sesiones obtenidas exitosamente
2025-07-28 15:42:17 - INFO - LoginComponent.get_user_by_id - Consulta para usuario ID: 2
2025-07-28 15:42:17 - INFO - PersonalService.get_personal - Iniciando
2025-07-28 15:42:18 - INFO - PersonalComponent.get_all_personal - 7 miembros del personal encontrados con especialidades
2025-07-28 15:42:18 - INFO - PersonalService.get_personal - Personal obtenido exitosamente
2025-07-28 15:42:58 - INFO - LoginComponent.get_user_by_id - Consulta para usuario ID: 2
2025-07-28 15:42:58 - INFO - SesionTerapiaService.update_sesion - ID: 1
2025-07-28 15:42:58 - INFO - SesionTerapiaComponent.update_sesion - Sesión 1 actualizada
2025-07-28 15:42:58 - INFO - SesionTerapiaService.update_sesion - Sesión 1 actualizada
2025-07-28 15:42:58 - INFO - LoginComponent.get_user_by_id - Consulta para usuario ID: 2
2025-07-28 15:42:58 - INFO - SesionTerapiaService.get_sesiones - Iniciando
2025-07-28 15:42:58 - INFO - SesionTerapiaComponent.get_sesiones - Sesiones obtenidas exitosamente
2025-07-28 15:42:58 - INFO - SesionTerapiaService.get_sesiones - Sesiones obtenidas exitosamente
2025-07-28 15:42:58 - INFO - LoginComponent.get_user_by_id - Consulta para usuario ID: 2
2025-07-28 15:42:58 - INFO - PacienteService.get_pacientes - Iniciando
2025-07-28 15:42:58 - INFO - LoginComponent.get_user_by_id - Consulta para usuario ID: 2
2025-07-28 15:42:58 - INFO - EspecialidadService.get_especialidades - Iniciando
2025-07-28 15:42:58 - INFO - LoginComponent.get_user_by_id - Consulta para usuario ID: 2
2025-07-28 15:42:58 - INFO - PersonalService.get_personal - Iniciando
2025-07-28 15:42:58 - INFO - PacienteComponent.get_all_pacientes - 9 pacientes encontrados
2025-07-28 15:42:58 - INFO - PacienteService.get_pacientes - Pacientes obtenidos exitosamente
2025-07-28 15:42:58 - INFO - EspecialidadComponent.get_all_especialidades - 55 especialidades encontradas
2025-07-28 15:42:58 - INFO - EspecialidadService.get_especialidades - Especialidades obtenidas exitosamente
2025-07-28 15:42:59 - INFO - PersonalComponent.get_all_personal - 7 miembros del personal encontrados con especialidades
2025-07-28 15:42:59 - INFO - PersonalService.get_personal - Personal obtenido exitosamente
2025-07-28 15:43:17 - INFO - LoginComponent.get_user_by_id - Consulta para usuario ID: 2
2025-07-28 15:43:17 - INFO - SesionTerapiaService.get_cronograma_sesion - ID: 1
2025-07-28 15:43:17 - INFO - LoginComponent.get_user_by_id - Consulta para usuario ID: 2
2025-07-28 15:43:17 - INFO - SesionTerapiaComponent.get_cronograma_sesion - 36 sesiones programadas
2025-07-28 15:43:17 - INFO - SesionTerapiaService.get_cronograma_sesion - Cronograma obtenido
2025-07-28 15:43:17 - INFO - LoginComponent.get_user_by_id - Consulta para usuario ID: 2
2025-07-28 15:43:35 - INFO - LoginComponent.get_user_by_id - Consulta para usuario ID: 2
2025-07-28 15:43:35 - INFO - SesionTerapiaService.get_cronograma_sesion - ID: 1
2025-07-28 15:43:35 - INFO - LoginComponent.get_user_by_id - Consulta para usuario ID: 2
2025-07-28 15:43:35 - INFO - LoginComponent.get_user_by_id - Consulta para usuario ID: 2
2025-07-28 15:43:35 - INFO - SesionTerapiaComponent.get_cronograma_sesion - 36 sesiones programadas
2025-07-28 15:43:35 - INFO - SesionTerapiaService.get_cronograma_sesion - Cronograma obtenido
2025-07-28 15:47:29 - INFO - LoginComponent.get_user_by_id - Consulta para usuario ID: 1
2025-07-28 15:47:29 - INFO - SesionTerapiaService.get_sesiones - Iniciando
2025-07-28 15:47:29 - INFO - SesionTerapiaComponent.get_sesiones - Sesiones obtenidas exitosamente
2025-07-28 15:47:29 - INFO - SesionTerapiaService.get_sesiones - Sesiones obtenidas exitosamente
2025-07-28 15:47:38 - INFO - LoginComponent.get_user_by_id - Consulta para usuario ID: 1
2025-07-28 15:47:38 - INFO - SesionTerapiaService.get_cronograma_sesion - ID: 1
2025-07-28 15:47:38 - INFO - SesionTerapiaComponent.get_cronograma_sesion - 36 sesiones programadas
2025-07-28 15:47:38 - INFO - SesionTerapiaService.get_cronograma_sesion - Cronograma obtenido
2025-07-28 15:48:35 - INFO - LoginComponent.get_user_by_id - Consulta para usuario ID: 2
2025-07-28 15:48:35 - INFO - LoginService.verify_token - Token verificado correctamente
2025-07-28 15:48:35 - INFO - LoginComponent.get_user_by_id - Consulta para usuario ID: 2
2025-07-28 15:48:35 - INFO - LoginService.verify_token - Token verificado correctamente
2025-07-28 15:48:35 - INFO - LoginComponent.get_user_by_id - Consulta para usuario ID: 2
2025-07-28 15:48:35 - INFO - Información solicitada para usuario: glenda.rodriguez
2025-07-28 15:48:36 - INFO - LoginComponent.get_user_by_id - Consulta para usuario ID: 2
2025-07-28 15:48:36 - INFO - Información solicitada para usuario: glenda.rodriguez
2025-07-28 15:49:55 - INFO - LoginComponent.get_user_by_id - Consulta para usuario ID: 2
2025-07-28 15:49:55 - INFO - SesionTerapiaService.get_sesiones - Iniciando
2025-07-28 15:49:55 - INFO - LoginComponent.get_user_by_id - Consulta para usuario ID: 2
2025-07-28 15:49:55 - INFO - PersonalService.get_personal - Iniciando
2025-07-28 15:49:55 - INFO - LoginComponent.get_user_by_id - Consulta para usuario ID: 2
2025-07-28 15:49:55 - INFO - PacienteService.get_pacientes - Iniciando
2025-07-28 15:49:55 - INFO - LoginComponent.get_user_by_id - Consulta para usuario ID: 2
2025-07-28 15:49:55 - INFO - EspecialidadService.get_especialidades - Iniciando
2025-07-28 15:49:55 - INFO - EspecialidadComponent.get_all_especialidades - 55 especialidades encontradas
2025-07-28 15:49:55 - INFO - SesionTerapiaComponent.get_sesiones - Sesiones obtenidas exitosamente
2025-07-28 15:49:55 - INFO - EspecialidadService.get_especialidades - Especialidades obtenidas exitosamente
2025-07-28 15:49:55 - INFO - SesionTerapiaService.get_sesiones - Sesiones obtenidas exitosamente
2025-07-28 15:49:55 - INFO - PacienteComponent.get_all_pacientes - 9 pacientes encontrados
2025-07-28 15:49:55 - INFO - PacienteService.get_pacientes - Pacientes obtenidos exitosamente
2025-07-28 15:49:55 - INFO - PersonalComponent.get_all_personal - 7 miembros del personal encontrados con especialidades
2025-07-28 15:49:55 - INFO - PersonalService.get_personal - Personal obtenido exitosamente
2025-07-28 15:49:56 - INFO - LoginComponent.get_user_by_id - Consulta para usuario ID: 2
2025-07-28 15:49:56 - INFO - LoginComponent.get_user_by_id - Consulta para usuario ID: 2
2025-07-28 15:49:56 - INFO - EspecialidadService.get_especialidades - Iniciando
2025-07-28 15:49:56 - INFO - SesionTerapiaService.get_sesiones - Iniciando
2025-07-28 15:49:56 - INFO - LoginComponent.get_user_by_id - Consulta para usuario ID: 2
2025-07-28 15:49:56 - INFO - PacienteService.get_pacientes - Iniciando
2025-07-28 15:49:56 - INFO - EspecialidadComponent.get_all_especialidades - 55 especialidades encontradas
2025-07-28 15:49:56 - INFO - EspecialidadService.get_especialidades - Especialidades obtenidas exitosamente
2025-07-28 15:49:56 - INFO - PacienteComponent.get_all_pacientes - 9 pacientes encontrados
2025-07-28 15:49:56 - INFO - SesionTerapiaComponent.get_sesiones - Sesiones obtenidas exitosamente
2025-07-28 15:49:56 - INFO - SesionTerapiaService.get_sesiones - Sesiones obtenidas exitosamente
2025-07-28 15:49:56 - INFO - PacienteService.get_pacientes - Pacientes obtenidos exitosamente
2025-07-28 15:49:56 - INFO - LoginComponent.get_user_by_id - Consulta para usuario ID: 2
2025-07-28 15:49:56 - INFO - PersonalService.get_personal - Iniciando
2025-07-28 15:49:56 - INFO - PersonalComponent.get_all_personal - 7 miembros del personal encontrados con especialidades
2025-07-28 15:49:56 - INFO - PersonalService.get_personal - Personal obtenido exitosamente
2025-07-28 15:50:00 - INFO - LoginComponent.get_user_by_id - Consulta para usuario ID: 2
2025-07-28 15:50:00 - INFO - SesionTerapiaService.get_cronograma_sesion - ID: 1
2025-07-28 15:50:00 - INFO - LoginComponent.get_user_by_id - Consulta para usuario ID: 2
2025-07-28 15:50:00 - INFO - SesionTerapiaComponent.get_cronograma_sesion - 36 sesiones programadas
2025-07-28 15:50:00 - INFO - SesionTerapiaService.get_cronograma_sesion - Cronograma obtenido
2025-07-28 15:50:00 - INFO - LoginComponent.get_user_by_id - Consulta para usuario ID: 2
2025-07-28 15:52:26 - INFO - LoginComponent.get_user_by_id - Consulta para usuario ID: 2
2025-07-28 15:52:26 - INFO - LoginComponent.get_user_by_id - Consulta para usuario ID: 2
2025-07-28 15:52:26 - INFO - LoginComponent.get_user_by_id - Consulta para usuario ID: 2
2025-07-28 15:52:26 - INFO - SesionTerapiaService.get_cronograma_sesion - ID: 1
2025-07-28 15:52:26 - INFO - SesionTerapiaComponent.get_cronograma_sesion - 36 sesiones programadas
2025-07-28 15:52:26 - INFO - SesionTerapiaService.get_cronograma_sesion - Cronograma obtenido
2025-07-28 15:52:49 - INFO - LoginComponent.get_user_by_id - Consulta para usuario ID: 2
2025-07-28 15:52:49 - INFO - SesionTerapiaService.get_cronograma_sesion - ID: 1
2025-07-28 15:52:49 - INFO - SesionTerapiaComponent.get_cronograma_sesion - 36 sesiones programadas
2025-07-28 15:52:49 - INFO - SesionTerapiaService.get_cronograma_sesion - Cronograma obtenido
2025-07-28 15:52:49 - INFO - LoginComponent.get_user_by_id - Consulta para usuario ID: 2
2025-07-28 15:52:49 - INFO - LoginComponent.get_user_by_id - Consulta para usuario ID: 2
2025-07-28 15:53:02 - INFO - LoginComponent.get_user_by_id - Consulta para usuario ID: 2
2025-07-28 15:53:02 - INFO - SesionTerapiaService.get_cronograma_sesion - ID: 3
2025-07-28 15:53:02 - INFO - LoginComponent.get_user_by_id - Consulta para usuario ID: 2
2025-07-28 15:53:02 - INFO - LoginComponent.get_user_by_id - Consulta para usuario ID: 2
2025-07-28 15:53:02 - INFO - SesionTerapiaComponent.get_cronograma_sesion - 24 sesiones programadas
2025-07-28 15:53:02 - INFO - SesionTerapiaService.get_cronograma_sesion - Cronograma obtenido
2025-07-28 15:54:23 - INFO - LoginComponent.get_user_by_id - Consulta para usuario ID: 2
2025-07-28 15:54:23 - INFO - SesionTerapiaService.get_cronograma_sesion - ID: 3
2025-07-28 15:54:23 - INFO - LoginComponent.get_user_by_id - Consulta para usuario ID: 2
2025-07-28 15:54:23 - INFO - SesionTerapiaComponent.get_cronograma_sesion - 24 sesiones programadas
2025-07-28 15:54:23 - INFO - SesionTerapiaService.get_cronograma_sesion - Cronograma obtenido
2025-07-28 15:54:23 - INFO - LoginComponent.get_user_by_id - Consulta para usuario ID: 2
2025-07-28 15:55:01 - INFO - LoginComponent.get_user_by_id - Consulta para usuario ID: 1
2025-07-28 15:55:01 - INFO - SesionTerapiaService.get_sesion - ID: 1
2025-07-28 15:55:01 - INFO - SesionTerapiaComponent.get_sesion_by_id - Sesión 1 encontrada
2025-07-28 15:55:01 - INFO - SesionTerapiaComponent.get_pacientes_sesion - 3 pacientes encontrados
2025-07-28 15:55:01 - INFO - SesionTerapiaComponent.get_cronograma_sesion - 36 sesiones programadas
2025-07-28 15:55:01 - INFO - SesionTerapiaService.get_sesion - Sesión 1 encontrada
2025-07-28 15:58:29 - INFO - LoginComponent.get_user_by_id - Consulta para usuario ID: 2
2025-07-28 15:58:29 - INFO - LoginService.verify_token - Token verificado correctamente
2025-07-28 15:58:29 - INFO - LoginComponent.get_user_by_id - Consulta para usuario ID: 2
2025-07-28 15:58:29 - INFO - LoginService.verify_token - Token verificado correctamente
2025-07-28 15:58:29 - INFO - LoginComponent.get_user_by_id - Consulta para usuario ID: 2
2025-07-28 15:58:29 - INFO - Información solicitada para usuario: glenda.rodriguez
2025-07-28 15:58:29 - INFO - LoginComponent.get_user_by_id - Consulta para usuario ID: 2
2025-07-28 15:58:29 - INFO - Información solicitada para usuario: glenda.rodriguez
2025-07-28 15:58:31 - INFO - LoginComponent.get_user_by_id - Consulta para usuario ID: 2
2025-07-28 15:58:31 - INFO - SesionTerapiaService.get_sesiones - Iniciando
2025-07-28 15:58:31 - INFO - LoginComponent.get_user_by_id - Consulta para usuario ID: 2
2025-07-28 15:58:31 - INFO - EspecialidadService.get_especialidades - Iniciando
2025-07-28 15:58:31 - INFO - LoginComponent.get_user_by_id - Consulta para usuario ID: 2
2025-07-28 15:58:31 - INFO - PacienteService.get_pacientes - Iniciando
2025-07-28 15:58:31 - INFO - LoginComponent.get_user_by_id - Consulta para usuario ID: 2
2025-07-28 15:58:31 - INFO - PersonalService.get_personal - Iniciando
2025-07-28 15:58:31 - INFO - EspecialidadComponent.get_all_especialidades - 55 especialidades encontradas
2025-07-28 15:58:31 - INFO - EspecialidadService.get_especialidades - Especialidades obtenidas exitosamente
2025-07-28 15:58:31 - INFO - PacienteComponent.get_all_pacientes - 9 pacientes encontrados
2025-07-28 15:58:31 - INFO - PacienteService.get_pacientes - Pacientes obtenidos exitosamente
2025-07-28 15:58:31 - INFO - SesionTerapiaComponent.get_sesiones - Sesiones obtenidas exitosamente
2025-07-28 15:58:31 - INFO - SesionTerapiaService.get_sesiones - Sesiones obtenidas exitosamente
2025-07-28 15:58:32 - INFO - PersonalComponent.get_all_personal - 7 miembros del personal encontrados con especialidades
2025-07-28 15:58:32 - INFO - PersonalService.get_personal - Personal obtenido exitosamente
2025-07-28 15:58:32 - INFO - LoginComponent.get_user_by_id - Consulta para usuario ID: 2
2025-07-28 15:58:32 - INFO - EspecialidadService.get_especialidades - Iniciando
2025-07-28 15:58:32 - INFO - LoginComponent.get_user_by_id - Consulta para usuario ID: 2
2025-07-28 15:58:32 - INFO - PacienteService.get_pacientes - Iniciando
2025-07-28 15:58:32 - INFO - EspecialidadComponent.get_all_especialidades - 55 especialidades encontradas
2025-07-28 15:58:32 - INFO - EspecialidadService.get_especialidades - Especialidades obtenidas exitosamente
2025-07-28 15:58:32 - INFO - PacienteComponent.get_all_pacientes - 9 pacientes encontrados
2025-07-28 15:58:32 - INFO - PacienteService.get_pacientes - Pacientes obtenidos exitosamente
2025-07-28 15:58:32 - INFO - LoginComponent.get_user_by_id - Consulta para usuario ID: 2
2025-07-28 15:58:32 - INFO - SesionTerapiaService.get_sesiones - Iniciando
2025-07-28 15:58:32 - INFO - SesionTerapiaComponent.get_sesiones - Sesiones obtenidas exitosamente
2025-07-28 15:58:32 - INFO - SesionTerapiaService.get_sesiones - Sesiones obtenidas exitosamente
2025-07-28 15:58:32 - INFO - LoginComponent.get_user_by_id - Consulta para usuario ID: 2
2025-07-28 15:58:32 - INFO - PersonalService.get_personal - Iniciando
2025-07-28 15:58:33 - INFO - PersonalComponent.get_all_personal - 7 miembros del personal encontrados con especialidades
2025-07-28 15:58:33 - INFO - PersonalService.get_personal - Personal obtenido exitosamente
2025-07-28 15:58:57 - INFO - LoginComponent.get_user_by_id - Consulta para usuario ID: 2
2025-07-28 15:58:57 - INFO - SesionTerapiaService.update_sesion - ID: 1
2025-07-28 15:58:57 - INFO - SesionTerapiaComponent.update_sesion - Sesión 1 actualizada
2025-07-28 15:58:57 - INFO - SesionTerapiaService.update_sesion - Sesión 1 actualizada
2025-07-28 15:58:58 - INFO - LoginComponent.get_user_by_id - Consulta para usuario ID: 2
2025-07-28 15:58:58 - INFO - SesionTerapiaService.get_sesiones - Iniciando
2025-07-28 15:58:58 - INFO - SesionTerapiaComponent.get_sesiones - Sesiones obtenidas exitosamente
2025-07-28 15:58:58 - INFO - SesionTerapiaService.get_sesiones - Sesiones obtenidas exitosamente
2025-07-28 15:58:58 - INFO - LoginComponent.get_user_by_id - Consulta para usuario ID: 2
2025-07-28 15:58:58 - INFO - PacienteService.get_pacientes - Iniciando
2025-07-28 15:58:58 - INFO - LoginComponent.get_user_by_id - Consulta para usuario ID: 2
2025-07-28 15:58:58 - INFO - LoginComponent.get_user_by_id - Consulta para usuario ID: 2
2025-07-28 15:58:58 - INFO - PersonalService.get_personal - Iniciando
2025-07-28 15:58:58 - INFO - EspecialidadService.get_especialidades - Iniciando
2025-07-28 15:58:58 - INFO - PacienteComponent.get_all_pacientes - 9 pacientes encontrados
2025-07-28 15:58:58 - INFO - EspecialidadComponent.get_all_especialidades - 55 especialidades encontradas
2025-07-28 15:58:58 - INFO - PacienteService.get_pacientes - Pacientes obtenidos exitosamente
2025-07-28 15:58:58 - INFO - EspecialidadService.get_especialidades - Especialidades obtenidas exitosamente
2025-07-28 15:58:58 - INFO - PersonalComponent.get_all_personal - 7 miembros del personal encontrados con especialidades
2025-07-28 15:58:58 - INFO - PersonalService.get_personal - Personal obtenido exitosamente
2025-07-28 15:59:10 - INFO - LoginComponent.get_user_by_id - Consulta para usuario ID: 2
2025-07-28 15:59:10 - INFO - SesionTerapiaService.update_sesion - ID: 1
2025-07-28 15:59:10 - INFO - SesionTerapiaComponent.update_sesion - Sesión 1 actualizada
2025-07-28 15:59:10 - INFO - SesionTerapiaService.update_sesion - Sesión 1 actualizada
2025-07-28 15:59:11 - INFO - LoginComponent.get_user_by_id - Consulta para usuario ID: 2
2025-07-28 15:59:11 - INFO - SesionTerapiaService.get_sesiones - Iniciando
2025-07-28 15:59:11 - INFO - SesionTerapiaComponent.get_sesiones - Sesiones obtenidas exitosamente
2025-07-28 15:59:11 - INFO - SesionTerapiaService.get_sesiones - Sesiones obtenidas exitosamente
2025-07-28 15:59:11 - INFO - LoginComponent.get_user_by_id - Consulta para usuario ID: 2
2025-07-28 15:59:11 - INFO - PersonalService.get_personal - Iniciando
2025-07-28 15:59:11 - INFO - LoginComponent.get_user_by_id - Consulta para usuario ID: 2
2025-07-28 15:59:11 - INFO - PacienteService.get_pacientes - Iniciando
iciando
2025-07-28 15:59:11 - INFO - EspecialidadComponent.get_all_especialidades - 55 especialidades encontradas
2025-07-28 15:59:11 - INFO - EspecialidadService.get_especialidades - Especialidades obtenidas exitosamente
2025-07-28 15:59:11 - INFO - PacienteComponent.get_all_pacientes - 9 pacientes encontrados
2025-07-28 15:59:11 - INFO - PacienteService.get_pacientes - Pacientes obtenidos exitosamente
2025-07-28 15:59:11 - INFO - PersonalComponent.get_all_personal - 7 miembros del personal encontrados con especialidades
2025-07-28 15:59:11 - INFO - PersonalService.get_personal - Personal obtenido exitosamente
2025-07-28 15:59:19 - INFO - LoginComponent.get_user_by_id - Consulta para usuario ID: 2
2025-07-28 15:59:19 - INFO - SesionTerapiaService.get_sesion - ID: 1
2025-07-28 15:59:19 - INFO - SesionTerapiaComponent.get_sesion_by_id - Sesión 1 encontrada
2025-07-28 15:59:19 - INFO - LoginComponent.get_user_by_id - Consulta para usuario ID: 2
2025-07-28 15:59:19 - INFO - SesionTerapiaComponent.get_pacientes_sesion - 3 pacientes encontrados
2025-07-28 15:59:19 - INFO - LoginComponent.get_user_by_id - Consulta para usuario ID: 2
2025-07-28 15:59:19 - INFO - SesionTerapiaComponent.get_cronograma_sesion - 36 sesiones programadas
2025-07-28 15:59:19 - INFO - SesionTerapiaService.get_sesion - Sesión 1 encontrada
2025-07-28 15:59:59 - INFO - LoginComponent.get_user_by_id - Consulta para usuario ID: 2
2025-07-28 15:59:59 - INFO - SesionTerapiaService.update_sesion - ID: 1
2025-07-28 15:59:59 - INFO - SesionTerapiaComponent.update_sesion - Sesión 1 actualizada
2025-07-28 15:59:59 - INFO - SesionTerapiaService.update_sesion - Sesión 1 actualizada
2025-07-28 16:00:00 - INFO - LoginComponent.get_user_by_id - Consulta para usuario ID: 2
2025-07-28 16:00:00 - INFO - SesionTerapiaService.get_sesiones - Iniciando
2025-07-28 16:00:00 - INFO - SesionTerapiaComponent.get_sesiones - Sesiones obtenidas exitosamente
2025-07-28 16:00:00 - INFO - SesionTerapiaService.get_sesiones - Sesiones obtenidas exitosamente
2025-07-28 16:00:00 - INFO - LoginComponent.get_user_by_id - Consulta para usuario ID: 2
2025-07-28 16:00:00 - INFO - PersonalService.get_personal - Iniciando
2025-07-28 16:00:00 - INFO - LoginComponent.get_user_by_id - Consulta para usuario ID: 2
2025-07-28 16:00:00 - INFO - PacienteService.get_pacientes - Iniciando
2025-07-28 16:00:00 - INFO - LoginComponent.get_user_by_id - Consulta para usuario ID: 2
2025-07-28 16:00:00 - INFO - EspecialidadService.get_especialidades - Iniciando
2025-07-28 16:00:00 - INFO - PacienteComponent.get_all_pacientes - 9 pacientes encontrados
2025-07-28 16:00:00 - INFO - PacienteService.get_pacientes - Pacientes obtenidos exitosamente
2025-07-28 16:00:00 - INFO - EspecialidadComponent.get_all_especialidades - 55 especialidades encontradas
2025-07-28 16:00:00 - INFO - EspecialidadService.get_especialidades - Especialidades obtenidas exitosamente
2025-07-28 16:00:01 - INFO - PersonalComponent.get_all_personal - 7 miembros del personal encontrados con especialidades
2025-07-28 16:00:01 - INFO - PersonalService.get_personal - Personal obtenido exitosamente
2025-07-28 16:00:37 - INFO - LoginComponent.get_user_by_id - Consulta para usuario ID: 2
2025-07-28 16:00:37 - INFO - SesionTerapiaService.get_sesion - ID: 5
2025-07-28 16:00:37 - INFO - LoginComponent.get_user_by_id - Consulta para usuario ID: 2
2025-07-28 16:00:37 - INFO - SesionTerapiaComponent.get_sesion_by_id - Sesión 5 encontrada
2025-07-28 16:00:37 - INFO - LoginComponent.get_user_by_id - Consulta para usuario ID: 2
2025-07-28 16:00:37 - INFO - SesionTerapiaComponent.get_pacientes_sesion - 2 pacientes encontrados
2025-07-28 16:00:37 - INFO - SesionTerapiaComponent.get_cronograma_sesion - 24 sesiones programadas
2025-07-28 16:00:37 - INFO - SesionTerapiaService.get_sesion - Sesión 5 encontrada
2025-07-28 16:01:18 - INFO - LoginComponent.get_user_by_id - Consulta para usuario ID: 2
2025-07-28 16:01:18 - INFO - SesionTerapiaService.get_sesion - ID: 1
2025-07-28 16:01:18 - INFO - LoginComponent.get_user_by_id - Consulta para usuario ID: 2
2025-07-28 16:01:18 - INFO - SesionTerapiaComponent.get_sesion_by_id - Sesión 1 encontrada
2025-07-28 16:01:18 - INFO - LoginComponent.get_user_by_id - Consulta para usuario ID: 2
2025-07-28 16:01:18 - INFO - SesionTerapiaComponent.get_pacientes_sesion - 3 pacientes encontrados
2025-07-28 16:01:19 - INFO - SesionTerapiaComponent.get_cronograma_sesion - 36 sesiones programadas
2025-07-28 16:01:19 - INFO - SesionTerapiaService.get_sesion - Sesión 1 encontrada
2025-07-28 16:01:24 - INFO - LoginComponent.get_user_by_id - Consulta para usuario ID: 2
2025-07-28 16:01:24 - INFO - SesionTerapiaService.get_sesion - ID: 1
2025-07-28 16:01:24 - INFO - LoginComponent.get_user_by_id - Consulta para usuario ID: 2
2025-07-28 16:01:24 - INFO - SesionTerapiaComponent.get_sesion_by_id - Sesión 1 encontrada
2025-07-28 16:01:24 - INFO - LoginComponent.get_user_by_id - Consulta para usuario ID: 2
2025-07-28 16:01:24 - INFO - SesionTerapiaComponent.get_pacientes_sesion - 3 pacientes encontrados
2025-07-28 16:01:24 - INFO - SesionTerapiaComponent.get_cronograma_sesion - 36 sesiones programadas
2025-07-28 16:01:24 - INFO - SesionTerapiaService.get_sesion - Sesión 1 encontrada
2025-07-28 16:02:09 - INFO - LoginComponent.get_user_by_id - Consulta para usuario ID: 2
2025-07-28 16:02:09 - INFO - SesionTerapiaService.get_sesion - ID: 3
2025-07-28 16:02:09 - INFO - SesionTerapiaComponent.get_sesion_by_id - Sesión 3 encontrada
2025-07-28 16:02:09 - INFO - SesionTerapiaComponent.get_pacientes_sesion - 2 pacientes encontrados
2025-07-28 16:02:09 - INFO - LoginComponent.get_user_by_id - Consulta para usuario ID: 2
2025-07-28 16:02:09 - INFO - SesionTerapiaComponent.get_cronograma_sesion - 24 sesiones programadas
2025-07-28 16:02:09 - INFO - SesionTerapiaService.get_sesion - Sesión 3 encontrada
2025-07-28 16:02:10 - INFO - LoginComponent.get_user_by_id - Consulta para usuario ID: 2
2025-07-28 16:02:12 - INFO - LoginComponent.get_user_by_id - Consulta para usuario ID: 2
2025-07-28 16:02:12 - INFO - SesionTerapiaService.get_sesion - ID: 5
2025-07-28 16:02:12 - INFO - LoginComponent.get_user_by_id - Consulta para usuario ID: 2
2025-07-28 16:02:12 - INFO - SesionTerapiaComponent.get_sesion_by_id - Sesión 5 encontrada
2025-07-28 16:02:12 - INFO - LoginComponent.get_user_by_id - Consulta para usuario ID: 2
2025-07-28 16:02:12 - INFO - SesionTerapiaComponent.get_pacientes_sesion - 2 pacientes encontrados
2025-07-28 16:02:12 - INFO - SesionTerapiaComponent.get_cronograma_sesion - 24 sesiones programadas
2025-07-28 16:02:12 - INFO - SesionTerapiaService.get_sesion - Sesión 5 encontrada
2025-07-28 16:02:18 - INFO - LoginComponent.get_user_by_id - Consulta para usuario ID: 2
2025-07-28 16:02:18 - INFO - LoginComponent.get_user_by_id - Consulta para usuario ID: 2
2025-07-28 16:02:18 - INFO - SesionTerapiaService.get_sesion - ID: 1
2025-07-28 16:02:18 - INFO - LoginComponent.get_user_by_id - Consulta para usuario ID: 2
2025-07-28 16:02:18 - INFO - SesionTerapiaComponent.get_sesion_by_id - Sesión 1 encontrada
2025-07-28 16:02:18 - INFO - SesionTerapiaComponent.get_pacientes_sesion - 3 pacientes encontrados
2025-07-28 16:02:18 - INFO - SesionTerapiaComponent.get_cronograma_sesion - 36 sesiones programadas
2025-07-28 16:02:18 - INFO - SesionTerapiaService.get_sesion - Sesión 1 encontrada
2025-07-28 16:02:23 - INFO - LoginComponent.get_user_by_id - Consulta para usuario ID: 2
2025-07-28 16:02:23 - INFO - SesionTerapiaService.get_sesion - ID: 2
2025-07-28 16:02:23 - INFO - SesionTerapiaComponent.get_sesion_by_id - Sesión 2 encontrada
2025-07-28 16:02:23 - INFO - LoginComponent.get_user_by_id - Consulta para usuario ID: 2
2025-07-28 16:02:23 - INFO - SesionTerapiaComponent.get_pacientes_sesion - 1 pacientes encontrados
2025-07-28 16:02:23 - INFO - LoginComponent.get_user_by_id - Consulta para usuario ID: 2
2025-07-28 16:02:23 - INFO - SesionTerapiaComponent.get_cronograma_sesion - 24 sesiones programadas
2025-07-28 16:02:23 - INFO - SesionTerapiaService.get_sesion - Sesión 2 encontrada
2025-07-28 16:02:27 - INFO - LoginComponent.get_user_by_id - Consulta para usuario ID: 2
2025-07-28 16:02:27 - INFO - SesionTerapiaService.get_sesion - ID: 3
2025-07-28 16:02:27 - INFO - SesionTerapiaComponent.get_sesion_by_id - Sesión 3 encontrada
2025-07-28 16:02:27 - INFO - LoginComponent.get_user_by_id - Consulta para usuario ID: 2
2025-07-28 16:02:27 - INFO - SesionTerapiaComponent.get_pacientes_sesion - 2 pacientes encontrados
2025-07-28 16:02:27 - INFO - LoginComponent.get_user_by_id - Consulta para usuario ID: 2
2025-07-28 16:02:27 - INFO - SesionTerapiaComponent.get_cronograma_sesion - 24 sesiones programadas
2025-07-28 16:02:27 - INFO - SesionTerapiaService.get_sesion - Sesión 3 encontrada
2025-07-28 16:02:31 - INFO - LoginComponent.get_user_by_id - Consulta para usuario ID: 2
2025-07-28 16:02:31 - INFO - SesionTerapiaService.get_sesion - ID: 4
2025-07-28 16:02:31 - INFO - LoginComponent.get_user_by_id - Consulta para usuario ID: 2
2025-07-28 16:02:31 - INFO - SesionTerapiaComponent.get_sesion_by_id - Sesión 4 encontrada
2025-07-28 16:02:31 - INFO - LoginComponent.get_user_by_id - Consulta para usuario ID: 2
2025-07-28 16:02:31 - INFO - SesionTerapiaComponent.get_pacientes_sesion - 1 pacientes encontrados
2025-07-28 16:02:31 - INFO - SesionTerapiaComponent.get_cronograma_sesion - 120 sesiones programadas
2025-07-28 16:02:31 - INFO - SesionTerapiaService.get_sesion - Sesión 4 encontrada
2025-07-28 16:02:39 - INFO - LoginComponent.get_user_by_id - Consulta para usuario ID: 2
2025-07-28 16:02:39 - INFO - SesionTerapiaService.get_sesion - ID: 5
2025-07-28 16:02:39 - INFO - SesionTerapiaComponent.get_sesion_by_id - Sesión 5 encontrada
2025-07-28 16:02:39 - INFO - LoginComponent.get_user_by_id - Consulta para usuario ID: 2
2025-07-28 16:02:39 - INFO - SesionTerapiaComponent.get_pacientes_sesion - 2 pacientes encontrados
2025-07-28 16:02:39 - INFO - LoginComponent.get_user_by_id - Consulta para usuario ID: 2
2025-07-28 16:02:39 - INFO - SesionTerapiaComponent.get_cronograma_sesion - 24 sesiones programadas
2025-07-28 16:02:39 - INFO - SesionTerapiaService.get_sesion - Sesión 5 encontrada
2025-07-28 16:02:46 - INFO - LoginComponent.get_user_by_id - Consulta para usuario ID: 2
2025-07-28 16:02:46 - INFO - SesionTerapiaService.get_sesion - ID: 5
2025-07-28 16:02:46 - INFO - LoginComponent.get_user_by_id - Consulta para usuario ID: 2
2025-07-28 16:02:47 - INFO - SesionTerapiaComponent.get_sesion_by_id - Sesión 5 encontrada
2025-07-28 16:02:47 - INFO - LoginComponent.get_user_by_id - Consulta para usuario ID: 2
2025-07-28 16:02:47 - INFO - SesionTerapiaComponent.get_pacientes_sesion - 2 pacientes encontrados
2025-07-28 16:02:47 - INFO - SesionTerapiaComponent.get_cronograma_sesion - 24 sesiones programadas
2025-07-28 16:02:47 - INFO - SesionTerapiaService.get_sesion - Sesión 5 encontrada
2025-07-28 16:03:08 - INFO - LoginComponent.get_user_by_id - Consulta para usuario ID: 2
2025-07-28 16:03:10 - INFO - LoginComponent.get_user_by_id - Consulta para usuario ID: 2
2025-07-28 16:03:10 - INFO - SesionTerapiaService.get_sesion - ID: 1
2025-07-28 16:03:10 - INFO - LoginComponent.get_user_by_id - Consulta para usuario ID: 2
2025-07-28 16:03:10 - INFO - SesionTerapiaComponent.get_sesion_by_id - Sesión 1 encontrada
2025-07-28 16:03:10 - INFO - SesionTerapiaComponent.get_pacientes_sesion - 3 pacientes encontrados
2025-07-28 16:03:10 - INFO - SesionTerapiaComponent.get_cronograma_sesion - 36 sesiones programadas
2025-07-28 16:03:10 - INFO - SesionTerapiaService.get_sesion - Sesión 1 encontrada
2025-07-28 16:03:14 - INFO - LoginComponent.get_user_by_id - Consulta para usuario ID: 2
2025-07-28 16:03:14 - INFO - LoginService.verify_token - Token verificado correctamente
2025-07-28 16:03:14 - INFO - LoginComponent.get_user_by_id - Consulta para usuario ID: 2
2025-07-28 16:03:14 - INFO - LoginService.verify_token - Token verificado correctamente
2025-07-28 16:03:15 - INFO - LoginComponent.get_user_by_id - Consulta para usuario ID: 2
2025-07-28 16:03:15 - INFO - Información solicitada para usuario: glenda.rodriguez
2025-07-28 16:03:16 - INFO - LoginComponent.get_user_by_id - Consulta para usuario ID: 2
2025-07-28 16:03:16 - INFO - Información solicitada para usuario: glenda.rodriguez
2025-07-28 16:03:17 - INFO - LoginComponent.get_user_by_id - Consulta para usuario ID: 2
2025-07-28 16:03:17 - INFO - SesionTerapiaService.get_sesiones - Iniciando
2025-07-28 16:03:17 - INFO - SesionTerapiaComponent.get_sesiones - Sesiones obtenidas exitosamente
2025-07-28 16:03:17 - INFO - SesionTerapiaService.get_sesiones - Sesiones obtenidas exitosamente
2025-07-28 16:03:18 - INFO - LoginComponent.get_user_by_id - Consulta para usuario ID: 2
2025-07-28 16:03:18 - INFO - PersonalService.get_personal - Iniciando
2025-07-28 16:03:18 - INFO - LoginComponent.get_user_by_id - Consulta para usuario ID: 2
2025-07-28 16:03:18 - INFO - EspecialidadService.get_especialidades - Iniciando
2025-07-28 16:03:18 - INFO - LoginComponent.get_user_by_id - Consulta para usuario ID: 2
2025-07-28 16:03:18 - INFO - PacienteService.get_pacientes - Iniciando
2025-07-28 16:03:18 - INFO - EspecialidadComponent.get_all_especialidades - 55 especialidades encontradas
2025-07-28 16:03:18 - INFO - EspecialidadService.get_especialidades - Especialidades obtenidas exitosamente
2025-07-28 16:03:18 - INFO - PacienteComponent.get_all_pacientes - 9 pacientes encontrados
2025-07-28 16:03:18 - INFO - PacienteService.get_pacientes - Pacientes obtenidos exitosamente
2025-07-28 16:03:18 - INFO - LoginComponent.get_user_by_id - Consulta para usuario ID: 2
2025-07-28 16:03:18 - INFO - SesionTerapiaService.get_sesiones - Iniciando
2025-07-28 16:03:18 - INFO - SesionTerapiaComponent.get_sesiones - Sesiones obtenidas exitosamente
2025-07-28 16:03:18 - INFO - SesionTerapiaService.get_sesiones - Sesiones obtenidas exitosamente
2025-07-28 16:03:18 - INFO - LoginComponent.get_user_by_id - Consulta para usuario ID: 2
2025-07-28 16:03:18 - INFO - EspecialidadService.get_especialidades - Iniciando
2025-07-28 16:03:18 - INFO - LoginComponent.get_user_by_id - Consulta para usuario ID: 2
2025-07-28 16:03:18 - INFO - PacienteService.get_pacientes - Iniciando
2025-07-28 16:03:18 - INFO - PersonalComponent.get_all_personal - 7 miembros del personal encontrados con especialidades
2025-07-28 16:03:18 - INFO - PersonalService.get_personal - Personal obtenido exitosamente
2025-07-28 16:03:18 - INFO - EspecialidadComponent.get_all_especialidades - 55 especialidades encontradas
2025-07-28 16:03:18 - INFO - EspecialidadService.get_especialidades - Especialidades obtenidas exitosamente
2025-07-28 16:03:18 - INFO - PacienteComponent.get_all_pacientes - 9 pacientes encontrados
2025-07-28 16:03:18 - INFO - PacienteService.get_pacientes - Pacientes obtenidos exitosamente
2025-07-28 16:03:19 - INFO - LoginComponent.get_user_by_id - Consulta para usuario ID: 2
2025-07-28 16:03:19 - INFO - PersonalService.get_personal - Iniciando
2025-07-28 16:03:19 - INFO - PersonalComponent.get_all_personal - 7 miembros del personal encontrados con especialidades
2025-07-28 16:03:19 - INFO - PersonalService.get_personal - Personal obtenido exitosamente
2025-07-28 16:03:20 - INFO - LoginComponent.get_user_by_id - Consulta para usuario ID: 2
2025-07-28 16:03:20 - INFO - LoginComponent.get_user_by_id - Consulta para usuario ID: 2
2025-07-28 16:03:20 - INFO - SesionTerapiaService.get_sesion - ID: 5
2025-07-28 16:03:20 - INFO - LoginComponent.get_user_by_id - Consulta para usuario ID: 2
2025-07-28 16:03:20 - INFO - SesionTerapiaComponent.get_sesion_by_id - Sesión 5 encontrada
2025-07-28 16:03:20 - INFO - SesionTerapiaComponent.get_pacientes_sesion - 2 pacientes encontrados
2025-07-28 16:03:20 - INFO - SesionTerapiaComponent.get_cronograma_sesion - 24 sesiones programadas
2025-07-28 16:03:20 - INFO - SesionTerapiaService.get_sesion - Sesión 5 encontrada
2025-07-28 16:03:39 - INFO - LoginComponent.get_user_by_id - Consulta para usuario ID: 2
2025-07-28 16:03:39 - INFO - SesionTerapiaService.get_sesion - ID: 1
2025-07-28 16:03:39 - INFO - LoginComponent.get_user_by_id - Consulta para usuario ID: 2
2025-07-28 16:03:39 - INFO - SesionTerapiaComponent.get_sesion_by_id - Sesión 1 encontrada
2025-07-28 16:03:39 - INFO - LoginComponent.get_user_by_id - Consulta para usuario ID: 2
2025-07-28 16:03:39 - INFO - SesionTerapiaComponent.get_pacientes_sesion - 3 pacientes encontrados
2025-07-28 16:03:39 - INFO - SesionTerapiaComponent.get_cronograma_sesion - 36 sesiones programadas
2025-07-28 16:03:39 - INFO - SesionTerapiaService.get_sesion - Sesión 1 encontrada
2025-07-28 16:06:30 - INFO - app - Iniciando Sistema Tía Glenda Backend
2025-07-28 16:06:30 - INFO - app - Iniciando Sistema Tía Glenda Backend
2025-07-28 16:10:18 - INFO - LoginComponent.get_user_by_id - Consulta para usuario ID: 2
2025-07-28 16:10:18 - INFO - LoginService.verify_token - Token verificado correctamente
2025-07-28 16:10:18 - INFO - LoginComponent.get_user_by_id - Consulta para usuario ID: 2
2025-07-28 16:10:18 - INFO - LoginService.verify_token - Token verificado correctamente
2025-07-28 16:10:18 - INFO - LoginComponent.get_user_by_id - Consulta para usuario ID: 2
2025-07-28 16:10:18 - INFO - Información solicitada para usuario: glenda.rodriguez
2025-07-28 16:10:19 - INFO - LoginComponent.get_user_by_id - Consulta para usuario ID: 2
2025-07-28 16:10:19 - INFO - Información solicitada para usuario: glenda.rodriguez
2025-07-28 16:10:20 - INFO - LoginComponent.get_user_by_id - Consulta para usuario ID: 2
2025-07-28 16:10:20 - INFO - SesionTerapiaService.get_sesiones - Iniciando
2025-07-28 16:10:20 - INFO - LoginComponent.get_user_by_id - Consulta para usuario ID: 2
2025-07-28 16:10:20 - INFO - PacienteService.get_pacientes - Iniciando
2025-07-28 16:10:20 - INFO - LoginComponent.get_user_by_id - Consulta para usuario ID: 2
2025-07-28 16:10:20 - INFO - PersonalService.get_personal - Iniciando
2025-07-28 16:10:20 - INFO - LoginComponent.get_user_by_id - Consulta para usuario ID: 2
2025-07-28 16:10:20 - INFO - EspecialidadService.get_especialidades - Iniciando
2025-07-28 16:10:20 - INFO - EspecialidadComponent.get_all_especialidades - 55 especialidades encontradas
2025-07-28 16:10:20 - INFO - EspecialidadService.get_especialidades - Especialidades obtenidas exitosamente
2025-07-28 16:10:20 - INFO - PacienteComponent.get_all_pacientes - 9 pacientes encontrados
2025-07-28 16:10:20 - INFO - SesionTerapiaComponent.get_sesiones - Sesiones obtenidas exitosamente
2025-07-28 16:10:20 - INFO - PacienteService.get_pacientes - Pacientes obtenidos exitosamente
2025-07-28 16:10:20 - INFO - SesionTerapiaService.get_sesiones - Sesiones obtenidas exitosamente
2025-07-28 16:10:21 - INFO - LoginComponent.get_user_by_id - Consulta para usuario ID: 2
2025-07-28 16:10:21 - INFO - EspecialidadService.get_especialidades - Iniciando
2025-07-28 16:10:21 - INFO - LoginComponent.get_user_by_id - Consulta para usuario ID: 2
2025-07-28 16:10:21 - INFO - SesionTerapiaService.get_sesiones - Iniciando
2025-07-28 16:10:21 - INFO - LoginComponent.get_user_by_id - Consulta para usuario ID: 2
2025-07-28 16:10:21 - INFO - PacienteService.get_pacientes - Iniciando
2025-07-28 16:10:21 - INFO - EspecialidadComponent.get_all_especialidades - 55 especialidades encontradas
2025-07-28 16:10:21 - INFO - EspecialidadService.get_especialidades - Especialidades obtenidas exitosamente
2025-07-28 16:10:21 - INFO - PersonalComponent.get_all_personal - 7 miembros del personal encontrados con especialidades
2025-07-28 16:10:21 - INFO - PersonalService.get_personal - Personal obtenido exitosamente
2025-07-28 16:10:21 - INFO - PacienteComponent.get_all_pacientes - 9 pacientes encontrados
2025-07-28 16:10:21 - INFO - PacienteService.get_pacientes - Pacientes obtenidos exitosamente
2025-07-28 16:10:21 - INFO - SesionTerapiaComponent.get_sesiones - Sesiones obtenidas exitosamente
2025-07-28 16:10:21 - INFO - SesionTerapiaService.get_sesiones - Sesiones obtenidas exitosamente
2025-07-28 16:10:21 - INFO - LoginComponent.get_user_by_id - Consulta para usuario ID: 2
2025-07-28 16:10:21 - INFO - PersonalService.get_personal - Iniciando
2025-07-28 16:10:22 - INFO - PersonalComponent.get_all_personal - 7 miembros del personal encontrados con especialidades
2025-07-28 16:10:22 - INFO - PersonalService.get_personal - Personal obtenido exitosamente
2025-07-28 16:10:23 - INFO - LoginComponent.get_user_by_id - Consulta para usuario ID: 2
2025-07-28 16:10:23 - INFO - SesionTerapiaService.get_sesion - ID: 5
2025-07-28 16:10:23 - INFO - LoginComponent.get_user_by_id - Consulta para usuario ID: 2
2025-07-28 16:10:23 - INFO - SesionTerapiaComponent.get_sesion_by_id - Sesión 5 encontrada
2025-07-28 16:10:23 - INFO - LoginComponent.get_user_by_id - Consulta para usuario ID: 2
2025-07-28 16:10:23 - INFO - SesionTerapiaComponent.get_pacientes_sesion - 2 pacientes encontrados
2025-07-28 16:10:23 - INFO - SesionTerapiaComponent.get_cronograma_sesion - 24 sesiones programadas
2025-07-28 16:10:23 - INFO - SesionTerapiaService.get_sesion - Sesión 5 encontrada
2025-07-28 16:10:27 - INFO - LoginComponent.get_user_by_id - Consulta para usuario ID: 2
2025-07-28 16:10:27 - INFO - SesionTerapiaService.get_sesion - ID: 1
2025-07-28 16:10:28 - INFO - LoginComponent.get_user_by_id - Consulta para usuario ID: 2
2025-07-28 16:10:28 - INFO - SesionTerapiaComponent.get_sesion_by_id - Sesión 1 encontrada
2025-07-28 16:10:28 - INFO - LoginComponent.get_user_by_id - Consulta para usuario ID: 2
2025-07-28 16:10:28 - INFO - SesionTerapiaComponent.get_pacientes_sesion - 3 pacientes encontrados
2025-07-28 16:10:28 - INFO - SesionTerapiaComponent.get_cronograma_sesion - 36 sesiones programadas
2025-07-28 16:10:28 - INFO - SesionTerapiaService.get_sesion - Sesión 1 encontrada
2025-07-28 16:10:51 - INFO - LoginComponent.get_user_by_id - Consulta para usuario ID: 2
2025-07-28 16:10:51 - INFO - SesionTerapiaService.get_sesion - ID: 1
2025-07-28 16:10:51 - INFO - LoginComponent.get_user_by_id - Consulta para usuario ID: 2
2025-07-28 16:10:51 - INFO - SesionTerapiaComponent.get_sesion_by_id - Sesión 1 encontrada
2025-07-28 16:10:51 - INFO - LoginComponent.get_user_by_id - Consulta para usuario ID: 2
2025-07-28 16:10:51 - INFO - SesionTerapiaComponent.get_pacientes_sesion - 3 pacientes encontrados
2025-07-28 16:10:51 - INFO - SesionTerapiaComponent.get_cronograma_sesion - 36 sesiones programadas
2025-07-28 16:10:51 - INFO - SesionTerapiaService.get_sesion - Sesión 1 encontrada
2025-07-28 16:10:58 - INFO - LoginComponent.get_user_by_id - Consulta para usuario ID: 2
2025-07-28 16:10:58 - INFO - PacienteService.get_pacientes - Iniciando
2025-07-28 16:10:58 - INFO - LoginComponent.get_user_by_id - Consulta para usuario ID: 2
2025-07-28 16:10:58 - INFO - TutorService.get_tutores - Iniciando
2025-07-28 16:10:58 - INFO - TutorComponent.get_all_tutores - 9 tutores encontrados
2025-07-28 16:10:58 - INFO - TutorService.get_tutores - Tutores obtenidos exitosamente
2025-07-28 16:10:58 - INFO - PacienteComponent.get_all_pacientes - 9 pacientes encontrados
2025-07-28 16:10:58 - INFO - PacienteService.get_pacientes - Pacientes obtenidos exitosamente
2025-07-28 16:10:58 - INFO - LoginComponent.get_user_by_id - Consulta para usuario ID: 2
2025-07-28 16:10:58 - INFO - PersonalService.get_personal - Iniciando
2025-07-28 16:10:58 - INFO - LoginComponent.get_user_by_id - Consulta para usuario ID: 2
2025-07-28 16:10:58 - INFO - PacienteService.get_estadisticas - Iniciando
2025-07-28 16:10:58 - INFO - LoginComponent.get_user_by_id - Consulta para usuario ID: 2
2025-07-28 16:10:58 - INFO - PacienteService.get_personas_disponibles - Iniciando
2025-07-28 16:10:58 - INFO - LoginComponent.get_user_by_id - Consulta para usuario ID: 2
2025-07-28 16:10:58 - INFO - SesionTerapiaService.get_sesiones - Iniciando
2025-07-28 16:10:58 - INFO - PacienteComponent.get_personas_disponibles_para_paciente - 17 personas disponibles
2025-07-28 16:10:58 - INFO - PacienteService.get_personas_disponibles - Personas disponibles obtenidas
2025-07-28 16:10:58 - INFO - SesionTerapiaComponent.get_sesiones - Sesiones obtenidas exitosamente
2025-07-28 16:10:58 - INFO - SesionTerapiaService.get_sesiones - Sesiones obtenidas exitosamente
2025-07-28 16:10:59 - INFO - PacienteComponent.get_estadisticas_pacientes - Estadísticas obtenidas
2025-07-28 16:10:59 - INFO - PacienteService.get_estadisticas - Estadísticas obtenidas
2025-07-28 16:10:59 - INFO - LoginComponent.get_user_by_id - Consulta para usuario ID: 2
2025-07-28 16:10:59 - INFO - TutorService.get_tutores - Iniciando
2025-07-28 16:10:59 - INFO - LoginComponent.get_user_by_id - Consulta para usuario ID: 2
2025-07-28 16:10:59 - INFO - EspecialidadService.get_especialidades - Iniciando
2025-07-28 16:10:59 - INFO - TutorComponent.get_all_tutores - 9 tutores encontrados
2025-07-28 16:10:59 - INFO - TutorService.get_tutores - Tutores obtenidos exitosamente
2025-07-28 16:10:59 - INFO - EspecialidadComponent.get_all_especialidades - 55 especialidades encontradas
2025-07-28 16:10:59 - INFO - EspecialidadService.get_especialidades - Especialidades obtenidas exitosamente
2025-07-28 16:10:59 - INFO - PersonalComponent.get_all_personal - 7 miembros del personal encontrados con especialidades
2025-07-28 16:10:59 - INFO - PersonalService.get_personal - Personal obtenido exitosamente
2025-07-28 16:10:59 - INFO - LoginComponent.get_user_by_id - Consulta para usuario ID: 2
2025-07-28 16:10:59 - INFO - PacienteService.get_pacientes - Iniciando
2025-07-28 16:10:59 - INFO - LoginComponent.get_user_by_id - Consulta para usuario ID: 2
2025-07-28 16:10:59 - INFO - PacienteService.get_personas_disponibles - Iniciando
2025-07-28 16:10:59 - INFO - PacienteComponent.get_personas_disponibles_para_paciente - 17 personas disponibles
2025-07-28 16:10:59 - INFO - PacienteComponent.get_all_pacientes - 9 pacientes encontrados
2025-07-28 16:10:59 - INFO - PacienteService.get_personas_disponibles - Personas disponibles obtenidas
2025-07-28 16:10:59 - INFO - PacienteService.get_pacientes - Pacientes obtenidos exitosamente
2025-07-28 16:10:59 - INFO - LoginComponent.get_user_by_id - Consulta para usuario ID: 2
2025-07-28 16:10:59 - INFO - SesionTerapiaService.get_sesiones - Iniciando
2025-07-28 16:10:59 - INFO - SesionTerapiaComponent.get_sesiones - Sesiones obtenidas exitosamente
2025-07-28 16:10:59 - INFO - SesionTerapiaService.get_sesiones - Sesiones obtenidas exitosamente
2025-07-28 16:10:59 - INFO - LoginComponent.get_user_by_id - Consulta para usuario ID: 2
2025-07-28 16:10:59 - INFO - EspecialidadService.get_especialidades - Iniciando
2025-07-28 16:10:59 - INFO - LoginComponent.get_user_by_id - Consulta para usuario ID: 2
2025-07-28 16:10:59 - INFO - PacienteService.get_estadisticas - Iniciando
2025-07-28 16:10:59 - INFO - EspecialidadComponent.get_all_especialidades - 55 especialidades encontradas
2025-07-28 16:10:59 - INFO - EspecialidadService.get_especialidades - Especialidades obtenidas exitosamente
2025-07-28 16:10:59 - INFO - LoginComponent.get_user_by_id - Consulta para usuario ID: 2
2025-07-28 16:10:59 - INFO - PersonalService.get_personal - Iniciando
2025-07-28 16:10:59 - INFO - PacienteComponent.get_estadisticas_pacientes - Estadísticas obtenidas
2025-07-28 16:10:59 - INFO - PacienteService.get_estadisticas - Estadísticas obtenidas
2025-07-28 16:10:59 - INFO - LoginComponent.get_user_by_id - Consulta para usuario ID: 2
2025-07-28 16:10:59 - INFO - PacienteService.get_pacientes - Iniciando
2025-07-28 16:10:59 - INFO - PacienteComponent.get_all_pacientes - 9 pacientes encontrados
2025-07-28 16:10:59 - INFO - PacienteService.get_pacientes - Pacientes obtenidos exitosamente
2025-07-28 16:10:59 - INFO - PersonalComponent.get_all_personal - 7 miembros del personal encontrados con especialidades
2025-07-28 16:10:59 - INFO - PersonalService.get_personal - Personal obtenido exitosamente
2025-07-28 16:11:00 - INFO - LoginComponent.get_user_by_id - Consulta para usuario ID: 2
2025-07-28 16:11:00 - INFO - PacienteService.get_pacientes - Iniciando
2025-07-28 16:11:00 - INFO - PacienteComponent.get_all_pacientes - 9 pacientes encontrados
2025-07-28 16:11:00 - INFO - PacienteService.get_pacientes - Pacientes obtenidos exitosamente
2025-07-28 16:11:22 - INFO - test_database - Conexion a base de datos exitosa
2025-07-28 16:11:37 - INFO - LoginService.login - Intento de autenticacion
2025-07-28 16:11:44 - INFO - LoginService.login - Intento de autenticacion
2025-07-28 16:11:44 - INFO - LoginComponent.get_user_for_login - Busqueda para usuario: admin
2025-07-28 16:11:45 - INFO - LoginService.login - Contrasena incorrecta para: admin
2025-07-28 16:12:11 - INFO - LoginComponent.get_user_by_id - Consulta para usuario ID: 2
2025-07-28 16:12:11 - INFO - SesionTerapiaService.get_sesiones - Iniciando
2025-07-28 16:12:11 - INFO - LoginComponent.get_user_by_id - Consulta para usuario ID: 2
2025-07-28 16:12:11 - INFO - SesionPedagogicaService.get_sesiones - Iniciando
2025-07-28 16:12:11 - INFO - SesionTerapiaComponent.get_sesiones - Sesiones obtenidas exitosamente
2025-07-28 16:12:11 - INFO - SesionTerapiaService.get_sesiones - Sesiones obtenidas exitosamente
2025-07-28 16:12:11 - INFO - SesionPedagogicaComponent.get_sesiones - Sesiones obtenidas exitosamente
2025-07-28 16:12:11 - INFO - LoginComponent.get_user_by_id - Consulta para usuario ID: 2
2025-07-28 16:12:11 - INFO - SesionTerapiaService.get_sesiones - Iniciando
2025-07-28 16:12:11 - INFO - SesionTerapiaComponent.get_sesiones - Sesiones obtenidas exitosamente
2025-07-28 16:12:11 - INFO - SesionTerapiaService.get_sesiones - Sesiones obtenidas exitosamente
2025-07-28 16:12:11 - INFO - LoginComponent.get_user_by_id - Consulta para usuario ID: 2
2025-07-28 16:12:11 - INFO - SesionPedagogicaService.get_sesiones - Iniciando
2025-07-28 16:12:11 - INFO - SesionPedagogicaComponent.get_sesiones - Sesiones obtenidas exitosamente
2025-07-28 16:31:04 - INFO - LoginComponent.get_user_by_id - Consulta para usuario ID: 2
2025-07-28 16:31:04 - INFO - LoginService.verify_token - Token verificado correctamente
2025-07-28 16:31:04 - INFO - LoginComponent.get_user_by_id - Consulta para usuario ID: 2
2025-07-28 16:31:04 - INFO - LoginService.verify_token - Token verificado correctamente
2025-07-28 16:31:04 - INFO - LoginComponent.get_user_by_id - Consulta para usuario ID: 2
2025-07-28 16:31:04 - INFO - Información solicitada para usuario: glenda.rodriguez
2025-07-28 16:31:05 - INFO - LoginComponent.get_user_by_id - Consulta para usuario ID: 2
2025-07-28 16:31:05 - INFO - Información solicitada para usuario: glenda.rodriguez
2025-07-28 16:31:09 - INFO - LoginComponent.get_user_by_id - Consulta para usuario ID: 2
2025-07-28 16:31:09 - INFO - SesionTerapiaService.get_sesiones - Iniciando
2025-07-28 16:31:09 - INFO - LoginComponent.get_user_by_id - Consulta para usuario ID: 2
2025-07-28 16:31:09 - INFO - EspecialidadService.get_especialidades - Iniciando
2025-07-28 16:31:09 - INFO - LoginComponent.get_user_by_id - Consulta para usuario ID: 2
2025-07-28 16:31:09 - INFO - PersonalService.get_personal - Iniciando
2025-07-28 16:31:09 - INFO - EspecialidadComponent.get_all_especialidades - 55 especialidades encontradas
2025-07-28 16:31:09 - INFO - EspecialidadService.get_especialidades - Especialidades obtenidas exitosamente
2025-07-28 16:31:09 - INFO - SesionTerapiaComponent.get_sesiones - Sesiones obtenidas exitosamente
2025-07-28 16:31:09 - INFO - SesionTerapiaService.get_sesiones - Sesiones obtenidas exitosamente
2025-07-28 16:31:09 - INFO - LoginComponent.get_user_by_id - Consulta para usuario ID: 2
2025-07-28 16:31:09 - INFO - PacienteService.get_pacientes - Iniciando
2025-07-28 16:31:09 - INFO - PacienteComponent.get_all_pacientes - 9 pacientes encontrados
2025-07-28 16:31:09 - INFO - PacienteService.get_pacientes - Pacientes obtenidos exitosamente
2025-07-28 16:31:09 - INFO - LoginComponent.get_user_by_id - Consulta para usuario ID: 2
2025-07-28 16:31:09 - INFO - SesionTerapiaService.get_sesiones - Iniciando
2025-07-28 16:31:09 - INFO - PersonalComponent.get_all_personal - 6 miembros del personal encontrados con especialidades
2025-07-28 16:31:09 - INFO - PersonalService.get_personal - Personal obtenido exitosamente
2025-07-28 16:31:09 - INFO - SesionTerapiaComponent.get_sesiones - Sesiones obtenidas exitosamente
2025-07-28 16:31:09 - INFO - SesionTerapiaService.get_sesiones - Sesiones obtenidas exitosamente
2025-07-28 16:31:09 - INFO - LoginComponent.get_user_by_id - Consulta para usuario ID: 2
2025-07-28 16:31:09 - INFO - PacienteService.get_pacientes - Iniciando
2025-07-28 16:31:09 - INFO - LoginComponent.get_user_by_id - Consulta para usuario ID: 2
2025-07-28 16:31:09 - INFO - EspecialidadService.get_especialidades - Iniciando
2025-07-28 16:31:09 - INFO - PacienteComponent.get_all_pacientes - 9 pacientes encontrados
2025-07-28 16:31:09 - INFO - PacienteService.get_pacientes - Pacientes obtenidos exitosamente
2025-07-28 16:31:09 - INFO - EspecialidadComponent.get_all_especialidades - 55 especialidades encontradas
2025-07-28 16:31:09 - INFO - EspecialidadService.get_especialidades - Especialidades obtenidas exitosamente
2025-07-28 16:31:10 - INFO - LoginComponent.get_user_by_id - Consulta para usuario ID: 2
2025-07-28 16:31:10 - INFO - PersonalService.get_personal - Iniciando
2025-07-28 16:31:10 - INFO - PersonalComponent.get_all_personal - 6 miembros del personal encontrados con especialidades
2025-07-28 16:31:10 - INFO - PersonalService.get_personal - Personal obtenido exitosamente
2025-07-28 16:31:24 - INFO - LoginComponent.get_user_by_id - Consulta para usuario ID: 2
2025-07-28 16:31:24 - INFO - LoginService.verify_token - Token verificado correctamente
2025-07-28 16:31:24 - INFO - LoginComponent.get_user_by_id - Consulta para usuario ID: 2
2025-07-28 16:31:24 - INFO - LoginService.verify_token - Token verificado correctamente
2025-07-28 16:31:24 - INFO - LoginComponent.get_user_by_id - Consulta para usuario ID: 2
2025-07-28 16:31:24 - INFO - Información solicitada para usuario: glenda.rodriguez
2025-07-28 16:31:25 - INFO - LoginComponent.get_user_by_id - Consulta para usuario ID: 2
2025-07-28 16:31:25 - INFO - Información solicitada para usuario: glenda.rodriguez
2025-07-28 16:31:28 - INFO - LoginComponent.get_user_by_id - Consulta para usuario ID: 2
2025-07-28 16:31:28 - INFO - SesionTerapiaService.get_sesiones - Iniciando
2025-07-28 16:31:28 - INFO - SesionTerapiaComponent.get_sesiones - Sesiones obtenidas exitosamente
2025-07-28 16:31:28 - INFO - SesionTerapiaService.get_sesiones - Sesiones obtenidas exitosamente
2025-07-28 16:31:28 - INFO - LoginComponent.get_user_by_id - Consulta para usuario ID: 2
2025-07-28 16:31:28 - INFO - PacienteService.get_pacientes - Iniciando
2025-07-28 16:31:28 - INFO - LoginComponent.get_user_by_id - Consulta para usuario ID: 2
2025-07-28 16:31:28 - INFO - LoginComponent.get_user_by_id - Consulta para usuario ID: 2
2025-07-28 16:31:28 - INFO - EspecialidadService.get_especialidades - Iniciando
2025-07-28 16:31:28 - INFO - PersonalService.get_personal - Iniciando
2025-07-28 16:31:28 - INFO - EspecialidadComponent.get_all_especialidades - 55 especialidades encontradas
2025-07-28 16:31:28 - INFO - EspecialidadService.get_especialidades - Especialidades obtenidas exitosamente
2025-07-28 16:31:28 - INFO - PacienteComponent.get_all_pacientes - 9 pacientes encontrados
2025-07-28 16:31:28 - INFO - PacienteService.get_pacientes - Pacientes obtenidos exitosamente
2025-07-28 16:31:28 - INFO - LoginComponent.get_user_by_id - Consulta para usuario ID: 2
2025-07-28 16:31:28 - INFO - SesionTerapiaService.get_sesiones - Iniciando
2025-07-28 16:31:28 - INFO - SesionTerapiaComponent.get_sesiones - Sesiones obtenidas exitosamente
2025-07-28 16:31:28 - INFO - SesionTerapiaService.get_sesiones - Sesiones obtenidas exitosamente
2025-07-28 16:31:29 - INFO - PersonalComponent.get_all_personal - 6 miembros del personal encontrados con especialidades
2025-07-28 16:31:29 - INFO - PersonalService.get_personal - Personal obtenido exitosamente
2025-07-28 16:31:29 - INFO - LoginComponent.get_user_by_id - Consulta para usuario ID: 2
2025-07-28 16:31:29 - INFO - EspecialidadService.get_especialidades - Iniciando
2025-07-28 16:31:29 - INFO - LoginComponent.get_user_by_id - Consulta para usuario ID: 2
2025-07-28 16:31:29 - INFO - PacienteService.get_pacientes - Iniciando
2025-07-28 16:31:29 - INFO - EspecialidadComponent.get_all_especialidades - 55 especialidades encontradas
2025-07-28 16:31:29 - INFO - EspecialidadService.get_especialidades - Especialidades obtenidas exitosamente
2025-07-28 16:31:29 - INFO - PacienteComponent.get_all_pacientes - 9 pacientes encontrados
2025-07-28 16:31:29 - INFO - PacienteService.get_pacientes - Pacientes obtenidos exitosamente
2025-07-28 16:31:29 - INFO - LoginComponent.get_user_by_id - Consulta para usuario ID: 2
2025-07-28 16:31:29 - INFO - PersonalService.get_personal - Iniciando
2025-07-28 16:31:29 - INFO - PersonalComponent.get_all_personal - 6 miembros del personal encontrados con especialidades
2025-07-28 16:31:29 - INFO - PersonalService.get_personal - Personal obtenido exitosamente
2025-07-28 16:31:29 - INFO - LoginComponent.get_user_by_id - Consulta para usuario ID: 2
2025-07-28 16:31:29 - INFO - SesionTerapiaService.get_sesiones - Iniciando
2025-07-28 16:31:30 - INFO - SesionTerapiaComponent.get_sesiones - Sesiones obtenidas exitosamente
2025-07-28 16:31:30 - INFO - SesionTerapiaService.get_sesiones - Sesiones obtenidas exitosamente
2025-07-28 16:31:30 - INFO - LoginComponent.get_user_by_id - Consulta para usuario ID: 2
2025-07-28 16:31:30 - INFO - SesionPedagogicaService.get_sesiones - Iniciando
2025-07-28 16:31:30 - INFO - SesionPedagogicaComponent.get_sesiones - Sesiones obtenidas exitosamente
2025-07-28 16:31:30 - INFO - LoginComponent.get_user_by_id - Consulta para usuario ID: 2
2025-07-28 16:31:30 - INFO - SesionTerapiaService.get_sesiones - Iniciando
2025-07-28 16:31:30 - INFO - SesionTerapiaComponent.get_sesiones - Sesiones obtenidas exitosamente
2025-07-28 16:31:30 - INFO - SesionTerapiaService.get_sesiones - Sesiones obtenidas exitosamente
2025-07-28 16:31:30 - INFO - LoginComponent.get_user_by_id - Consulta para usuario ID: 2
2025-07-28 16:31:30 - INFO - SesionPedagogicaService.get_sesiones - Iniciando
2025-07-28 16:31:30 - INFO - SesionPedagogicaComponent.get_sesiones - Sesiones obtenidas exitosamente
2025-07-28 16:31:31 - INFO - LoginComponent.get_user_by_id - Consulta para usuario ID: 2
2025-07-28 16:31:31 - INFO - LoginComponent.get_user_by_id - Consulta para usuario ID: 2
2025-07-28 16:31:31 - INFO - SesionTerapiaService.get_sesiones - Iniciando
suario ID: 2
2025-07-28 16:31:31 - INFO - PacienteService.get_pacientes - Iniciando
2025-07-28 16:31:31 - INFO - EspecialidadService.get_especialidades - Iniciando
2025-07-28 16:31:31 - INFO - LoginComponent.get_user_by_id - Consulta para usuario ID: 2
2025-07-28 16:31:31 - INFO - PersonalService.get_personal - Iniciando
2025-07-28 16:31:31 - INFO - PacienteComponent.get_all_pacientes - 9 pacientes encontrados
2025-07-28 16:31:31 - INFO - PacienteService.get_pacientes - Pacientes obtenidos exitosamente
2025-07-28 16:31:31 - INFO - SesionTerapiaComponent.get_sesiones - Sesiones obtenidas exitosamente
2025-07-28 16:31:31 - INFO - SesionTerapiaService.get_sesiones - Sesiones obtenidas exitosamente
2025-07-28 16:31:31 - INFO - EspecialidadComponent.get_all_especialidades - 55 especialidades encontradas
2025-07-28 16:31:31 - INFO - EspecialidadService.get_especialidades - Especialidades obtenidas exitosamente
2025-07-28 16:31:31 - INFO - LoginComponent.get_user_by_id - Consulta para usuario ID: 2
2025-07-28 16:31:31 - INFO - PacienteService.get_pacientes - Iniciando
2025-07-28 16:31:31 - INFO - PacienteComponent.get_all_pacientes - 9 pacientes encontrados
2025-07-28 16:31:31 - INFO - PacienteService.get_pacientes - Pacientes obtenidos exitosamente
2025-07-28 16:31:31 - INFO - LoginComponent.get_user_by_id - Consulta para usuario ID: 2
2025-07-28 16:31:31 - INFO - SesionTerapiaService.get_sesiones - Iniciando
2025-07-28 16:31:31 - INFO - PersonalComponent.get_all_personal - 6 miembros del personal encontrados con especialidades
2025-07-28 16:31:31 - INFO - PersonalService.get_personal - Personal obtenido exitosamente
2025-07-28 16:31:31 - INFO - LoginComponent.get_user_by_id - Consulta para usuario ID: 2
2025-07-28 16:31:31 - INFO - EspecialidadService.get_especialidades - Iniciando
2025-07-28 16:31:32 - INFO - EspecialidadComponent.get_all_especialidades - 55 especialidades encontradas
2025-07-28 16:31:32 - INFO - EspecialidadService.get_especialidades - Especialidades obtenidas exitosamente
2025-07-28 16:31:32 - INFO - SesionTerapiaComponent.get_sesiones - Sesiones obtenidas exitosamente
2025-07-28 16:31:32 - INFO - SesionTerapiaService.get_sesiones - Sesiones obtenidas exitosamente
2025-07-28 16:31:32 - INFO - LoginComponent.get_user_by_id - Consulta para usuario ID: 2
2025-07-28 16:31:32 - INFO - SesionPedagogicaService.get_sesiones - Iniciando
2025-07-28 16:31:32 - INFO - SesionPedagogicaComponent.get_sesiones - Sesiones obtenidas exitosamente
2025-07-28 16:31:32 - INFO - LoginComponent.get_user_by_id - Consulta para usuario ID: 2
2025-07-28 16:31:32 - INFO - PacienteService.get_pacientes - Iniciando
2025-07-28 16:31:32 - INFO - PacienteComponent.get_all_pacientes - 9 pacientes encontrados
2025-07-28 16:31:32 - INFO - PacienteService.get_pacientes - Pacientes obtenidos exitosamente
2025-07-28 16:31:32 - INFO - LoginComponent.get_user_by_id - Consulta para usuario ID: 2
2025-07-28 16:31:32 - INFO - EspecialidadService.get_especialidades_by_area - Área: pedagogico
2025-07-28 16:31:32 - INFO - EspecialidadComponent.get_especialidades_by_area - 34 especialidades de área pedagogico encontradas
2025-07-28 16:31:32 - INFO - EspecialidadService.get_especialidades_by_area - Especialidades de pedagogico obtenidas
2025-07-28 16:31:32 - INFO - LoginComponent.get_user_by_id - Consulta para usuario ID: 2
2025-07-28 16:31:32 - INFO - PersonalService.get_personal - Iniciando
2025-07-28 16:31:32 - INFO - LoginComponent.get_user_by_id - Consulta para usuario ID: 2
2025-07-28 16:31:32 - INFO - SesionPedagogicaService.get_sesiones - Iniciando
2025-07-28 16:31:32 - INFO - SesionPedagogicaComponent.get_sesiones - Sesiones obtenidas exitosamente
2025-07-28 16:31:32 - INFO - LoginComponent.get_user_by_id - Consulta para usuario ID: 2
2025-07-28 16:31:32 - INFO - PacienteService.get_pacientes - Iniciando
2025-07-28 16:31:32 - INFO - LoginComponent.get_user_by_id - Consulta para usuario ID: 2
2025-07-28 16:31:32 - INFO - PacienteComponent.get_all_pacientes - 9 pacientes encontrados
2025-07-28 16:31:32 - INFO - EspecialidadService.get_especialidades_by_area - Área: pedagogico
2025-07-28 16:31:32 - INFO - PacienteService.get_pacientes - Pacientes obtenidos exitosamente
2025-07-28 16:31:32 - INFO - PersonalComponent.get_all_personal - 6 miembros del personal encontrados con especialidades
2025-07-28 16:31:32 - INFO - PersonalService.get_personal - Personal obtenido exitosamente
2025-07-28 16:31:32 - INFO - EspecialidadComponent.get_especialidades_by_area - 34 especialidades de área pedagogico encontradas
2025-07-28 16:31:32 - INFO - EspecialidadService.get_especialidades_by_area - Especialidades de pedagogico obtenidas
2025-07-28 16:31:33 - INFO - LoginComponent.get_user_by_id - Consulta para usuario ID: 2
2025-07-28 16:31:33 - INFO - PersonalService.get_personal - Iniciando
2025-07-28 16:31:33 - INFO - PersonalComponent.get_all_personal - 6 miembros del personal encontrados con especialidades
2025-07-28 16:31:33 - INFO - PersonalService.get_personal - Personal obtenido exitosamente
2025-07-28 16:31:33 - INFO - LoginComponent.get_user_by_id - Consulta para usuario ID: 2
2025-07-28 16:31:33 - INFO - PersonalService.get_personal - Iniciando
2025-07-28 16:31:34 - INFO - LoginComponent.get_user_by_id - Consulta para usuario ID: 2
2025-07-28 16:31:34 - INFO - PersonalComponent.get_all_personal - 6 miembros del personal encontrados con especialidades
2025-07-28 16:31:34 - INFO - LoginComponent.get_user_by_id - Consulta para usuario ID: 2
2025-07-28 16:31:34 - INFO - PersonalService.get_personal - Personal obtenido exitosamente
2025-07-28 16:31:34 - INFO - SesionPedagogicaService.get_estadisticas - Iniciando
2025-07-28 16:31:34 - INFO - SesionPedagogicaComponent.get_estadisticas_sesiones - Estadísticas obtenidas
2025-07-28 16:31:34 - INFO - SesionPedagogicaService.get_estadisticas - Estadísticas obtenidas
2025-07-28 16:31:34 - INFO - LoginComponent.get_user_by_id - Consulta para usuario ID: 2
2025-07-28 16:31:34 - INFO - LoginComponent.get_user_by_id - Consulta para usuario ID: 2
2025-07-28 16:31:34 - INFO - SesionPedagogicaService.get_estadisticas - Iniciando
2025-07-28 16:31:34 - INFO - SesionPedagogicaComponent.get_estadisticas_sesiones - Estadísticas obtenidas
2025-07-28 16:31:34 - INFO - SesionPedagogicaService.get_estadisticas - Estadísticas obtenidas
2025-07-28 16:31:36 - INFO - LoginComponent.get_user_by_id - Consulta para usuario ID: 2
2025-07-28 16:31:36 - INFO - SesionTerapiaService.get_sesiones - Iniciando
2025-07-28 16:31:36 - INFO - LoginComponent.get_user_by_id - Consulta para usuario ID: 2
2025-07-28 16:31:36 - INFO - EspecialidadService.get_especialidades - Iniciando
2025-07-28 16:31:36 - INFO - LoginComponent.get_user_by_id - Consulta para usuario ID: 2
2025-07-28 16:31:36 - INFO - LoginComponent.get_user_by_id - Consulta para usuario ID: 2
2025-07-28 16:31:36 - INFO - PersonalService.get_personal - Iniciando
2025-07-28 16:31:36 - INFO - PacienteService.get_pacientes - Iniciando
2025-07-28 16:31:36 - INFO - SesionTerapiaComponent.get_sesiones - Sesiones obtenidas exitosamente
2025-07-28 16:31:36 - INFO - SesionTerapiaService.get_sesiones - Sesiones obtenidas exitosamente
2025-07-28 16:31:36 - INFO - EspecialidadComponent.get_all_especialidades - 55 especialidades encontradas
2025-07-28 16:31:36 - INFO - EspecialidadService.get_especialidades - Especialidades obtenidas exitosamente
2025-07-28 16:31:36 - INFO - PacienteComponent.get_all_pacientes - 9 pacientes encontrados
2025-07-28 16:31:36 - INFO - PacienteService.get_pacientes - Pacientes obtenidos exitosamente
2025-07-28 16:31:36 - INFO - PersonalComponent.get_all_personal - 6 miembros del personal encontrados con especialidades
2025-07-28 16:31:36 - INFO - PersonalService.get_personal - Personal obtenido exitosamente
2025-07-28 16:31:36 - INFO - LoginComponent.get_user_by_id - Consulta para usuario ID: 2
2025-07-28 16:31:36 - INFO - EspecialidadService.get_especialidades - Iniciando
2025-07-28 16:31:36 - INFO - LoginComponent.get_user_by_id - Consulta para usuario ID: 2
2025-07-28 16:31:36 - INFO - SesionTerapiaService.get_sesiones - Iniciando
2025-07-28 16:31:36 - INFO - LoginComponent.get_user_by_id - Consulta para usuario ID: 2
2025-07-28 16:31:36 - INFO - PacienteService.get_pacientes - Iniciando
2025-07-28 16:31:36 - INFO - EspecialidadComponent.get_all_especialidades - 55 especialidades encontradas
2025-07-28 16:31:36 - INFO - EspecialidadService.get_especialidades - Especialidades obtenidas exitosamente
2025-07-28 16:31:36 - INFO - PacienteComponent.get_all_pacientes - 9 pacientes encontrados
2025-07-28 16:31:36 - INFO - SesionTerapiaComponent.get_sesiones - Sesiones obtenidas exitosamente
2025-07-28 16:31:36 - INFO - PacienteService.get_pacientes - Pacientes obtenidos exitosamente
2025-07-28 16:31:36 - INFO - SesionTerapiaService.get_sesiones - Sesiones obtenidas exitosamente
2025-07-28 16:31:36 - INFO - LoginComponent.get_user_by_id - Consulta para usuario ID: 2
2025-07-28 16:31:36 - INFO - PersonalService.get_personal - Iniciando
2025-07-28 16:31:37 - INFO - PersonalComponent.get_all_personal - 6 miembros del personal encontrados con especialidades
2025-07-28 16:31:37 - INFO - PersonalService.get_personal - Personal obtenido exitosamente
2025-07-28 16:31:50 - INFO - LoginComponent.get_user_by_id - Consulta para usuario ID: 2
2025-07-28 16:31:50 - INFO - SesionTerapiaService.get_sesion - ID: 5
2025-07-28 16:31:50 - INFO - SesionTerapiaComponent.get_sesion_by_id - Sesión 5 encontrada
2025-07-28 16:31:50 - INFO - SesionTerapiaComponent.get_pacientes_sesion - 2 pacientes encontrados
2025-07-28 16:31:50 - INFO - SesionTerapiaComponent.get_cronograma_sesion - 24 sesiones programadas
2025-07-28 16:31:50 - INFO - SesionTerapiaService.get_sesion - Sesión 5 encontrada
2025-07-28 16:32:25 - INFO - LoginComponent.get_user_by_id - Consulta para usuario ID: 2
2025-07-28 16:32:25 - INFO - SesionTerapiaService.get_sesion - ID: 5
2025-07-28 16:32:25 - INFO - SesionTerapiaComponent.get_sesion_by_id - Sesión 5 encontrada
2025-07-28 16:32:25 - INFO - SesionTerapiaComponent.get_pacientes_sesion - 2 pacientes encontrados
2025-07-28 16:32:25 - INFO - SesionTerapiaComponent.get_cronograma_sesion - 24 sesiones programadas
2025-07-28 16:32:25 - INFO - SesionTerapiaService.get_sesion - Sesión 5 encontrada
2025-07-28 16:32:25 - INFO - LoginComponent.get_user_by_id - Consulta para usuario ID: 2
2025-07-28 16:32:26 - INFO - LoginComponent.get_user_by_id - Consulta para usuario ID: 2
