2025-07-31 11:43:41 - INFO - app - Iniciando Sistema Tía Glenda Backend
2025-07-31 11:43:41 - INFO - app - Iniciando Sistema Tía Glenda Backend
2025-07-31 11:44:52 - INFO - LoginService.login - Intento de autenticacion
2025-07-31 11:44:52 - INFO - LoginComponent.get_user_for_login - Busqueda para usuario: admin
2025-07-31 11:44:52 - INFO - LoginComponent.get_user_by_id - Consulta para usuario ID: 1
2025-07-31 11:44:52 - INFO - LoginService.verify_token - Token verificado correctamente
2025-07-31 11:44:52 - INFO - LoginComponent.get_user_by_id - Consulta para usuario ID: 1
2025-07-31 11:44:52 - INFO - LoginService.verify_token - Token verificado correctamente
2025-07-31 11:44:52 - INFO - LoginComponent.update_last_access - Actualizado para usuario ID: 1
2025-07-31 11:44:52 - INFO - LoginService.login - Autenticacion exitosa: admin
2025-07-31 11:44:53 - INFO - LoginComponent.get_user_by_id - Consulta para usuario ID: 1
2025-07-31 11:44:53 - INFO - Información solicitada para usuario: admin
2025-07-31 11:44:53 - INFO - LoginComponent.get_user_by_id - Consulta para usuario ID: 1
2025-07-31 11:44:53 - INFO - Información solicitada para usuario: admin
2025-07-31 11:44:55 - INFO - LoginService.login - Intento de autenticacion
2025-07-31 11:44:55 - INFO - LoginComponent.get_user_for_login - Busqueda para usuario: admin
2025-07-31 11:44:55 - INFO - LoginComponent.update_last_access - Actualizado para usuario ID: 1
2025-07-31 11:44:55 - INFO - LoginService.login - Autenticacion exitosa: admin
2025-07-31 11:44:58 - INFO - LoginService.login - Intento de autenticacion
2025-07-31 11:44:58 - INFO - LoginComponent.get_user_for_login - Busqueda para usuario: usuario_inexistente
2025-07-31 11:44:58 - INFO - LoginService.login - Usuario no encontrado: usuario_inexistente
2025-07-31 11:45:01 - INFO - LoginService.login - Intento de autenticacion
2025-07-31 11:45:01 - INFO - LoginComponent.get_user_for_login - Busqueda para usuario: usuario_inexistente
2025-07-31 11:45:01 - INFO - LoginService.login - Usuario no encontrado: usuario_inexistente
2025-07-31 11:45:03 - INFO - LoginComponent.get_user_by_id - Consulta para usuario ID: 1
2025-07-31 11:45:03 - INFO - LoginService.verify_token - Token verificado correctamente
2025-07-31 11:45:06 - INFO - LoginComponent.get_user_by_id - Consulta para usuario ID: 1
2025-07-31 11:45:06 - INFO - LoginService.verify_token - Token verificado correctamente
2025-07-31 11:45:08 - INFO - LoginComponent.get_user_by_id - Consulta para usuario ID: 1
2025-07-31 11:45:08 - INFO - Información solicitada para usuario: admin
2025-07-31 11:45:12 - INFO - LoginComponent.get_user_by_id - Consulta para usuario ID: 1
2025-07-31 11:45:12 - INFO - Información solicitada para usuario: admin
2025-07-31 11:45:14 - INFO - LoginComponent.get_user_by_id - Consulta para usuario ID: 1
2025-07-31 11:45:14 - INFO - Logout solicitado
2025-07-31 11:45:17 - INFO - LoginComponent.get_user_by_id - Consulta para usuario ID: 1
2025-07-31 11:45:17 - INFO - Logout solicitado
2025-07-31 11:45:19 - INFO - LoginService.login - Intento de autenticacion
2025-07-31 11:45:19 - INFO - LoginComponent.get_user_for_login - Busqueda para usuario: admin
2025-07-31 11:45:20 - INFO - LoginComponent.update_last_access - Actualizado para usuario ID: 1
2025-07-31 11:45:20 - INFO - LoginService.login - Autenticacion exitosa: admin
2025-07-31 11:45:22 - INFO - LoginComponent.get_user_by_id - Consulta para usuario ID: 1
2025-07-31 11:45:22 - INFO - LoginService.verify_token - Token verificado correctamente
2025-07-31 11:45:24 - INFO - LoginComponent.get_user_by_id - Consulta para usuario ID: 1
2025-07-31 11:45:24 - INFO - Información solicitada para usuario: admin
2025-07-31 11:45:26 - INFO - LoginComponent.get_user_by_id - Consulta para usuario ID: 1
2025-07-31 11:45:26 - INFO - RolService.get_roles - Iniciando
2025-07-31 11:45:26 - INFO - RolService.get_roles - 4 roles encontrados
2025-07-31 11:45:28 - INFO - LoginComponent.get_user_by_id - Consulta para usuario ID: 1
2025-07-31 11:45:28 - INFO - Logout solicitado
2025-07-31 11:45:31 - INFO - LoginService.login - Intento de autenticacion
2025-07-31 11:45:31 - INFO - LoginComponent.get_user_for_login - Busqueda para usuario: admin
2025-07-31 11:45:32 - INFO - LoginComponent.update_last_access - Actualizado para usuario ID: 1
2025-07-31 11:45:32 - INFO - LoginService.login - Autenticacion exitosa: admin
2025-07-31 11:45:34 - INFO - LoginComponent.get_user_by_id - Consulta para usuario ID: 1
2025-07-31 11:45:34 - INFO - LoginService.verify_token - Token verificado correctamente
2025-07-31 11:45:36 - INFO - LoginComponent.get_user_by_id - Consulta para usuario ID: 1
2025-07-31 11:45:36 - INFO - Información solicitada para usuario: admin
2025-07-31 11:45:38 - INFO - LoginComponent.get_user_by_id - Consulta para usuario ID: 1
2025-07-31 11:45:38 - INFO - RolService.get_roles - Iniciando
2025-07-31 11:45:38 - INFO - RolService.get_roles - 4 roles encontrados
2025-07-31 11:45:40 - INFO - LoginComponent.get_user_by_id - Consulta para usuario ID: 1
2025-07-31 11:45:40 - INFO - Logout solicitado
2025-07-31 11:45:42 - INFO - LoginService.login - Intento de autenticacion
2025-07-31 11:45:43 - INFO - LoginComponent.get_user_for_login - Busqueda para usuario: usuario_inexistente
2025-07-31 11:45:43 - INFO - LoginService.login - Usuario no encontrado: usuario_inexistente
2025-07-31 11:45:46 - INFO - LoginService.login - Intento de autenticacion
2025-07-31 11:45:46 - INFO - LoginComponent.get_user_for_login - Busqueda para usuario: usuario_inexistente
2025-07-31 11:45:46 - INFO - LoginService.login - Usuario no encontrado: usuario_inexistente
2025-07-31 11:45:52 - INFO - LoginService.login - Intento de autenticacion
2025-07-31 11:45:52 - INFO - LoginComponent.get_user_for_login - Busqueda para usuario: admin
2025-07-31 11:45:52 - INFO - LoginComponent.update_last_access - Actualizado para usuario ID: 1
2025-07-31 11:45:52 - INFO - LoginService.login - Autenticacion exitosa: admin
2025-07-31 11:45:55 - INFO - LoginService.login - Intento de autenticacion
2025-07-31 11:45:55 - INFO - LoginComponent.get_user_for_login - Busqueda para usuario: admin
2025-07-31 11:45:55 - INFO - LoginComponent.update_last_access - Actualizado para usuario ID: 1
2025-07-31 11:45:55 - INFO - LoginService.login - Autenticacion exitosa: admin
2025-07-31 11:45:57 - INFO - LoginComponent.get_user_by_id - Consulta para usuario ID: 1
2025-07-31 11:45:57 - INFO - PersonaService.create_persona - Iniciando
2025-07-31 11:45:58 - INFO - PersonaComponent.get_persona_by_id - Persona 35 encontrada
2025-07-31 11:45:58 - INFO - PersonaComponent.create_persona - Persona creada con ID: 35
2025-07-31 11:45:58 - INFO - PersonaService.create_persona - Persona creada exitosamente
2025-07-31 11:46:01 - INFO - LoginComponent.get_user_by_id - Consulta para usuario ID: 1
2025-07-31 11:46:01 - INFO - PersonaService.create_persona - Iniciando
2025-07-31 11:46:01 - INFO - PersonaComponent.get_persona_by_id - Persona 36 encontrada
2025-07-31 11:46:01 - INFO - PersonaComponent.create_persona - Persona creada con ID: 36
2025-07-31 11:46:01 - INFO - PersonaService.create_persona - Persona creada exitosamente
2025-07-31 11:46:06 - INFO - LoginComponent.get_user_by_id - Consulta para usuario ID: 1
2025-07-31 11:46:06 - INFO - PacienteService.get_estadisticas - Iniciando
2025-07-31 11:46:06 - INFO - PacienteComponent.get_estadisticas_pacientes - Estadísticas obtenidas
2025-07-31 11:46:06 - INFO - PacienteService.get_estadisticas - Estadísticas obtenidas
2025-07-31 11:46:09 - INFO - LoginComponent.get_user_by_id - Consulta para usuario ID: 1
2025-07-31 11:46:09 - INFO - PacienteService.get_estadisticas - Iniciando
2025-07-31 11:46:09 - INFO - PacienteComponent.get_estadisticas_pacientes - Estadísticas obtenidas
2025-07-31 11:46:09 - INFO - PacienteService.get_estadisticas - Estadísticas obtenidas
2025-07-31 11:46:12 - INFO - LoginComponent.get_user_by_id - Consulta para usuario ID: 1
2025-07-31 11:46:12 - INFO - PacienteService.create_paciente - Iniciando
2025-07-31 11:46:15 - INFO - LoginComponent.get_user_by_id - Consulta para usuario ID: 1
2025-07-31 11:46:15 - INFO - PacienteService.create_paciente - Iniciando
2025-07-31 11:46:20 - INFO - LoginService.login - Intento de autenticacion
2025-07-31 11:46:20 - INFO - LoginComponent.get_user_for_login - Busqueda para usuario: admin
2025-07-31 11:46:21 - INFO - LoginComponent.update_last_access - Actualizado para usuario ID: 1
2025-07-31 11:46:21 - INFO - LoginService.login - Autenticacion exitosa: admin
2025-07-31 11:46:24 - INFO - LoginService.login - Intento de autenticacion
2025-07-31 11:46:24 - INFO - LoginComponent.get_user_for_login - Busqueda para usuario: admin
2025-07-31 11:46:24 - INFO - LoginComponent.update_last_access - Actualizado para usuario ID: 1
2025-07-31 11:46:24 - INFO - LoginService.login - Autenticacion exitosa: admin
2025-07-31 11:46:27 - INFO - LoginComponent.get_user_by_id - Consulta para usuario ID: 1
2025-07-31 11:46:27 - INFO - PersonaService.create_persona - Iniciando
2025-07-31 11:46:27 - INFO - PersonaComponent.get_persona_by_id - Persona 37 encontrada
2025-07-31 11:46:27 - INFO - PersonaComponent.create_persona - Persona creada con ID: 37
2025-07-31 11:46:27 - INFO - PersonaService.create_persona - Persona creada exitosamente
2025-07-31 11:46:30 - INFO - LoginComponent.get_user_by_id - Consulta para usuario ID: 1
2025-07-31 11:46:30 - INFO - PersonaService.create_persona - Iniciando
2025-07-31 11:46:31 - INFO - PersonaComponent.get_persona_by_id - Persona 38 encontrada
2025-07-31 11:46:31 - INFO - PersonaComponent.create_persona - Persona creada con ID: 38
2025-07-31 11:46:31 - INFO - PersonaService.create_persona - Persona creada exitosamente
2025-07-31 11:46:33 - INFO - LoginComponent.get_user_by_id - Consulta para usuario ID: 1
2025-07-31 11:46:33 - INFO - PersonalService.get_personal - Iniciando
2025-07-31 11:46:33 - INFO - PersonalComponent.get_all_personal - 6 miembros del personal encontrados con especialidades
2025-07-31 11:46:33 - INFO - PersonalService.get_personal - Personal obtenido exitosamente
2025-07-31 11:46:36 - INFO - LoginComponent.get_user_by_id - Consulta para usuario ID: 1
2025-07-31 11:46:36 - INFO - PersonalService.get_personal - Iniciando
2025-07-31 11:46:37 - INFO - PersonalComponent.get_all_personal - 6 miembros del personal encontrados con especialidades
2025-07-31 11:46:37 - INFO - PersonalService.get_personal - Personal obtenido exitosamente
2025-07-31 11:46:40 - INFO - LoginComponent.get_user_by_id - Consulta para usuario ID: 1
2025-07-31 11:46:40 - INFO - PersonalService.get_personal_by_area - Área: terapeutico
2025-07-31 11:46:40 - INFO - PersonalComponent.get_personal_by_area - 3 personal de área terapeutico encontrado
2025-07-31 11:46:40 - INFO - PersonalService.get_personal_by_area - Personal de terapeutico obtenido
2025-07-31 11:46:43 - INFO - LoginComponent.get_user_by_id - Consulta para usuario ID: 1
2025-07-31 11:46:43 - INFO - PersonalService.get_personal_by_area - Área: terapeutico
2025-07-31 11:46:43 - INFO - PersonalComponent.get_personal_by_area - 3 personal de área terapeutico encontrado
2025-07-31 11:46:43 - INFO - PersonalService.get_personal_by_area - Personal de terapeutico obtenido
2025-07-31 11:46:45 - INFO - LoginComponent.get_user_by_id - Consulta para usuario ID: 1
2025-07-31 11:46:45 - INFO - PersonalService.get_estadisticas - Iniciando
2025-07-31 11:46:46 - INFO - PersonalComponent.get_estadisticas_personal - Estadísticas obtenidas
2025-07-31 11:46:46 - INFO - PersonalService.get_estadisticas - Estadísticas obtenidas
2025-07-31 11:46:49 - INFO - LoginComponent.get_user_by_id - Consulta para usuario ID: 1
2025-07-31 11:46:49 - INFO - PersonalService.get_estadisticas - Iniciando
2025-07-31 11:46:49 - INFO - PersonalComponent.get_estadisticas_personal - Estadísticas obtenidas
2025-07-31 11:46:49 - INFO - PersonalService.get_estadisticas - Estadísticas obtenidas
2025-07-31 11:46:51 - INFO - LoginComponent.get_user_by_id - Consulta para usuario ID: 1
2025-07-31 11:46:51 - INFO - PersonalService.create_personal - Iniciando
2025-07-31 11:46:54 - INFO - LoginComponent.get_user_by_id - Consulta para usuario ID: 1
2025-07-31 11:46:54 - INFO - PersonalService.create_personal - Iniciando
2025-07-31 11:46:59 - INFO - LoginService.login - Intento de autenticacion
2025-07-31 11:47:00 - INFO - LoginComponent.get_user_for_login - Busqueda para usuario: admin
2025-07-31 11:47:00 - INFO - LoginComponent.update_last_access - Actualizado para usuario ID: 1
2025-07-31 11:47:00 - INFO - LoginService.login - Autenticacion exitosa: admin
2025-07-31 11:47:03 - INFO - LoginService.login - Intento de autenticacion
2025-07-31 11:47:03 - INFO - LoginComponent.get_user_for_login - Busqueda para usuario: admin
2025-07-31 11:47:04 - INFO - LoginComponent.update_last_access - Actualizado para usuario ID: 1
2025-07-31 11:47:04 - INFO - LoginService.login - Autenticacion exitosa: admin
2025-07-31 11:47:06 - INFO - LoginComponent.get_user_by_id - Consulta para usuario ID: 1
2025-07-31 11:47:06 - INFO - EspecialidadService.get_especialidades - Iniciando
2025-07-31 11:47:06 - INFO - EspecialidadComponent.get_all_especialidades - 55 especialidades encontradas
2025-07-31 11:47:06 - INFO - EspecialidadService.get_especialidades - Especialidades obtenidas exitosamente
2025-07-31 11:47:09 - INFO - LoginComponent.get_user_by_id - Consulta para usuario ID: 1
2025-07-31 11:47:09 - INFO - EspecialidadService.get_especialidades - Iniciando
2025-07-31 11:47:09 - INFO - EspecialidadComponent.get_all_especialidades - 55 especialidades encontradas
2025-07-31 11:47:09 - INFO - EspecialidadService.get_especialidades - Especialidades obtenidas exitosamente
2025-07-31 11:47:11 - INFO - LoginComponent.get_user_by_id - Consulta para usuario ID: 1
2025-07-31 11:47:11 - INFO - EspecialidadService.get_especialidades_by_area - Área: terapeutico
2025-07-31 11:47:11 - INFO - EspecialidadComponent.get_especialidades_by_area - 21 especialidades de área terapeutico encontradas
2025-07-31 11:47:11 - INFO - EspecialidadService.get_especialidades_by_area - Especialidades de terapeutico obtenidas
2025-07-31 11:47:14 - INFO - LoginComponent.get_user_by_id - Consulta para usuario ID: 1
2025-07-31 11:47:14 - INFO - EspecialidadService.get_especialidades_by_area - Área: terapeutico
2025-07-31 11:47:14 - INFO - EspecialidadComponent.get_especialidades_by_area - 21 especialidades de área terapeutico encontradas
2025-07-31 11:47:14 - INFO - EspecialidadService.get_especialidades_by_area - Especialidades de terapeutico obtenidas
2025-07-31 11:47:17 - INFO - LoginComponent.get_user_by_id - Consulta para usuario ID: 1
2025-07-31 11:47:17 - INFO - EspecialidadService.get_especialidades_activas - Iniciando
2025-07-31 11:47:17 - INFO - EspecialidadComponent.get_especialidades_activas - 55 especialidades activas encontradas
2025-07-31 11:47:17 - INFO - EspecialidadService.get_especialidades_activas - Especialidades activas obtenidas
2025-07-31 11:47:20 - INFO - LoginComponent.get_user_by_id - Consulta para usuario ID: 1
2025-07-31 11:47:20 - INFO - EspecialidadService.get_especialidades_activas - Iniciando
2025-07-31 11:47:20 - INFO - EspecialidadComponent.get_especialidades_activas - 55 especialidades activas encontradas
2025-07-31 11:47:20 - INFO - EspecialidadService.get_especialidades_activas - Especialidades activas obtenidas
2025-07-31 11:47:22 - INFO - LoginComponent.get_user_by_id - Consulta para usuario ID: 1
2025-07-31 11:47:22 - INFO - EspecialidadService.create_especialidad - Iniciando
2025-07-31 11:47:25 - INFO - LoginComponent.get_user_by_id - Consulta para usuario ID: 1
2025-07-31 11:47:25 - INFO - EspecialidadService.create_especialidad - Iniciando
2025-07-31 11:47:29 - INFO - LoginComponent.get_user_by_id - Consulta para usuario ID: 1
2025-07-31 11:47:29 - INFO - EspecialidadService.get_especialidades - Iniciando
2025-07-31 11:47:29 - INFO - EspecialidadComponent.get_all_especialidades - 55 especialidades encontradas
2025-07-31 11:47:29 - INFO - EspecialidadService.get_especialidades - Especialidades obtenidas exitosamente
2025-07-31 11:47:32 - INFO - LoginComponent.get_user_by_id - Consulta para usuario ID: 1
2025-07-31 11:47:32 - INFO - EspecialidadService.get_especialidades - Iniciando
2025-07-31 11:47:32 - INFO - EspecialidadComponent.get_all_especialidades - 55 especialidades encontradas
2025-07-31 11:47:32 - INFO - EspecialidadService.get_especialidades - Especialidades obtenidas exitosamente
2025-07-31 11:47:37 - INFO - LoginService.login - Intento de autenticacion
2025-07-31 11:47:37 - INFO - LoginComponent.get_user_for_login - Busqueda para usuario: admin
2025-07-31 11:47:38 - INFO - LoginComponent.update_last_access - Actualizado para usuario ID: 1
2025-07-31 11:47:38 - INFO - LoginService.login - Autenticacion exitosa: admin
2025-07-31 11:47:41 - INFO - LoginService.login - Intento de autenticacion
2025-07-31 11:47:41 - INFO - LoginComponent.get_user_for_login - Busqueda para usuario: admin
2025-07-31 11:47:41 - INFO - LoginComponent.update_last_access - Actualizado para usuario ID: 1
2025-07-31 11:47:41 - INFO - LoginService.login - Autenticacion exitosa: admin
2025-07-31 11:47:44 - INFO - LoginComponent.get_user_by_id - Consulta para usuario ID: 1
2025-07-31 11:47:44 - INFO - PersonaService.create_persona - Iniciando
2025-07-31 11:47:44 - INFO - PersonaComponent.get_persona_by_id - Persona 39 encontrada
2025-07-31 11:47:44 - INFO - PersonaComponent.create_persona - Persona creada con ID: 39
2025-07-31 11:47:44 - INFO - PersonaService.create_persona - Persona creada exitosamente
2025-07-31 11:47:47 - INFO - LoginComponent.get_user_by_id - Consulta para usuario ID: 1
2025-07-31 11:47:47 - INFO - PersonaService.create_persona - Iniciando
2025-07-31 11:47:47 - INFO - PersonaComponent.get_persona_by_id - Persona 40 encontrada
2025-07-31 11:47:47 - INFO - PersonaComponent.create_persona - Persona creada con ID: 40
2025-07-31 11:47:47 - INFO - PersonaService.create_persona - Persona creada exitosamente
2025-07-31 11:47:51 - INFO - LoginComponent.get_user_by_id - Consulta para usuario ID: 1
2025-07-31 11:47:51 - INFO - LoginService.verify_token - Token verificado correctamente
2025-07-31 11:47:54 - INFO - LoginComponent.get_user_by_id - Consulta para usuario ID: 1
2025-07-31 11:47:54 - INFO - LoginService.verify_token - Token verificado correctamente
2025-07-31 11:47:56 - INFO - LoginComponent.get_user_by_id - Consulta para usuario ID: 1
2025-07-31 11:47:56 - INFO - RolService.get_roles - Iniciando
2025-07-31 11:47:56 - INFO - RolService.get_roles - 4 roles encontrados
2025-07-31 11:47:59 - INFO - LoginComponent.get_user_by_id - Consulta para usuario ID: 1
2025-07-31 11:47:59 - INFO - RolService.get_roles - Iniciando
2025-07-31 11:47:59 - INFO - RolService.get_roles - 4 roles encontrados
2025-07-31 11:48:01 - INFO - LoginComponent.get_user_by_id - Consulta para usuario ID: 1
2025-07-31 11:48:01 - INFO - UsuarioService.create_usuario - Iniciando
2025-07-31 11:48:05 - INFO - LoginComponent.get_user_by_id - Consulta para usuario ID: 1
2025-07-31 11:48:05 - INFO - UsuarioService.create_usuario - Iniciando
2025-07-31 11:48:15 - INFO - LoginService.login - Intento de autenticacion
2025-07-31 11:48:15 - INFO - LoginComponent.get_user_for_login - Busqueda para usuario: admin
2025-07-31 11:48:16 - INFO - LoginComponent.update_last_access - Actualizado para usuario ID: 1
2025-07-31 11:48:16 - INFO - LoginService.login - Autenticacion exitosa: admin
2025-07-31 11:48:19 - INFO - LoginService.login - Intento de autenticacion
2025-07-31 11:48:19 - INFO - LoginComponent.get_user_for_login - Busqueda para usuario: admin
2025-07-31 11:48:20 - INFO - LoginComponent.update_last_access - Actualizado para usuario ID: 1
2025-07-31 11:48:20 - INFO - LoginService.login - Autenticacion exitosa: admin
2025-07-31 11:48:22 - INFO - LoginComponent.get_user_by_id - Consulta para usuario ID: 1
2025-07-31 11:48:22 - INFO - PersonaService.create_persona - Iniciando
2025-07-31 11:48:23 - INFO - PersonaComponent.get_persona_by_id - Persona 41 encontrada
2025-07-31 11:48:23 - INFO - PersonaComponent.create_persona - Persona creada con ID: 41
2025-07-31 11:48:23 - INFO - PersonaService.create_persona - Persona creada exitosamente
2025-07-31 11:48:26 - INFO - LoginComponent.get_user_by_id - Consulta para usuario ID: 1
2025-07-31 11:48:26 - INFO - PersonaService.create_persona - Iniciando
2025-07-31 11:48:26 - INFO - PersonaComponent.get_persona_by_id - Persona 42 encontrada
2025-07-31 11:48:26 - INFO - PersonaComponent.create_persona - Persona creada con ID: 42
2025-07-31 11:48:26 - INFO - PersonaService.create_persona - Persona creada exitosamente
2025-07-31 11:48:30 - INFO - LoginComponent.get_user_by_id - Consulta para usuario ID: 1
2025-07-31 11:48:33 - INFO - TutorService.get_tutores - Iniciando
2025-07-31 11:48:34 - INFO - TutorComponent.get_all_tutores - 9 tutores encontrados
2025-07-31 11:48:34 - INFO - TutorService.get_tutores - Tutores obtenidos exitosamente
2025-07-31 11:48:37 - INFO - LoginComponent.get_user_by_id - Consulta para usuario ID: 1
2025-07-31 11:48:38 - INFO - TutorService.get_tutores - Iniciando
2025-07-31 11:48:38 - INFO - TutorComponent.get_all_tutores - 9 tutores encontrados
2025-07-31 11:48:38 - INFO - TutorService.get_tutores - Tutores obtenidos exitosamente
2025-07-31 11:48:40 - INFO - LoginComponent.get_user_by_id - Consulta para usuario ID: 1
2025-07-31 11:48:40 - INFO - TutorService.get_tutores_activos - Iniciando
2025-07-31 11:48:42 - INFO - TutorComponent.get_tutores_activos - 9 tutores activos encontrados
2025-07-31 11:48:43 - INFO - TutorService.get_tutores_activos - Tutores activos obtenidos
2025-07-31 11:48:46 - INFO - LoginComponent.get_user_by_id - Consulta para usuario ID: 1
2025-07-31 11:48:46 - INFO - TutorService.get_tutores_activos - Iniciando
2025-07-31 11:48:46 - INFO - TutorComponent.get_tutores_activos - 9 tutores activos encontrados
2025-07-31 11:48:46 - INFO - TutorService.get_tutores_activos - Tutores activos obtenidos
2025-07-31 11:48:48 - INFO - LoginComponent.get_user_by_id - Consulta para usuario ID: 1
2025-07-31 11:48:48 - INFO - TutorService.create_tutor - Iniciando
2025-07-31 11:48:51 - INFO - LoginComponent.get_user_by_id - Consulta para usuario ID: 1
2025-07-31 11:48:51 - INFO - TutorService.create_tutor - Iniciando
2025-07-31 11:48:58 - INFO - LoginService.login - Intento de autenticacion
2025-07-31 11:48:58 - INFO - LoginComponent.get_user_for_login - Busqueda para usuario: admin
2025-07-31 11:48:58 - INFO - LoginComponent.update_last_access - Actualizado para usuario ID: 1
2025-07-31 11:48:58 - INFO - LoginService.login - Autenticacion exitosa: admin
2025-07-31 11:49:01 - INFO - LoginService.login - Intento de autenticacion
2025-07-31 11:49:02 - INFO - LoginComponent.get_user_for_login - Busqueda para usuario: admin
2025-07-31 11:49:02 - INFO - LoginComponent.update_last_access - Actualizado para usuario ID: 1
2025-07-31 11:49:02 - INFO - LoginService.login - Autenticacion exitosa: admin
2025-07-31 11:49:04 - INFO - LoginComponent.get_user_by_id - Consulta para usuario ID: 1
2025-07-31 11:49:04 - INFO - PersonaService.get_personas - Iniciando
2025-07-31 11:49:04 - INFO - PersonaComponent.get_all_personas - 42 personas encontradas
2025-07-31 11:49:04 - INFO - PersonaService.get_personas - Personas obtenidas exitosamente
2025-07-31 11:49:07 - INFO - LoginComponent.get_user_by_id - Consulta para usuario ID: 1
2025-07-31 11:49:07 - INFO - PersonaService.get_personas - Iniciando
2025-07-31 11:49:07 - INFO - PersonaComponent.get_all_personas - 42 personas encontradas
2025-07-31 11:49:07 - INFO - PersonaService.get_personas - Personas obtenidas exitosamente
2025-07-31 11:49:09 - INFO - LoginComponent.get_user_by_id - Consulta para usuario ID: 1
2025-07-31 11:49:09 - INFO - PersonaService.get_personas_disponibles - Iniciando
2025-07-31 11:49:10 - INFO - PersonaComponent.get_personas_disponibles_para_usuario - 34 personas disponibles
2025-07-31 11:49:10 - INFO - PersonaService.get_personas_disponibles - Personas disponibles obtenidas
2025-07-31 11:49:13 - INFO - LoginComponent.get_user_by_id - Consulta para usuario ID: 1
2025-07-31 11:49:13 - INFO - PersonaService.get_personas_disponibles - Iniciando
2025-07-31 11:49:13 - INFO - PersonaComponent.get_personas_disponibles_para_usuario - 34 personas disponibles
2025-07-31 11:49:13 - INFO - PersonaService.get_personas_disponibles - Personas disponibles obtenidas
2025-07-31 11:49:15 - INFO - LoginComponent.get_user_by_id - Consulta para usuario ID: 1
2025-07-31 11:49:15 - INFO - PersonaService.create_persona - Iniciando
2025-07-31 11:49:18 - INFO - LoginComponent.get_user_by_id - Consulta para usuario ID: 1
2025-07-31 11:49:18 - INFO - PersonaService.create_persona - Iniciando
2025-07-31 11:49:25 - INFO - LoginService.login - Intento de autenticacion
2025-07-31 11:49:25 - INFO - LoginComponent.get_user_for_login - Busqueda para usuario: admin
2025-07-31 11:49:26 - INFO - LoginComponent.update_last_access - Actualizado para usuario ID: 1
2025-07-31 11:49:26 - INFO - LoginService.login - Autenticacion exitosa: admin
2025-07-31 11:49:29 - INFO - LoginService.login - Intento de autenticacion
2025-07-31 11:49:29 - INFO - LoginComponent.get_user_for_login - Busqueda para usuario: admin
2025-07-31 11:49:29 - INFO - LoginComponent.update_last_access - Actualizado para usuario ID: 1
2025-07-31 11:49:29 - INFO - LoginService.login - Autenticacion exitosa: admin
2025-07-31 11:49:31 - INFO - LoginComponent.get_user_by_id - Consulta para usuario ID: 1
2025-07-31 11:49:31 - INFO - RolService.get_roles - Iniciando
2025-07-31 11:49:31 - INFO - RolService.get_roles - 4 roles encontrados
2025-07-31 11:49:35 - INFO - LoginComponent.get_user_by_id - Consulta para usuario ID: 1
2025-07-31 11:49:35 - INFO - RolService.get_roles - Iniciando
2025-07-31 11:49:35 - INFO - RolService.get_roles - 4 roles encontrados
2025-07-31 11:49:44 - INFO - LoginComponent.get_user_by_id - Consulta para usuario ID: 1
2025-07-31 11:49:44 - INFO - UsuarioService.get_usuarios - Iniciando
2025-07-31 11:49:44 - INFO - UsuarioComponent.get_all_usuarios - 8 usuarios encontrados
2025-07-31 11:49:44 - INFO - UsuarioService.get_usuarios - Usuarios obtenidos exitosamente
2025-07-31 11:49:47 - INFO - LoginComponent.get_user_by_id - Consulta para usuario ID: 1
2025-07-31 11:49:47 - INFO - UsuarioService.get_usuarios - Iniciando
2025-07-31 11:49:47 - INFO - UsuarioComponent.get_all_usuarios - 8 usuarios encontrados
2025-07-31 11:49:47 - INFO - UsuarioService.get_usuarios - Usuarios obtenidos exitosamente
2025-07-31 11:49:50 - INFO - LoginComponent.get_user_by_id - Consulta para usuario ID: 1
2025-07-31 11:49:50 - INFO - RolService.get_roles - Iniciando
2025-07-31 11:49:50 - INFO - RolService.get_roles - 4 roles encontrados
2025-07-31 11:49:52 - INFO - LoginComponent.get_user_by_id - Consulta para usuario ID: 1
2025-07-31 11:49:52 - INFO - RolService.get_roles - Iniciando
2025-07-31 11:49:52 - INFO - RolService.get_roles - 4 roles encontrados
2025-07-31 11:49:54 - INFO - LoginComponent.get_user_by_id - Consulta para usuario ID: 1
2025-07-31 11:49:54 - INFO - RolService.get_roles - Iniciando
2025-07-31 11:49:54 - INFO - RolService.get_roles - 4 roles encontrados
2025-07-31 11:49:56 - INFO - LoginComponent.get_user_by_id - Consulta para usuario ID: 1
2025-07-31 11:49:56 - INFO - RolService.get_roles - Iniciando
2025-07-31 11:49:56 - INFO - RolService.get_roles - 4 roles encontrados
2025-07-31 11:49:58 - INFO - LoginComponent.get_user_by_id - Consulta para usuario ID: 1
2025-07-31 11:49:58 - INFO - RolService.get_roles - Iniciando
2025-07-31 11:49:59 - INFO - RolService.get_roles - 4 roles encontrados
2025-07-31 11:50:02 - INFO - LoginComponent.get_user_by_id - Consulta para usuario ID: 1
2025-07-31 11:50:02 - INFO - RolService.get_roles - Iniciando
2025-07-31 11:50:02 - INFO - RolService.get_roles - 4 roles encontrados
2025-07-31 11:50:05 - INFO - LoginComponent.get_user_by_id - Consulta para usuario ID: 1
2025-07-31 11:50:05 - INFO - RolService.get_roles - Iniciando
2025-07-31 11:50:05 - INFO - RolService.get_roles - 4 roles encontrados
2025-07-31 11:50:07 - INFO - LoginComponent.get_user_by_id - Consulta para usuario ID: 1
2025-07-31 11:50:07 - INFO - RolService.get_roles - Iniciando
2025-07-31 11:50:07 - INFO - RolService.get_roles - 4 roles encontrados
2025-07-31 11:50:09 - INFO - LoginComponent.get_user_by_id - Consulta para usuario ID: 1
2025-07-31 11:50:09 - INFO - RolService.get_roles - Iniciando
2025-07-31 11:50:09 - INFO - RolService.get_roles - 4 roles encontrados
2025-07-31 11:50:11 - INFO - LoginComponent.get_user_by_id - Consulta para usuario ID: 1
2025-07-31 11:50:11 - INFO - RolService.get_roles - Iniciando
2025-07-31 11:50:11 - INFO - RolService.get_roles - 4 roles encontrados
2025-07-31 11:50:17 - INFO - LoginService.login - Intento de autenticacion
2025-07-31 11:50:17 - INFO - LoginComponent.get_user_for_login - Busqueda para usuario: admin
2025-07-31 11:50:18 - INFO - LoginComponent.update_last_access - Actualizado para usuario ID: 1
2025-07-31 11:50:18 - INFO - LoginService.login - Autenticacion exitosa: admin
2025-07-31 11:50:20 - INFO - LoginComponent.get_user_by_id - Consulta para usuario ID: 1
2025-07-31 11:50:20 - INFO - EspecialidadService.get_especialidades - Iniciando
2025-07-31 11:50:20 - INFO - EspecialidadComponent.get_all_especialidades - 55 especialidades encontradas
2025-07-31 11:50:20 - INFO - EspecialidadService.get_especialidades - Especialidades obtenidas exitosamente
2025-07-31 11:50:22 - INFO - LoginComponent.get_user_by_id - Consulta para usuario ID: 1
2025-07-31 11:50:22 - INFO - SesionTerapiaService.get_terapeutas_disponibles - Iniciando
2025-07-31 11:50:22 - INFO - SesionTerapiaComponent.get_terapeutas_disponibles - 6 terapeutas disponibles
2025-07-31 11:50:22 - INFO - SesionTerapiaService.get_terapeutas_disponibles - 6 terapeutas disponibles
2025-07-31 11:50:25 - INFO - LoginComponent.get_user_by_id - Consulta para usuario ID: 1
2025-07-31 11:50:25 - INFO - SesionTerapiaService.get_pacientes_disponibles - Iniciando
2025-07-31 11:50:25 - INFO - SesionTerapiaComponent.get_pacientes_disponibles - 9 pacientes disponibles
2025-07-31 11:50:25 - INFO - SesionTerapiaService.get_pacientes_disponibles - 9 pacientes disponibles
2025-07-31 11:50:27 - INFO - LoginComponent.get_user_by_id - Consulta para usuario ID: 1
2025-07-31 11:50:27 - INFO - SesionTerapiaService.get_sesiones - Iniciando
2025-07-31 11:50:27 - INFO - SesionTerapiaComponent.get_sesiones - Sesiones obtenidas exitosamente
2025-07-31 11:50:27 - INFO - SesionTerapiaComponent.get_pacientes_sesion - 1 pacientes encontrados
2025-07-31 11:50:27 - INFO - SesionTerapiaComponent.get_pacientes_sesion - 1 pacientes encontrados
2025-07-31 11:50:27 - INFO - SesionTerapiaComponent.get_pacientes_sesion - 0 pacientes encontrados
2025-07-31 11:50:27 - INFO - SesionTerapiaComponent.get_pacientes_sesion - 1 pacientes encontrados
2025-07-31 11:50:27 - INFO - SesionTerapiaComponent.get_pacientes_sesion - 1 pacientes encontrados
2025-07-31 11:50:27 - INFO - SesionTerapiaComponent.get_pacientes_sesion - 1 pacientes encontrados
2025-07-31 11:50:27 - INFO - SesionTerapiaComponent.get_pacientes_sesion - 0 pacientes encontrados
2025-07-31 11:50:28 - INFO - SesionTerapiaComponent.get_pacientes_sesion - 0 pacientes encontrados
2025-07-31 11:50:28 - INFO - SesionTerapiaComponent.get_pacientes_sesion - 0 pacientes encontrados
2025-07-31 11:50:28 - INFO - SesionTerapiaComponent.get_pacientes_sesion - 1 pacientes encontrados
2025-07-31 11:50:28 - INFO - SesionTerapiaComponent.get_pacientes_sesion - 2 pacientes encontrados
2025-07-31 11:50:28 - INFO - SesionTerapiaComponent.get_pacientes_sesion - 1 pacientes encontrados
2025-07-31 11:50:28 - INFO - SesionTerapiaComponent.get_pacientes_sesion - 2 pacientes encontrados
2025-07-31 11:50:28 - INFO - SesionTerapiaComponent.get_pacientes_sesion - 3 pacientes encontrados
2025-07-31 11:50:28 - INFO - SesionTerapiaService.get_sesiones - Sesiones obtenidas exitosamente
2025-07-31 11:50:30 - INFO - LoginComponent.get_user_by_id - Consulta para usuario ID: 1
2025-07-31 11:50:30 - INFO - SesionTerapiaService.create_sesion - Iniciando
2025-07-31 11:50:32 - INFO - SesionTerapiaComponent.create_sesion - Sesión creada con ID: 21, Código: ST-2025-015
2025-07-31 11:50:33 - INFO - Cronograma sesión 21: 10/12 generadas
2025-07-31 11:50:33 - INFO - SesionTerapiaComponent.generar_cronograma - 12 sesiones programadas para sesión 21
2025-07-31 11:50:33 - INFO - SesionTerapiaComponent.create_sesion - Cronograma generado para sesión 21
2025-07-31 11:50:34 - INFO - Cronograma sesión 21: 10/12 generadas
2025-07-31 11:50:34 - INFO - SesionTerapiaComponent.generar_cronograma - 12 sesiones programadas para sesión 21
2025-07-31 11:50:35 - INFO - SesionTerapiaComponent.add_paciente_to_sesion - Paciente 9 agregado a sesión 21
2025-07-31 11:50:35 - INFO - SesionTerapiaService.create_sesion - Sesión creada con ID: 21
2025-07-31 11:50:37 - INFO - LoginComponent.get_user_by_id - Consulta para usuario ID: 1
2025-07-31 11:50:37 - INFO - SesionTerapiaService.get_sesion - ID: 21
2025-07-31 11:50:37 - INFO - SesionTerapiaComponent.get_sesion_by_id - Sesión 21 encontrada
2025-07-31 11:50:37 - INFO - SesionTerapiaComponent.get_pacientes_sesion - 1 pacientes encontrados
2025-07-31 11:50:37 - INFO - SesionTerapiaComponent.get_cronograma_sesion - 12 sesiones programadas
2025-07-31 11:50:37 - INFO - SesionTerapiaService.get_sesion - Sesión 21 encontrada
2025-07-31 11:50:39 - INFO - LoginComponent.get_user_by_id - Consulta para usuario ID: 1
2025-07-31 11:50:39 - INFO - SesionTerapiaService.update_sesion - ID: 21
2025-07-31 11:50:40 - INFO - SesionTerapiaComponent.get_sesion_by_id - Sesión 21 encontrada
2025-07-31 11:50:40 - INFO - SesionTerapiaComponent.update_sesion - Sesión 21 actualizada
2025-07-31 11:50:40 - INFO - SesionTerapiaService.update_sesion - Cambios en cronograma detectados, actualizando...
2025-07-31 11:50:40 - INFO - SesionTerapiaComponent.actualizar_cronograma_inteligente - Sesión ID: 21
2025-07-31 11:50:40 - INFO - SesionTerapiaComponent.get_cronograma_sesion - 12 sesiones programadas
2025-07-31 11:50:40 - INFO - Eliminada sesión futura del 2025-08-01 sin asistencias
2025-07-31 11:50:41 - INFO - Eliminada sesión futura del 2025-08-04 sin asistencias
2025-07-31 11:50:41 - INFO - Eliminada sesión futura del 2025-08-06 sin asistencias
2025-07-31 11:50:41 - INFO - Eliminada sesión futura del 2025-08-08 sin asistencias
2025-07-31 11:50:41 - INFO - Eliminada sesión futura del 2025-08-11 sin asistencias
2025-07-31 11:50:41 - INFO - Eliminada sesión futura del 2025-08-13 sin asistencias
2025-07-31 11:50:41 - INFO - Eliminada sesión futura del 2025-08-15 sin asistencias
2025-07-31 11:50:41 - INFO - Eliminada sesión futura del 2025-08-18 sin asistencias
2025-07-31 11:50:42 - INFO - Eliminada sesión futura del 2025-08-20 sin asistencias
2025-07-31 11:50:42 - INFO - Eliminada sesión futura del 2025-08-22 sin asistencias
2025-07-31 11:50:42 - INFO - Eliminada sesión futura del 2025-08-25 sin asistencias
2025-07-31 11:50:42 - INFO - Eliminada sesión futura del 2025-08-27 sin asistencias
2025-07-31 11:50:43 - INFO - SesionTerapiaComponent.actualizar_cronograma_inteligente - Cronograma actualizado preservando asistencias
2025-07-31 11:50:43 - INFO - SesionTerapiaService.update_sesion - Sesión 21 actualizada
2025-07-31 11:50:45 - INFO - LoginComponent.get_user_by_id - Consulta para usuario ID: 1
2025-07-31 11:50:45 - INFO - SesionTerapiaService.get_cronograma_sesion - ID: 21
2025-07-31 11:50:45 - INFO - SesionTerapiaComponent.get_cronograma_sesion - 8 sesiones programadas
2025-07-31 11:50:45 - INFO - SesionTerapiaService.get_cronograma_sesion - Cronograma obtenido
2025-07-31 11:50:47 - INFO - LoginComponent.get_user_by_id - Consulta para usuario ID: 1
2025-07-31 11:50:47 - INFO - SesionTerapiaService.marcar_sesion_realizada - Cronograma ID: 497
2025-07-31 11:50:47 - INFO - SesionTerapiaComponent.marcar_sesion_realizada - Sesión 497 marcada como realizada
2025-07-31 11:50:47 - INFO - SesionTerapiaService.marcar_sesion_realizada - Sesión 497 marcada como realizada
2025-07-31 11:50:50 - INFO - LoginComponent.get_user_by_id - Consulta para usuario ID: 1
2025-07-31 11:50:50 - INFO - SesionTerapiaComponent.get_pacientes_sesion - 1 pacientes encontrados
2025-07-31 11:50:52 - INFO - LoginComponent.get_user_by_id - Consulta para usuario ID: 1
2025-07-31 11:50:52 - INFO - SesionTerapiaService.add_paciente_to_sesion - Sesion ID: 21
2025-07-31 11:50:54 - INFO - LoginComponent.get_user_by_id - Consulta para usuario ID: 1
2025-07-31 11:50:54 - INFO - SesionTerapiaService.get_estadisticas - Iniciando
2025-07-31 11:50:54 - INFO - SesionTerapiaComponent.get_estadisticas_sesiones - Estadísticas obtenidas
2025-07-31 11:50:54 - INFO - SesionTerapiaService.get_estadisticas - Estadísticas obtenidas
2025-07-31 11:50:56 - INFO - LoginComponent.get_user_by_id - Consulta para usuario ID: 1
2025-07-31 11:50:56 - INFO - SesionTerapiaService.get_sesiones_hoy - Iniciando
2025-07-31 11:50:56 - INFO - SesionTerapiaComponent.get_sesiones_activas_hoy - 0 sesiones hoy
2025-07-31 11:50:59 - INFO - LoginComponent.get_user_by_id - Consulta para usuario ID: 1
2025-07-31 11:50:59 - INFO - SesionTerapiaService.get_sesiones_by_terapeuta - ID: 1
2025-07-31 11:50:59 - INFO - SesionTerapiaComponent.get_sesiones_by_terapeuta - 3 sesiones encontradas
2025-07-31 11:50:59 - INFO - SesionTerapiaService.get_sesiones_by_terapeuta - Sesiones obtenidas
2025-07-31 11:51:01 - INFO - LoginComponent.get_user_by_id - Consulta para usuario ID: 1
2025-07-31 11:51:01 - INFO - SesionTerapiaService.delete_sesion - ID: 21
2025-07-31 11:51:01 - INFO - SesionTerapiaComponent.delete_sesion - Sesión 21 cancelada
2025-07-31 11:51:01 - INFO - SesionTerapiaService.delete_sesion - Sesión 21 cancelada
2025-07-31 11:51:05 - INFO - LoginService.login - Intento de autenticacion
2025-07-31 11:51:05 - INFO - LoginComponent.get_user_for_login - Busqueda para usuario: admin
2025-07-31 11:51:06 - INFO - LoginComponent.update_last_access - Actualizado para usuario ID: 1
2025-07-31 11:51:06 - INFO - LoginService.login - Autenticacion exitosa: admin
2025-07-31 11:51:08 - INFO - LoginComponent.get_user_by_id - Consulta para usuario ID: 1
2025-07-31 11:51:08 - INFO - EspecialidadService.get_especialidades_by_area - Área: pedagogico
2025-07-31 11:51:08 - INFO - EspecialidadComponent.get_especialidades_by_area - 34 especialidades de área pedagogico encontradas
2025-07-31 11:51:08 - INFO - EspecialidadService.get_especialidades_by_area - Especialidades de pedagogico obtenidas
2025-07-31 11:51:10 - INFO - LoginComponent.get_user_by_id - Consulta para usuario ID: 1
2025-07-31 11:51:10 - INFO - PersonalService.get_personal - Iniciando
2025-07-31 11:51:11 - INFO - PersonalComponent.get_all_personal - 6 miembros del personal encontrados con especialidades
2025-07-31 11:51:11 - INFO - PersonalService.get_personal - Personal obtenido exitosamente
2025-07-31 11:51:13 - INFO - LoginComponent.get_user_by_id - Consulta para usuario ID: 1
2025-07-31 11:51:13 - INFO - PacienteService.get_pacientes - Iniciando
2025-07-31 11:51:13 - INFO - PacienteComponent.get_all_pacientes - 9 pacientes encontrados
2025-07-31 11:51:13 - INFO - PacienteService.get_pacientes - Pacientes obtenidos exitosamente
2025-07-31 11:51:15 - INFO - LoginComponent.get_user_by_id - Consulta para usuario ID: 1
2025-07-31 11:51:15 - INFO - SesionPedagogicaService.get_sesiones - Iniciando
2025-07-31 11:51:15 - INFO - SesionPedagogicaComponent.get_sesiones - Sesiones obtenidas exitosamente
2025-07-31 11:51:17 - INFO - LoginComponent.get_user_by_id - Consulta para usuario ID: 1
2025-07-31 11:51:17 - INFO - SesionPedagogicaService.create_sesion - Iniciando
2025-07-31 11:51:18 - INFO - SesionPedagogicaComponent.create_sesion - Sesión 1 creada exitosamente
2025-07-31 11:51:18 - INFO - Cronograma sesión pedagógica 1: 10/36 generadas
2025-07-31 11:51:19 - INFO - Cronograma sesión pedagógica 1: 20/36 generadas
2025-07-31 11:51:19 - INFO - Cronograma sesión pedagógica 1: 30/36 generadas
2025-07-31 11:51:20 - INFO - SesionPedagogicaComponent.generar_cronograma - 36 clases programadas para sesión 1
2025-07-31 11:51:20 - INFO - SesionPedagogicaService.create_sesion - Sesión creada: 1
2025-07-31 11:51:22 - INFO - LoginComponent.get_user_by_id - Consulta para usuario ID: 1
2025-07-31 11:51:22 - INFO - SesionPedagogicaService.get_sesion - ID: 1
2025-07-31 11:51:22 - INFO - SesionPedagogicaComponent.get_sesion_by_id - Sesión 1 encontrada
2025-07-31 11:51:22 - INFO - SesionPedagogicaService.get_sesion - Sesión 1 encontrada
2025-07-31 11:51:24 - INFO - LoginComponent.get_user_by_id - Consulta para usuario ID: 1
2025-07-31 11:51:24 - INFO - SesionPedagogicaService.update_sesion - ID: 1
2025-07-31 11:51:24 - INFO - SesionPedagogicaComponent.get_sesion_by_id - Sesión 1 encontrada
2025-07-31 11:51:24 - INFO - SesionPedagogicaComponent.update_sesion - Sesión 1 actualizada
2025-07-31 11:51:24 - INFO - SesionPedagogicaService.update_sesion - Sesión 1 actualizada
2025-07-31 11:51:26 - INFO - LoginComponent.get_user_by_id - Consulta para usuario ID: 1
2025-07-31 11:51:26 - INFO - SesionPedagogicaService.get_sesiones - Iniciando
2025-07-31 11:51:26 - INFO - SesionPedagogicaComponent.get_sesiones - Sesiones obtenidas exitosamente
2025-07-31 11:51:26 - INFO - SesionPedagogicaService.get_sesiones - Sesiones obtenidas exitosamente
2025-07-31 11:51:29 - INFO - LoginComponent.get_user_by_id - Consulta para usuario ID: 1
2025-07-31 11:51:29 - INFO - SesionPedagogicaService.get_cronograma_sesion - Sesión: 1
2025-07-31 11:51:29 - INFO - SesionPedagogicaComponent.get_cronograma_sesion - Cronograma obtenido para sesión 1
2025-07-31 11:51:31 - INFO - LoginComponent.get_user_by_id - Consulta para usuario ID: 1
2025-07-31 11:51:32 - INFO - Cronograma sesión pedagógica 1: 10/36 generadas
2025-07-31 11:51:32 - INFO - Cronograma sesión pedagógica 1: 20/36 generadas
2025-07-31 11:51:33 - INFO - Cronograma sesión pedagógica 1: 30/36 generadas
2025-07-31 11:51:33 - INFO - SesionPedagogicaComponent.generar_cronograma - 36 clases programadas para sesión 1
2025-07-31 11:51:35 - INFO - LoginComponent.get_user_by_id - Consulta para usuario ID: 1
2025-07-31 11:51:35 - INFO - SesionPedagogicaService.get_cronograma_sesion - Sesión: 1
2025-07-31 11:51:35 - INFO - SesionPedagogicaComponent.get_cronograma_sesion - Cronograma obtenido para sesión 1
2025-07-31 11:51:37 - INFO - LoginComponent.get_user_by_id - Consulta para usuario ID: 1
2025-07-31 11:51:40 - INFO - LoginComponent.get_user_by_id - Consulta para usuario ID: 1
2025-07-31 11:51:40 - INFO - SesionPedagogicaService.get_estudiantes_sesion - Sesión: 1
2025-07-31 11:51:40 - INFO - SesionPedagogicaComponent.get_estudiantes_sesion - 0 estudiantes encontrados
2025-07-31 11:51:42 - INFO - LoginComponent.get_user_by_id - Consulta para usuario ID: 1
2025-07-31 11:51:42 - INFO - SesionPedagogicaService.add_estudiante_to_sesion - Sesión: 1
2025-07-31 11:51:42 - INFO - SesionPedagogicaComponent.add_estudiante_to_sesion - Estudiante agregado a sesión 1
2025-07-31 11:51:42 - INFO - SesionPedagogicaService.add_estudiante_to_sesion - Estudiante agregado: 1
2025-07-31 11:51:44 - INFO - LoginComponent.get_user_by_id - Consulta para usuario ID: 1
2025-07-31 11:51:44 - INFO - SesionPedagogicaService.get_estudiantes_sesion - Sesión: 1
2025-07-31 11:51:44 - INFO - SesionPedagogicaComponent.get_estudiantes_sesion - 0 estudiantes encontrados
2025-07-31 11:51:45 - INFO - LoginComponent.get_user_by_id - Consulta para usuario ID: 1
2025-07-31 11:51:45 - INFO - PersonaService.get_personas - Iniciando
2025-07-31 11:51:45 - INFO - LoginComponent.get_user_by_id - Consulta para usuario ID: 1
2025-07-31 11:51:45 - INFO - PersonaService.get_personas_disponibles - Iniciando
2025-07-31 11:51:45 - INFO - PersonaComponent.get_all_personas - 42 personas encontradas
2025-07-31 11:51:45 - INFO - PersonaService.get_personas - Personas obtenidas exitosamente
2025-07-31 11:51:45 - INFO - PersonaComponent.get_personas_disponibles_para_usuario - 34 personas disponibles
2025-07-31 11:51:45 - INFO - PersonaService.get_personas_disponibles - Personas disponibles obtenidas
2025-07-31 11:51:45 - INFO - LoginComponent.get_user_by_id - Consulta para usuario ID: 1
2025-07-31 11:51:45 - INFO - PersonaService.get_personas - Iniciando
2025-07-31 11:51:45 - INFO - PersonaComponent.get_all_personas - 42 personas encontradas
2025-07-31 11:51:45 - INFO - PersonaService.get_personas - Personas obtenidas exitosamente
2025-07-31 11:51:45 - INFO - LoginComponent.get_user_by_id - Consulta para usuario ID: 1
2025-07-31 11:51:45 - INFO - PersonaService.get_personas_disponibles - Iniciando
2025-07-31 11:51:45 - INFO - PersonaComponent.get_personas_disponibles_para_usuario - 34 personas disponibles
2025-07-31 11:51:45 - INFO - PersonaService.get_personas_disponibles - Personas disponibles obtenidas
2025-07-31 11:51:46 - INFO - LoginComponent.get_user_by_id - Consulta para usuario ID: 1
2025-07-31 11:51:46 - INFO - SesionPedagogicaService.get_estadisticas - Iniciando
2025-07-31 11:51:46 - INFO - SesionPedagogicaComponent.get_estadisticas_sesiones - Estadísticas obtenidas
2025-07-31 11:51:46 - INFO - SesionPedagogicaService.get_estadisticas - Estadísticas obtenidas
2025-07-31 11:51:49 - INFO - LoginComponent.get_user_by_id - Consulta para usuario ID: 1
2025-07-31 11:51:51 - INFO - LoginComponent.get_user_by_id - Consulta para usuario ID: 1
2025-07-31 11:51:51 - INFO - SesionPedagogicaComponent.get_sesiones_by_pedagogo - 1 sesiones encontradas para pedagogo 1
2025-07-31 11:51:53 - INFO - LoginComponent.get_user_by_id - Consulta para usuario ID: 1
2025-07-31 11:51:53 - INFO - SesionPedagogicaService.delete_sesion - ID: 1
2025-07-31 11:51:53 - INFO - SesionPedagogicaComponent.get_sesion_by_id - Sesión 1 encontrada
2025-07-31 11:51:53 - INFO - SesionPedagogicaComponent.delete_sesion - Sesión 1 cancelada
2025-07-31 11:51:53 - INFO - SesionPedagogicaService.delete_sesion - Sesión 1 cancelada
2025-07-31 11:54:08 - INFO - app - Iniciando Sistema Tía Glenda Backend
2025-07-31 11:54:26 - INFO - app - Iniciando Sistema Tía Glenda Backend
2025-07-31 11:55:17 - INFO - LoginComponent.get_user_by_id - Consulta para usuario ID: 1
2025-07-31 11:55:17 - INFO - PersonaService.get_personas - Iniciando
2025-07-31 11:55:17 - INFO - LoginComponent.get_user_by_id - Consulta para usuario ID: 1
2025-07-31 11:55:17 - INFO - PersonaService.get_personas_disponibles - Iniciando
2025-07-31 11:55:17 - INFO - PersonaComponent.get_all_personas - 42 personas encontradas
2025-07-31 11:55:17 - INFO - PersonaService.get_personas - Personas obtenidas exitosamente
2025-07-31 11:55:17 - INFO - PersonaComponent.get_personas_disponibles_para_usuario - 34 personas disponibles
2025-07-31 11:55:17 - INFO - PersonaService.get_personas_disponibles - Personas disponibles obtenidas
2025-07-31 11:55:17 - INFO - LoginComponent.get_user_by_id - Consulta para usuario ID: 1
2025-07-31 11:55:17 - INFO - PersonaService.get_personas - Iniciando
2025-07-31 11:55:17 - INFO - PersonaComponent.get_all_personas - 42 personas encontradas
2025-07-31 11:55:17 - INFO - PersonaService.get_personas - Personas obtenidas exitosamente
2025-07-31 11:55:17 - INFO - LoginComponent.get_user_by_id - Consulta para usuario ID: 1
2025-07-31 11:55:17 - INFO - PersonaService.get_personas_disponibles - Iniciando
2025-07-31 11:55:17 - INFO - PersonaComponent.get_personas_disponibles_para_usuario - 34 personas disponibles
2025-07-31 11:55:17 - INFO - PersonaService.get_personas_disponibles - Personas disponibles obtenidas
2025-07-31 11:55:20 - INFO - app - Iniciando Sistema Tía Glenda Backend
2025-07-31 11:55:32 - INFO - app - Iniciando Sistema Tía Glenda Backend
2025-07-31 11:55:53 - INFO - app - Iniciando Sistema Tía Glenda Backend
2025-07-31 11:55:58 - INFO - app - Iniciando Sistema Tía Glenda Backend
2025-07-31 11:56:03 - INFO - app - Iniciando Sistema Tía Glenda Backend
2025-07-31 11:56:08 - INFO - app - Iniciando Sistema Tía Glenda Backend
2025-07-31 11:56:17 - INFO - LoginService.login - Intento de autenticacion
2025-07-31 11:56:17 - INFO - LoginComponent.get_user_for_login - Busqueda para usuario: admin
2025-07-31 11:56:17 - INFO - LoginComponent.update_last_access - Actualizado para usuario ID: 1
2025-07-31 11:56:17 - INFO - LoginService.login - Autenticacion exitosa: admin
2025-07-31 11:56:19 - INFO - LoginService.login - Intento de autenticacion
2025-07-31 11:56:19 - INFO - LoginComponent.get_user_for_login - Busqueda para usuario: usuario_inexistente
2025-07-31 11:56:19 - INFO - LoginService.login - Usuario no encontrado: usuario_inexistente
2025-07-31 11:56:21 - INFO - LoginService.login - Intento de autenticacion
2025-07-31 11:56:21 - INFO - LoginComponent.get_user_for_login - Busqueda para usuario: admin
2025-07-31 11:56:22 - INFO - LoginService.login - Contrasena incorrecta para: admin
2025-07-31 11:56:24 - INFO - LoginService.login - Intento de autenticacion
2025-07-31 11:56:26 - INFO - LoginService.login - Intento de autenticacion
2025-07-31 11:56:28 - INFO - LoginService.login - Intento de autenticacion
2025-07-31 11:56:30 - INFO - LoginService.login - Intento de autenticacion
2025-07-31 11:56:32 - INFO - LoginService.login - Intento de autenticacion
2025-07-31 11:56:34 - INFO - LoginService.login - Intento de autenticacion
2025-07-31 11:56:36 - INFO - LoginComponent.get_user_by_id - Consulta para usuario ID: 1
2025-07-31 11:56:36 - INFO - LoginService.verify_token - Token verificado correctamente
2025-07-31 11:56:45 - INFO - LoginComponent.get_user_by_id - Consulta para usuario ID: 1
2025-07-31 11:56:45 - INFO - Información solicitada para usuario: admin
2025-07-31 11:56:47 - INFO - LoginComponent.get_user_by_id - Consulta para usuario ID: 1
2025-07-31 11:56:47 - INFO - Logout solicitado
2025-07-31 11:56:49 - INFO - LoginService.login - Intento de autenticacion
2025-07-31 11:56:49 - INFO - LoginComponent.get_user_for_login - Busqueda para usuario: admin
2025-07-31 11:56:49 - INFO - LoginComponent.update_last_access - Actualizado para usuario ID: 1
2025-07-31 11:56:49 - INFO - LoginService.login - Autenticacion exitosa: admin
2025-07-31 11:56:51 - INFO - LoginComponent.get_user_by_id - Consulta para usuario ID: 1
2025-07-31 11:56:51 - INFO - LoginService.verify_token - Token verificado correctamente
2025-07-31 11:56:54 - INFO - LoginComponent.get_user_by_id - Consulta para usuario ID: 1
2025-07-31 11:56:54 - INFO - Información solicitada para usuario: admin
2025-07-31 11:56:56 - INFO - LoginComponent.get_user_by_id - Consulta para usuario ID: 1
2025-07-31 11:56:56 - INFO - RolService.get_roles - Iniciando
2025-07-31 11:56:56 - INFO - RolService.get_roles - 4 roles encontrados
2025-07-31 11:56:58 - INFO - LoginComponent.get_user_by_id - Consulta para usuario ID: 1
2025-07-31 11:56:58 - INFO - Logout solicitado
2025-07-31 11:57:00 - INFO - LoginService.login - Intento de autenticacion
2025-07-31 11:57:00 - INFO - LoginComponent.get_user_for_login - Busqueda para usuario: usuario_inexistente
2025-07-31 11:57:00 - INFO - LoginService.login - Usuario no encontrado: usuario_inexistente
2025-07-31 11:57:02 - INFO - LoginService.login - Intento de autenticacion
2025-07-31 11:57:02 - INFO - LoginService.login - Intento de autenticacion
2025-07-31 11:57:02 - INFO - LoginService.login - Intento de autenticacion
2025-07-31 11:57:02 - INFO - LoginService.login - Intento de autenticacion
2025-07-31 11:57:02 - INFO - LoginService.login - Intento de autenticacion
2025-07-31 11:57:02 - INFO - LoginComponent.get_user_for_login - Busqueda para usuario: admin
2025-07-31 11:57:02 - INFO - LoginComponent.get_user_for_login - Busqueda para usuario: admin
2025-07-31 11:57:02 - INFO - LoginComponent.get_user_for_login - Busqueda para usuario: admin
2025-07-31 11:57:02 - INFO - LoginComponent.get_user_for_login - Busqueda para usuario: admin
2025-07-31 11:57:02 - INFO - LoginComponent.get_user_for_login - Busqueda para usuario: admin
2025-07-31 11:57:03 - INFO - LoginComponent.update_last_access - Actualizado para usuario ID: 1
2025-07-31 11:57:03 - INFO - LoginService.login - Autenticacion exitosa: admin
2025-07-31 11:57:03 - INFO - LoginComponent.update_last_access - Actualizado para usuario ID: 1
2025-07-31 11:57:03 - INFO - LoginService.login - Autenticacion exitosa: admin
2025-07-31 11:57:03 - INFO - LoginComponent.update_last_access - Actualizado para usuario ID: 1
2025-07-31 11:57:03 - INFO - LoginService.login - Autenticacion exitosa: admin
2025-07-31 11:57:03 - INFO - LoginComponent.update_last_access - Actualizado para usuario ID: 1
2025-07-31 11:57:03 - INFO - LoginService.login - Autenticacion exitosa: admin
2025-07-31 11:57:03 - INFO - LoginComponent.update_last_access - Actualizado para usuario ID: 1
2025-07-31 11:57:03 - INFO - LoginService.login - Autenticacion exitosa: admin
2025-07-31 11:57:13 - INFO - LoginService.login - Intento de autenticacion
2025-07-31 11:57:13 - INFO - LoginComponent.get_user_for_login - Busqueda para usuario: admin
2025-07-31 11:57:14 - INFO - LoginComponent.update_last_access - Actualizado para usuario ID: 1
2025-07-31 11:57:14 - INFO - LoginService.login - Autenticacion exitosa: admin
2025-07-31 11:57:16 - INFO - LoginComponent.get_user_by_id - Consulta para usuario ID: 1
2025-07-31 11:57:16 - INFO - PersonaService.create_persona - Iniciando
2025-07-31 11:57:16 - INFO - PersonaComponent.get_persona_by_id - Persona 43 encontrada
2025-07-31 11:57:16 - INFO - PersonaComponent.create_persona - Persona creada con ID: 43
2025-07-31 11:57:16 - INFO - PersonaService.create_persona - Persona creada exitosamente
2025-07-31 11:57:18 - INFO - LoginComponent.get_user_by_id - Consulta para usuario ID: 1
2025-07-31 11:57:18 - INFO - TutorService.create_tutor - Iniciando
2025-07-31 11:57:18 - INFO - TutorComponent.get_tutor_by_id - Tutor 10 encontrado
2025-07-31 11:57:18 - INFO - TutorComponent.create_tutor - Tutor creado con ID: 10
2025-07-31 11:57:18 - INFO - TutorService.create_tutor - Tutor creado exitosamente
2025-07-31 11:57:20 - INFO - LoginComponent.get_user_by_id - Consulta para usuario ID: 1
2025-07-31 11:57:20 - INFO - PersonaService.create_persona - Iniciando
2025-07-31 11:57:21 - INFO - PersonaComponent.get_persona_by_id - Persona 44 encontrada
2025-07-31 11:57:21 - INFO - PersonaComponent.create_persona - Persona creada con ID: 44
2025-07-31 11:57:21 - INFO - PersonaService.create_persona - Persona creada exitosamente
2025-07-31 11:57:23 - INFO - LoginComponent.get_user_by_id - Consulta para usuario ID: 1
2025-07-31 11:57:23 - INFO - PacienteService.get_pacientes - Iniciando
2025-07-31 11:57:23 - INFO - PacienteComponent.get_all_pacientes - 9 pacientes encontrados
2025-07-31 11:57:23 - INFO - PacienteService.get_pacientes - Pacientes obtenidos exitosamente
2025-07-31 11:57:25 - INFO - LoginComponent.get_user_by_id - Consulta para usuario ID: 1
2025-07-31 11:57:25 - INFO - PacienteService.create_paciente - Iniciando
2025-07-31 11:57:25 - INFO - PacienteComponent.get_paciente_by_id - Paciente 10 encontrado
2025-07-31 11:57:25 - INFO - PacienteComponent.create_paciente - Paciente creado con ID: 10
2025-07-31 11:57:25 - INFO - PacienteService.create_paciente - Paciente creado exitosamente
2025-07-31 11:57:27 - INFO - LoginComponent.get_user_by_id - Consulta para usuario ID: 1
2025-07-31 11:57:27 - INFO - PacienteService.get_paciente_by_id - ID: 10
2025-07-31 11:57:28 - INFO - PacienteComponent.get_paciente_by_id - Paciente 10 encontrado
2025-07-31 11:57:28 - INFO - PacienteService.get_paciente_by_id - Paciente 10 encontrado
2025-07-31 11:57:30 - INFO - LoginComponent.get_user_by_id - Consulta para usuario ID: 1
2025-07-31 11:57:30 - INFO - PacienteService.update_paciente - ID: 10
2025-07-31 11:57:30 - INFO - PacienteComponent.get_paciente_by_id - Paciente 10 encontrado
2025-07-31 11:57:30 - INFO - PacienteComponent.update_paciente - Paciente 10 actualizado
2025-07-31 11:57:30 - INFO - PacienteService.update_paciente - Paciente 10 actualizado
2025-07-31 11:57:32 - INFO - LoginComponent.get_user_by_id - Consulta para usuario ID: 1
2025-07-31 11:57:32 - INFO - PacienteService.change_estado_paciente - ID: 10
2025-07-31 11:57:32 - INFO - PacienteComponent.change_estado_paciente - Paciente 10 cambió a estado inactivo
2025-07-31 11:57:32 - INFO - PacienteService.change_estado_paciente - Estado del paciente 10 cambiado
2025-07-31 11:57:34 - INFO - LoginComponent.get_user_by_id - Consulta para usuario ID: 1
2025-07-31 11:57:34 - INFO - PacienteService.change_estado_paciente - ID: 10
2025-07-31 11:57:34 - INFO - PacienteComponent.change_estado_paciente - Paciente 10 cambió a estado activo
2025-07-31 11:57:34 - INFO - PacienteService.change_estado_paciente - Estado del paciente 10 cambiado
2025-07-31 11:57:37 - INFO - LoginComponent.get_user_by_id - Consulta para usuario ID: 1
2025-07-31 11:57:37 - INFO - PacienteService.change_estado_paciente - ID: 10
2025-07-31 11:57:37 - INFO - PacienteComponent.change_estado_paciente - Paciente 10 cambió a estado alta
2025-07-31 11:57:37 - INFO - PacienteService.change_estado_paciente - Estado del paciente 10 cambiado
2025-07-31 11:57:39 - INFO - LoginComponent.get_user_by_id - Consulta para usuario ID: 1
2025-07-31 11:57:39 - INFO - PacienteService.get_pacientes_by_tutor - Tutor ID: 10
2025-07-31 11:57:39 - INFO - PacienteComponent.get_pacientes_by_tutor - 1 pacientes del tutor 10 encontrados
2025-07-31 11:57:39 - INFO - PacienteService.get_pacientes_by_tutor - Pacientes del tutor 10 obtenidos
2025-07-31 11:57:41 - INFO - LoginComponent.get_user_by_id - Consulta para usuario ID: 1
2025-07-31 11:57:41 - INFO - PacienteService.get_estadisticas - Iniciando
2025-07-31 11:57:41 - INFO - PacienteComponent.get_estadisticas_pacientes - Estadísticas obtenidas
2025-07-31 11:57:41 - INFO - PacienteService.get_estadisticas - Estadísticas obtenidas
2025-07-31 11:57:43 - INFO - LoginComponent.get_user_by_id - Consulta para usuario ID: 1
2025-07-31 11:57:43 - INFO - PacienteService.get_personas_disponibles - Iniciando
2025-07-31 11:57:43 - INFO - PacienteComponent.get_personas_disponibles_para_paciente - 34 personas disponibles
2025-07-31 11:57:43 - INFO - PacienteService.get_personas_disponibles - Personas disponibles obtenidas
2025-07-31 11:57:46 - INFO - LoginComponent.get_user_by_id - Consulta para usuario ID: 1
2025-07-31 11:57:46 - INFO - PacienteService.create_paciente - Iniciando
2025-07-31 11:57:48 - INFO - LoginComponent.get_user_by_id - Consulta para usuario ID: 1
2025-07-31 11:57:48 - INFO - PacienteService.create_paciente - Iniciando
2025-07-31 11:57:50 - INFO - LoginComponent.get_user_by_id - Consulta para usuario ID: 1
2025-07-31 11:57:50 - INFO - PacienteService.create_paciente - Iniciando
2025-07-31 11:57:52 - INFO - LoginComponent.get_user_by_id - Consulta para usuario ID: 1
2025-07-31 11:57:52 - INFO - PacienteService.create_paciente - Iniciando
2025-07-31 11:57:54 - INFO - LoginComponent.get_user_by_id - Consulta para usuario ID: 1
2025-07-31 11:57:54 - INFO - PacienteService.change_estado_paciente - ID: 1
2025-07-31 11:57:59 - INFO - LoginService.login - Intento de autenticacion
2025-07-31 11:57:59 - INFO - LoginComponent.get_user_for_login - Busqueda para usuario: admin
2025-07-31 11:58:00 - INFO - LoginComponent.update_last_access - Actualizado para usuario ID: 1
2025-07-31 11:58:00 - INFO - LoginService.login - Autenticacion exitosa: admin
2025-07-31 11:58:02 - INFO - LoginComponent.get_user_by_id - Consulta para usuario ID: 1
2025-07-31 11:58:02 - INFO - RolService.get_roles - Iniciando
2025-07-31 11:58:02 - INFO - RolService.get_roles - 4 roles encontrados
2025-07-31 11:58:08 - INFO - LoginComponent.get_user_by_id - Consulta para usuario ID: 1
2025-07-31 11:58:09 - INFO - UsuarioService.get_usuarios - Iniciando
2025-07-31 11:58:09 - INFO - UsuarioComponent.get_all_usuarios - 8 usuarios encontrados
2025-07-31 11:58:09 - INFO - UsuarioService.get_usuarios - Usuarios obtenidos exitosamente
2025-07-31 11:58:11 - INFO - LoginComponent.get_user_by_id - Consulta para usuario ID: 1
2025-07-31 11:58:11 - INFO - RolService.get_roles - Iniciando
2025-07-31 11:58:11 - INFO - RolService.get_roles - 4 roles encontrados
2025-07-31 11:58:13 - INFO - LoginComponent.get_user_by_id - Consulta para usuario ID: 1
2025-07-31 11:58:13 - INFO - RolService.get_roles - Iniciando
2025-07-31 11:58:13 - INFO - RolService.get_roles - 4 roles encontrados
2025-07-31 11:58:15 - INFO - LoginComponent.get_user_by_id - Consulta para usuario ID: 1
2025-07-31 11:58:15 - INFO - RolService.get_roles - Iniciando
2025-07-31 11:58:15 - INFO - RolService.get_roles - 4 roles encontrados
2025-07-31 11:58:17 - INFO - LoginComponent.get_user_by_id - Consulta para usuario ID: 1
2025-07-31 11:58:17 - INFO - RolService.get_roles - Iniciando
2025-07-31 11:58:17 - INFO - RolService.get_roles - 4 roles encontrados
2025-07-31 11:58:19 - INFO - LoginComponent.get_user_by_id - Consulta para usuario ID: 1
2025-07-31 11:58:19 - INFO - RolService.get_roles - Iniciando
2025-07-31 11:58:19 - INFO - RolService.get_roles - 4 roles encontrados
2025-07-31 11:58:33 - INFO - LoginService.login - Intento de autenticacion
2025-07-31 11:58:33 - INFO - LoginComponent.get_user_for_login - Busqueda para usuario: admin
2025-07-31 11:58:33 - INFO - LoginComponent.update_last_access - Actualizado para usuario ID: 1
2025-07-31 11:58:33 - INFO - LoginService.login - Autenticacion exitosa: admin
2025-07-31 11:58:36 - INFO - LoginComponent.get_user_by_id - Consulta para usuario ID: 1
2025-07-31 11:58:36 - INFO - PersonaService.create_persona - Iniciando
2025-07-31 11:58:36 - INFO - PersonaComponent.get_persona_by_id - Persona 45 encontrada
2025-07-31 11:58:36 - INFO - PersonaComponent.create_persona - Persona creada con ID: 45
2025-07-31 11:58:36 - INFO - PersonaService.create_persona - Persona creada exitosamente
2025-07-31 11:58:38 - INFO - LoginComponent.get_user_by_id - Consulta para usuario ID: 1
2025-07-31 11:58:38 - INFO - EspecialidadService.get_especialidades_activas - Iniciando
2025-07-31 11:58:38 - INFO - EspecialidadComponent.get_especialidades_activas - 55 especialidades activas encontradas
2025-07-31 11:58:38 - INFO - EspecialidadService.get_especialidades_activas - Especialidades activas obtenidas
2025-07-31 11:58:40 - INFO - LoginComponent.get_user_by_id - Consulta para usuario ID: 1
2025-07-31 11:58:40 - INFO - PersonalService.get_personal - Iniciando
2025-07-31 11:58:40 - INFO - PersonalComponent.get_all_personal - 6 miembros del personal encontrados con especialidades
2025-07-31 11:58:40 - INFO - PersonalService.get_personal - Personal obtenido exitosamente
2025-07-31 11:58:43 - INFO - LoginComponent.get_user_by_id - Consulta para usuario ID: 1
2025-07-31 11:58:43 - INFO - PersonalService.create_personal - Iniciando
2025-07-31 11:58:43 - INFO - PersonalComponent.get_personal_by_id - Personal 7 encontrado
2025-07-31 11:58:43 - INFO - PersonalComponent.create_personal - Personal creado con ID: 7
2025-07-31 11:58:43 - INFO - PersonalService.create_personal - Personal creado exitosamente
2025-07-31 11:58:45 - INFO - LoginComponent.get_user_by_id - Consulta para usuario ID: 1
2025-07-31 11:58:45 - INFO - PersonalService.get_personal_by_id - ID: 7
2025-07-31 11:58:45 - INFO - PersonalComponent.get_personal_by_id - Personal 7 encontrado
2025-07-31 11:58:45 - INFO - PersonalService.get_personal_by_id - Personal 7 encontrado
2025-07-31 11:58:47 - INFO - LoginComponent.get_user_by_id - Consulta para usuario ID: 1
2025-07-31 11:58:47 - INFO - PersonalService.update_personal - ID: 7
2025-07-31 11:58:47 - INFO - PersonalComponent.get_personal_by_id - Personal 7 encontrado
2025-07-31 11:58:47 - INFO - PersonalComponent.update_personal - Personal 7 actualizado
2025-07-31 11:58:47 - INFO - PersonalService.update_personal - Personal 7 actualizado
2025-07-31 11:58:49 - INFO - LoginComponent.get_user_by_id - Consulta para usuario ID: 1
2025-07-31 11:58:49 - INFO - PersonalService.get_personal_especialidades - Personal ID: 7
2025-07-31 11:58:50 - INFO - PersonalComponent.get_personal_by_id - Personal 7 encontrado
2025-07-31 11:58:50 - INFO - PersonalService.get_personal_especialidades - 0 especialidades encontradas
2025-07-31 11:58:52 - INFO - LoginComponent.get_user_by_id - Consulta para usuario ID: 1
2025-07-31 11:58:52 - INFO - PersonalService.assign_especialidad - Personal ID: 7
2025-07-31 11:58:52 - INFO - PersonalComponent.assign_especialidad - Especialidad 36 asignada a personal 7
2025-07-31 11:58:52 - INFO - PersonalService.assign_especialidad - Especialidad 36 asignada a personal 7
2025-07-31 11:58:54 - INFO - LoginComponent.get_user_by_id - Consulta para usuario ID: 1
2025-07-31 11:58:54 - INFO - PersonalService.get_personal_especialidades - Personal ID: 7
2025-07-31 11:58:54 - INFO - PersonalComponent.get_personal_by_id - Personal 7 encontrado
2025-07-31 11:58:54 - INFO - PersonalService.get_personal_especialidades - 1 especialidades encontradas
2025-07-31 11:58:56 - INFO - LoginComponent.get_user_by_id - Consulta para usuario ID: 1
2025-07-31 11:58:56 - INFO - PersonalService.assign_especialidad - Personal ID: 7
2025-07-31 11:58:59 - INFO - LoginComponent.get_user_by_id - Consulta para usuario ID: 1
2025-07-31 11:58:59 - INFO - PersonalService.remove_especialidad - Personal ID: 7, Especialidad ID: 36
2025-07-31 11:58:59 - INFO - PersonalComponent.remove_especialidad - Especialidad 36 removida del personal 7
2025-07-31 11:58:59 - INFO - PersonalService.remove_especialidad - Especialidad 36 removida del personal 7
2025-07-31 11:59:01 - INFO - LoginComponent.get_user_by_id - Consulta para usuario ID: 1
2025-07-31 11:59:01 - INFO - PersonalService.get_personal_by_area - Área: terapeutico
2025-07-31 11:59:01 - INFO - PersonalComponent.get_personal_by_area - 3 personal de área terapeutico encontrado
2025-07-31 11:59:01 - INFO - PersonalService.get_personal_by_area - Personal de terapeutico obtenido
2025-07-31 11:59:03 - INFO - LoginComponent.get_user_by_id - Consulta para usuario ID: 1
2025-07-31 11:59:03 - INFO - PersonalService.get_personal_by_area - Área: pedagogico
2025-07-31 11:59:03 - INFO - PersonalComponent.get_personal_by_area - 3 personal de área pedagogico encontrado
2025-07-31 11:59:03 - INFO - PersonalService.get_personal_by_area - Personal de pedagogico obtenido
2025-07-31 11:59:05 - INFO - LoginComponent.get_user_by_id - Consulta para usuario ID: 1
2025-07-31 11:59:05 - INFO - PersonalService.get_estadisticas - Iniciando
2025-07-31 11:59:05 - INFO - PersonalComponent.get_estadisticas_personal - Estadísticas obtenidas
2025-07-31 11:59:05 - INFO - PersonalService.get_estadisticas - Estadísticas obtenidas
2025-07-31 11:59:08 - INFO - LoginComponent.get_user_by_id - Consulta para usuario ID: 1
2025-07-31 11:59:08 - INFO - PersonalService.create_personal - Iniciando
2025-07-31 11:59:10 - INFO - LoginComponent.get_user_by_id - Consulta para usuario ID: 1
2025-07-31 11:59:10 - INFO - PersonalService.create_personal - Iniciando
2025-07-31 11:59:12 - INFO - LoginComponent.get_user_by_id - Consulta para usuario ID: 1
2025-07-31 11:59:12 - INFO - PersonalService.create_personal - Iniciando
2025-07-31 11:59:12 - INFO - PersonalComponent.get_personal_by_id - Personal 8 encontrado
2025-07-31 11:59:12 - INFO - PersonalComponent.create_personal - Personal creado con ID: 8
2025-07-31 11:59:12 - INFO - PersonalService.create_personal - Personal creado exitosamente
2025-07-31 11:59:15 - INFO - LoginComponent.get_user_by_id - Consulta para usuario ID: 1
2025-07-31 11:59:15 - INFO - PersonalService.create_personal - Iniciando
2025-07-31 11:59:17 - INFO - LoginComponent.get_user_by_id - Consulta para usuario ID: 1
2025-07-31 11:59:17 - INFO - PersonalService.create_personal - Iniciando
2025-07-31 11:59:19 - INFO - LoginComponent.get_user_by_id - Consulta para usuario ID: 1
2025-07-31 11:59:19 - INFO - PersonalService.create_personal - Iniciando
2025-07-31 11:59:21 - INFO - LoginComponent.get_user_by_id - Consulta para usuario ID: 1
2025-07-31 11:59:21 - INFO - PersonaService.get_personas_disponibles - Iniciando
2025-07-31 11:59:21 - INFO - LoginComponent.get_user_by_id - Consulta para usuario ID: 1
2025-07-31 11:59:21 - INFO - RolService.get_roles - Iniciando
2025-07-31 11:59:21 - INFO - LoginComponent.get_user_by_id - Consulta para usuario ID: 1
2025-07-31 11:59:21 - INFO - UsuarioService.get_usuarios - Iniciando
2025-07-31 11:59:21 - INFO - RolService.get_roles - 4 roles encontrados
2025-07-31 11:59:21 - INFO - UsuarioComponent.get_all_usuarios - 8 usuarios encontrados
2025-07-31 11:59:21 - INFO - UsuarioService.get_usuarios - Usuarios obtenidos exitosamente
2025-07-31 11:59:21 - INFO - PersonaComponent.get_personas_disponibles_para_usuario - 37 personas disponibles
2025-07-31 11:59:21 - INFO - PersonaService.get_personas_disponibles - Personas disponibles obtenidas
2025-07-31 11:59:21 - INFO - LoginComponent.get_user_by_id - Consulta para usuario ID: 1
2025-07-31 11:59:21 - INFO - RolService.get_roles - Iniciando
2025-07-31 11:59:21 - INFO - LoginComponent.get_user_by_id - Consulta para usuario ID: 1
2025-07-31 11:59:21 - INFO - UsuarioService.get_usuarios - Iniciando
2025-07-31 11:59:21 - INFO - RolService.get_roles - 4 roles encontrados
2025-07-31 11:59:21 - INFO - UsuarioComponent.get_all_usuarios - 8 usuarios encontrados
2025-07-31 11:59:21 - INFO - UsuarioService.get_usuarios - Usuarios obtenidos exitosamente
2025-07-31 11:59:21 - INFO - LoginComponent.get_user_by_id - Consulta para usuario ID: 1
2025-07-31 11:59:21 - INFO - PersonaService.get_personas_disponibles - Iniciando
2025-07-31 11:59:22 - INFO - PersonaComponent.get_personas_disponibles_para_usuario - 37 personas disponibles
2025-07-31 11:59:22 - INFO - PersonaService.get_personas_disponibles - Personas disponibles obtenidas
2025-07-31 11:59:22 - INFO - LoginComponent.get_user_by_id - Consulta para usuario ID: 1
2025-07-31 11:59:22 - INFO - PersonalService.create_personal - Iniciando
2025-07-31 11:59:24 - INFO - LoginComponent.get_user_by_id - Consulta para usuario ID: 1
2025-07-31 11:59:24 - INFO - PersonalService.create_personal - Iniciando
2025-07-31 11:59:24 - INFO - LoginComponent.get_user_by_id - Consulta para usuario ID: 1
2025-07-31 11:59:24 - INFO - PersonaService.get_personas_disponibles - Iniciando
2025-07-31 11:59:24 - INFO - PersonaComponent.get_personas_disponibles_para_usuario - 37 personas disponibles
2025-07-31 11:59:24 - INFO - PersonaService.get_personas_disponibles - Personas disponibles obtenidas
2025-07-31 11:59:24 - INFO - LoginComponent.get_user_by_id - Consulta para usuario ID: 1
2025-07-31 11:59:24 - INFO - PersonaService.get_personas_disponibles - Iniciando
2025-07-31 11:59:24 - INFO - PersonaComponent.get_personas_disponibles_para_usuario - 37 personas disponibles
2025-07-31 11:59:24 - INFO - PersonaService.get_personas_disponibles - Personas disponibles obtenidas
2025-07-31 11:59:24 - INFO - LoginComponent.get_user_by_id - Consulta para usuario ID: 1
2025-07-31 11:59:24 - INFO - PersonaService.get_personas - Iniciando
2025-07-31 11:59:24 - INFO - PersonaComponent.get_all_personas - 45 personas encontradas
2025-07-31 11:59:24 - INFO - PersonaService.get_personas - Personas obtenidas exitosamente
2025-07-31 11:59:24 - INFO - LoginComponent.get_user_by_id - Consulta para usuario ID: 1
2025-07-31 11:59:24 - INFO - PersonaService.get_personas - Iniciando
2025-07-31 11:59:24 - INFO - PersonaComponent.get_all_personas - 45 personas encontradas
2025-07-31 11:59:24 - INFO - PersonaService.get_personas - Personas obtenidas exitosamente
2025-07-31 11:59:26 - INFO - LoginComponent.get_user_by_id - Consulta para usuario ID: 1
2025-07-31 11:59:26 - INFO - PersonalService.create_personal - Iniciando
2025-07-31 11:59:27 - INFO - LoginComponent.get_user_by_id - Consulta para usuario ID: 1
2025-07-31 11:59:27 - INFO - PersonaService.get_personas_disponibles - Iniciando
2025-07-31 11:59:27 - INFO - LoginComponent.get_user_by_id - Consulta para usuario ID: 1
2025-07-31 11:59:27 - INFO - EspecialidadService.get_especialidades - Iniciando
2025-07-31 11:59:27 - INFO - LoginComponent.get_user_by_id - Consulta para usuario ID: 1
2025-07-31 11:59:27 - INFO - PersonalService.get_personal - Iniciando
2025-07-31 11:59:27 - INFO - PersonaComponent.get_personas_disponibles_para_usuario - 37 personas disponibles
2025-07-31 11:59:27 - INFO - EspecialidadComponent.get_all_especialidades - 55 especialidades encontradas
2025-07-31 11:59:27 - INFO - PersonaService.get_personas_disponibles - Personas disponibles obtenidas
2025-07-31 11:59:27 - INFO - EspecialidadService.get_especialidades - Especialidades obtenidas exitosamente
2025-07-31 11:59:27 - INFO - PersonalComponent.get_all_personal - 8 miembros del personal encontrados con especialidades
2025-07-31 11:59:27 - INFO - PersonalService.get_personal - Personal obtenido exitosamente
2025-07-31 11:59:27 - INFO - LoginComponent.get_user_by_id - Consulta para usuario ID: 1
2025-07-31 11:59:27 - INFO - PersonaService.get_personas_disponibles - Iniciando
2025-07-31 11:59:27 - INFO - LoginComponent.get_user_by_id - Consulta para usuario ID: 1
2025-07-31 11:59:27 - INFO - EspecialidadService.get_especialidades - Iniciando
2025-07-31 11:59:27 - INFO - PersonaComponent.get_personas_disponibles_para_usuario - 37 personas disponibles
2025-07-31 11:59:27 - INFO - EspecialidadComponent.get_all_especialidades - 55 especialidades encontradas
2025-07-31 11:59:27 - INFO - PersonaService.get_personas_disponibles - Personas disponibles obtenidas
2025-07-31 11:59:27 - INFO - EspecialidadService.get_especialidades - Especialidades obtenidas exitosamente
2025-07-31 11:59:28 - INFO - LoginComponent.get_user_by_id - Consulta para usuario ID: 1
2025-07-31 11:59:28 - INFO - PersonalService.get_personal - Iniciando
2025-07-31 11:59:28 - INFO - PersonalComponent.get_all_personal - 8 miembros del personal encontrados con especialidades
2025-07-31 11:59:28 - INFO - PersonalService.get_personal - Personal obtenido exitosamente
2025-07-31 11:59:46 - INFO - LoginComponent.get_user_by_id - Consulta para usuario ID: 1
2025-07-31 11:59:46 - INFO - PersonalService.get_personal_especialidades - Personal ID: 8
2025-07-31 11:59:46 - INFO - PersonalComponent.get_personal_by_id - Personal 8 encontrado
2025-07-31 11:59:46 - INFO - PersonalService.get_personal_especialidades - 0 especialidades encontradas
2025-07-31 11:59:46 - INFO - LoginComponent.get_user_by_id - Consulta para usuario ID: 1
2025-07-31 11:59:46 - INFO - PersonalService.get_personal_especialidades - Personal ID: 8
2025-07-31 11:59:46 - INFO - PersonalComponent.get_personal_by_id - Personal 8 encontrado
2025-07-31 11:59:46 - INFO - PersonalService.get_personal_especialidades - 0 especialidades encontradas
2025-07-31 12:06:25 - INFO - LoginComponent.get_user_by_id - Consulta para usuario ID: 1
2025-07-31 12:06:25 - INFO - PersonalService.get_personal_especialidades - Personal ID: 8
2025-07-31 12:06:25 - INFO - PersonalComponent.get_personal_by_id - Personal 8 encontrado
2025-07-31 12:06:25 - INFO - PersonalService.get_personal_especialidades - 0 especialidades encontradas
2025-07-31 12:06:25 - INFO - LoginComponent.get_user_by_id - Consulta para usuario ID: 1
2025-07-31 12:06:25 - INFO - PersonalService.get_personal_especialidades - Personal ID: 8
2025-07-31 12:06:25 - INFO - PersonalComponent.get_personal_by_id - Personal 8 encontrado
2025-07-31 12:06:25 - INFO - PersonalService.get_personal_especialidades - 0 especialidades encontradas
2025-07-31 12:09:47 - INFO - LoginComponent.get_user_by_id - Consulta para usuario ID: 1
2025-07-31 12:09:47 - INFO - PersonalService.get_personal_especialidades - Personal ID: 8
2025-07-31 12:09:47 - INFO - PersonalComponent.get_personal_by_id - Personal 8 encontrado
2025-07-31 12:09:47 - INFO - PersonalService.get_personal_especialidades - 0 especialidades encontradas
2025-07-31 12:09:47 - INFO - LoginComponent.get_user_by_id - Consulta para usuario ID: 1
2025-07-31 12:09:47 - INFO - PersonalService.get_personal_especialidades - Personal ID: 8
2025-07-31 12:09:47 - INFO - PersonalComponent.get_personal_by_id - Personal 8 encontrado
2025-07-31 12:09:47 - INFO - PersonalService.get_personal_especialidades - 0 especialidades encontradas
2025-07-31 12:10:22 - INFO - LoginComponent.get_user_by_id - Consulta para usuario ID: 1
2025-07-31 12:10:22 - INFO - PersonalService.get_personal - Iniciando
2025-07-31 12:10:22 - INFO - LoginComponent.get_user_by_id - Consulta para usuario ID: 1
2025-07-31 12:10:22 - INFO - EspecialidadService.get_especialidades - Iniciando
2025-07-31 12:10:22 - INFO - EspecialidadComponent.get_all_especialidades - 55 especialidades encontradas
2025-07-31 12:10:22 - INFO - EspecialidadService.get_especialidades - Especialidades obtenidas exitosamente
2025-07-31 12:10:22 - INFO - LoginComponent.get_user_by_id - Consulta para usuario ID: 1
2025-07-31 12:10:22 - INFO - PersonaService.get_personas_disponibles - Iniciando
2025-07-31 12:10:22 - INFO - PersonaComponent.get_personas_disponibles_para_usuario - 37 personas disponibles
2025-07-31 12:10:22 - INFO - PersonaService.get_personas_disponibles - Personas disponibles obtenidas
2025-07-31 12:10:22 - INFO - PersonalComponent.get_all_personal - 8 miembros del personal encontrados con especialidades
2025-07-31 12:10:22 - INFO - PersonalService.get_personal - Personal obtenido exitosamente
2025-07-31 12:10:25 - INFO - LoginComponent.get_user_by_id - Consulta para usuario ID: 1
2025-07-31 12:10:25 - INFO - EspecialidadService.get_especialidades - Iniciando
2025-07-31 12:10:25 - INFO - EspecialidadComponent.get_all_especialidades - 55 especialidades encontradas
2025-07-31 12:10:25 - INFO - EspecialidadService.get_especialidades - Especialidades obtenidas exitosamente
2025-07-31 12:10:25 - INFO - LoginComponent.get_user_by_id - Consulta para usuario ID: 1
2025-07-31 12:10:25 - INFO - EspecialidadService.get_especialidades - Iniciando
2025-07-31 12:10:26 - INFO - EspecialidadComponent.get_all_especialidades - 55 especialidades encontradas
2025-07-31 12:10:26 - INFO - EspecialidadService.get_especialidades - Especialidades obtenidas exitosamente
2025-07-31 12:24:40 - INFO - LoginComponent.get_user_by_id - Consulta para usuario ID: 1
2025-07-31 12:24:40 - INFO - TutorService.get_tutores - Iniciando
2025-07-31 12:24:40 - INFO - LoginComponent.get_user_by_id - Consulta para usuario ID: 1
2025-07-31 12:24:40 - INFO - TutorService.get_estadisticas - Iniciando
2025-07-31 12:24:40 - INFO - LoginComponent.get_user_by_id - Consulta para usuario ID: 1
2025-07-31 12:24:40 - INFO - TutorService.get_personas_disponibles - Iniciando
2025-07-31 12:24:40 - INFO - TutorComponent.get_all_tutores - 10 tutores encontrados
2025-07-31 12:24:40 - INFO - TutorService.get_tutores - Tutores obtenidos exitosamente
2025-07-31 12:24:40 - INFO - TutorComponent.get_estadisticas_tutores - Estadísticas obtenidas
2025-07-31 12:24:40 - INFO - TutorService.get_estadisticas - Estadísticas obtenidas
2025-07-31 12:24:40 - INFO - TutorComponent.get_personas_disponibles_para_tutor - 35 personas disponibles
2025-07-31 12:24:40 - INFO - TutorService.get_personas_disponibles - Personas disponibles obtenidas
2025-07-31 12:24:40 - INFO - LoginComponent.get_user_by_id - Consulta para usuario ID: 1
2025-07-31 12:24:40 - INFO - TutorService.get_tutores - Iniciando
2025-07-31 12:24:40 - INFO - TutorComponent.get_all_tutores - 10 tutores encontrados
2025-07-31 12:24:40 - INFO - TutorService.get_tutores - Tutores obtenidos exitosamente
2025-07-31 12:24:40 - INFO - LoginComponent.get_user_by_id - Consulta para usuario ID: 1
2025-07-31 12:24:40 - INFO - TutorService.get_estadisticas - Iniciando
2025-07-31 12:24:40 - INFO - LoginComponent.get_user_by_id - Consulta para usuario ID: 1
2025-07-31 12:24:40 - INFO - TutorService.get_personas_disponibles - Iniciando
2025-07-31 12:24:40 - INFO - TutorComponent.get_personas_disponibles_para_tutor - 35 personas disponibles
2025-07-31 12:24:40 - INFO - TutorService.get_personas_disponibles - Personas disponibles obtenidas
2025-07-31 12:24:40 - INFO - TutorComponent.get_estadisticas_tutores - Estadísticas obtenidas
2025-07-31 12:24:40 - INFO - TutorService.get_estadisticas - Estadísticas obtenidas
2025-07-31 12:24:58 - INFO - LoginComponent.get_user_by_id - Consulta para usuario ID: 1
2025-07-31 12:24:58 - INFO - EspecialidadService.get_especialidades - Iniciando
2025-07-31 12:24:58 - INFO - EspecialidadComponent.get_all_especialidades - 55 especialidades encontradas
2025-07-31 12:24:58 - INFO - EspecialidadService.get_especialidades - Especialidades obtenidas exitosamente
2025-07-31 12:24:58 - INFO - LoginComponent.get_user_by_id - Consulta para usuario ID: 1
2025-07-31 12:24:58 - INFO - EspecialidadService.get_especialidades - Iniciando
2025-07-31 12:24:58 - INFO - EspecialidadComponent.get_all_especialidades - 55 especialidades encontradas
2025-07-31 12:24:58 - INFO - EspecialidadService.get_especialidades - Especialidades obtenidas exitosamente
2025-07-31 12:25:01 - INFO - LoginComponent.get_user_by_id - Consulta para usuario ID: 1
2025-07-31 12:25:01 - INFO - TutorService.get_estadisticas - Iniciando
2025-07-31 12:25:01 - INFO - LoginComponent.get_user_by_id - Consulta para usuario ID: 1
2025-07-31 12:25:01 - INFO - TutorService.get_tutores - Iniciando
2025-07-31 12:25:01 - INFO - LoginComponent.get_user_by_id - Consulta para usuario ID: 1
2025-07-31 12:25:01 - INFO - TutorService.get_personas_disponibles - Iniciando
2025-07-31 12:25:01 - INFO - TutorComponent.get_all_tutores - 10 tutores encontrados
2025-07-31 12:25:01 - INFO - TutorService.get_tutores - Tutores obtenidos exitosamente
2025-07-31 12:25:01 - INFO - TutorComponent.get_personas_disponibles_para_tutor - 35 personas disponibles
2025-07-31 12:25:01 - INFO - TutorService.get_personas_disponibles - Personas disponibles obtenidas
2025-07-31 12:25:01 - INFO - TutorComponent.get_estadisticas_tutores - Estadísticas obtenidas
2025-07-31 12:25:01 - INFO - TutorService.get_estadisticas - Estadísticas obtenidas
2025-07-31 12:25:01 - INFO - LoginComponent.get_user_by_id - Consulta para usuario ID: 1
2025-07-31 12:25:01 - INFO - TutorService.get_tutores - Iniciando
2025-07-31 12:25:01 - INFO - TutorComponent.get_all_tutores - 10 tutores encontrados
2025-07-31 12:25:01 - INFO - TutorService.get_tutores - Tutores obtenidos exitosamente
2025-07-31 12:25:01 - INFO - LoginComponent.get_user_by_id - Consulta para usuario ID: 1
2025-07-31 12:25:01 - INFO - TutorService.get_personas_disponibles - Iniciando
2025-07-31 12:25:01 - INFO - LoginComponent.get_user_by_id - Consulta para usuario ID: 1
2025-07-31 12:25:01 - INFO - TutorService.get_estadisticas - Iniciando
2025-07-31 12:25:01 - INFO - TutorComponent.get_personas_disponibles_para_tutor - 35 personas disponibles
2025-07-31 12:25:01 - INFO - TutorService.get_personas_disponibles - Personas disponibles obtenidas
2025-07-31 12:25:01 - INFO - TutorComponent.get_estadisticas_tutores - Estadísticas obtenidas
2025-07-31 12:25:01 - INFO - TutorService.get_estadisticas - Estadísticas obtenidas
2025-07-31 12:26:33 - INFO - LoginComponent.get_user_by_id - Consulta para usuario ID: 1
2025-07-31 12:26:33 - INFO - PacienteService.get_pacientes - Iniciando
2025-07-31 12:26:33 - INFO - LoginComponent.get_user_by_id - Consulta para usuario ID: 1
2025-07-31 12:26:33 - INFO - PacienteService.get_personas_disponibles - Iniciando
2025-07-31 12:26:33 - INFO - LoginComponent.get_user_by_id - Consulta para usuario ID: 1
2025-07-31 12:26:33 - INFO - LoginComponent.get_user_by_id - Consulta para usuario ID: 1
2025-07-31 12:26:33 - INFO - PacienteService.get_estadisticas - Iniciando
2025-07-31 12:26:33 - INFO - TutorService.get_tutores - Iniciando
2025-07-31 12:26:33 - INFO - PacienteComponent.get_all_pacientes - 10 pacientes encontrados
2025-07-31 12:26:33 - INFO - PacienteService.get_pacientes - Pacientes obtenidos exitosamente
2025-07-31 12:26:33 - INFO - PacienteComponent.get_personas_disponibles_para_paciente - 35 personas disponibles
2025-07-31 12:26:33 - INFO - PacienteService.get_personas_disponibles - Personas disponibles obtenidas
2025-07-31 12:26:33 - INFO - TutorComponent.get_all_tutores - 10 tutores encontrados
2025-07-31 12:26:33 - INFO - TutorService.get_tutores - Tutores obtenidos exitosamente
2025-07-31 12:26:33 - INFO - PacienteComponent.get_estadisticas_pacientes - Estadísticas obtenidas
2025-07-31 12:26:33 - INFO - PacienteService.get_estadisticas - Estadísticas obtenidas
2025-07-31 12:26:33 - INFO - LoginComponent.get_user_by_id - Consulta para usuario ID: 1
2025-07-31 12:26:33 - INFO - PacienteService.get_pacientes - Iniciando
2025-07-31 12:26:33 - INFO - LoginComponent.get_user_by_id - Consulta para usuario ID: 1
2025-07-31 12:26:33 - INFO - PacienteService.get_personas_disponibles - Iniciando
2025-07-31 12:26:33 - INFO - LoginComponent.get_user_by_id - Consulta para usuario ID: 1
2025-07-31 12:26:33 - INFO - TutorService.get_tutores - Iniciando
2025-07-31 12:26:33 - INFO - PacienteComponent.get_all_pacientes - 10 pacientes encontrados
2025-07-31 12:26:33 - INFO - PacienteService.get_pacientes - Pacientes obtenidos exitosamente
2025-07-31 12:26:33 - INFO - PacienteComponent.get_personas_disponibles_para_paciente - 35 personas disponibles
2025-07-31 12:26:33 - INFO - PacienteService.get_personas_disponibles - Personas disponibles obtenidas
2025-07-31 12:26:33 - INFO - TutorComponent.get_all_tutores - 10 tutores encontrados
2025-07-31 12:26:33 - INFO - TutorService.get_tutores - Tutores obtenidos exitosamente
2025-07-31 12:26:33 - INFO - LoginComponent.get_user_by_id - Consulta para usuario ID: 1
2025-07-31 12:26:33 - INFO - PacienteService.get_estadisticas - Iniciando
2025-07-31 12:26:33 - INFO - PacienteComponent.get_estadisticas_pacientes - Estadísticas obtenidas
2025-07-31 12:26:33 - INFO - PacienteService.get_estadisticas - Estadísticas obtenidas
2025-07-31 12:28:17 - INFO - LoginComponent.get_user_by_id - Consulta para usuario ID: 1
2025-07-31 12:28:17 - INFO - PersonalService.get_personal - Iniciando
2025-07-31 12:28:17 - INFO - LoginComponent.get_user_by_id - Consulta para usuario ID: 1
2025-07-31 12:28:17 - INFO - PacienteService.get_pacientes - Iniciando
2025-07-31 12:28:17 - INFO - LoginComponent.get_user_by_id - Consulta para usuario ID: 1
2025-07-31 12:28:17 - INFO - SesionTerapiaService.get_sesiones - Iniciando
2025-07-31 12:28:17 - INFO - LoginComponent.get_user_by_id - Consulta para usuario ID: 1
2025-07-31 12:28:17 - INFO - EspecialidadService.get_especialidades - Iniciando
2025-07-31 12:28:17 - INFO - PacienteComponent.get_all_pacientes - 10 pacientes encontrados
2025-07-31 12:28:17 - INFO - EspecialidadComponent.get_all_especialidades - 55 especialidades encontradas
2025-07-31 12:28:17 - INFO - PacienteService.get_pacientes - Pacientes obtenidos exitosamente
2025-07-31 12:28:17 - INFO - EspecialidadService.get_especialidades - Especialidades obtenidas exitosamente
2025-07-31 12:28:17 - INFO - SesionTerapiaComponent.get_sesiones - Sesiones obtenidas exitosamente
2025-07-31 12:28:17 - INFO - SesionTerapiaComponent.get_pacientes_sesion - 1 pacientes encontrados
2025-07-31 12:28:17 - INFO - SesionTerapiaComponent.get_pacientes_sesion - 1 pacientes encontrados
2025-07-31 12:28:17 - INFO - SesionTerapiaComponent.get_pacientes_sesion - 1 pacientes encontrados
2025-07-31 12:28:17 - INFO - SesionTerapiaComponent.get_pacientes_sesion - 0 pacientes encontrados
2025-07-31 12:28:17 - INFO - SesionTerapiaComponent.get_pacientes_sesion - 1 pacientes encontrados
2025-07-31 12:28:17 - INFO - SesionTerapiaComponent.get_pacientes_sesion - 1 pacientes encontrados
2025-07-31 12:28:17 - INFO - PersonalComponent.get_all_personal - 8 miembros del personal encontrados con especialidades
2025-07-31 12:28:17 - INFO - PersonalService.get_personal - Personal obtenido exitosamente
2025-07-31 12:28:17 - INFO - SesionTerapiaComponent.get_pacientes_sesion - 1 pacientes encontrados
2025-07-31 12:28:17 - INFO - LoginComponent.get_user_by_id - Consulta para usuario ID: 1
2025-07-31 12:28:17 - INFO - LoginComponent.get_user_by_id - Consulta para usuario ID: 1
2025-07-31 12:28:17 - INFO - PacienteService.get_pacientes - Iniciando
2025-07-31 12:28:17 - INFO - EspecialidadService.get_especialidades - Iniciando
2025-07-31 12:28:17 - INFO - SesionTerapiaComponent.get_pacientes_sesion - 0 pacientes encontrados
2025-07-31 12:28:17 - INFO - EspecialidadComponent.get_all_especialidades - 55 especialidades encontradas
2025-07-31 12:28:17 - INFO - EspecialidadService.get_especialidades - Especialidades obtenidas exitosamente
2025-07-31 12:28:17 - INFO - SesionTerapiaComponent.get_pacientes_sesion - 0 pacientes encontrados
2025-07-31 12:28:17 - INFO - SesionTerapiaComponent.get_pacientes_sesion - 0 pacientes encontrados
2025-07-31 12:28:17 - INFO - PacienteComponent.get_all_pacientes - 10 pacientes encontrados
2025-07-31 12:28:17 - INFO - PacienteService.get_pacientes - Pacientes obtenidos exitosamente
2025-07-31 12:28:17 - INFO - SesionTerapiaComponent.get_pacientes_sesion - 1 pacientes encontrados
2025-07-31 12:28:17 - INFO - SesionTerapiaComponent.get_pacientes_sesion - 2 pacientes encontrados
2025-07-31 12:28:18 - INFO - SesionTerapiaComponent.get_pacientes_sesion - 1 pacientes encontrados
2025-07-31 12:28:18 - INFO - SesionTerapiaComponent.get_pacientes_sesion - 2 pacientes encontrados
2025-07-31 12:28:18 - INFO - LoginComponent.get_user_by_id - Consulta para usuario ID: 1
2025-07-31 12:28:18 - INFO - PersonalService.get_personal - Iniciando
2025-07-31 12:28:18 - INFO - SesionTerapiaComponent.get_pacientes_sesion - 3 pacientes encontrados
2025-07-31 12:28:18 - INFO - SesionTerapiaService.get_sesiones - Sesiones obtenidas exitosamente
2025-07-31 12:28:18 - INFO - LoginComponent.get_user_by_id - Consulta para usuario ID: 1
2025-07-31 12:28:18 - INFO - SesionTerapiaService.get_sesiones - Iniciando
2025-07-31 12:28:18 - INFO - SesionTerapiaComponent.get_sesiones - Sesiones obtenidas exitosamente
2025-07-31 12:28:18 - INFO - SesionTerapiaComponent.get_pacientes_sesion - 1 pacientes encontrados
2025-07-31 12:28:18 - INFO - PersonalComponent.get_all_personal - 8 miembros del personal encontrados con especialidades
2025-07-31 12:28:18 - INFO - PersonalService.get_personal - Personal obtenido exitosamente
2025-07-31 12:28:18 - INFO - SesionTerapiaComponent.get_pacientes_sesion - 1 pacientes encontrados
2025-07-31 12:28:18 - INFO - SesionTerapiaComponent.get_pacientes_sesion - 1 pacientes encontrados
2025-07-31 12:28:18 - INFO - SesionTerapiaComponent.get_pacientes_sesion - 0 pacientes encontrados
2025-07-31 12:28:18 - INFO - SesionTerapiaComponent.get_pacientes_sesion - 1 pacientes encontrados
2025-07-31 12:28:18 - INFO - SesionTerapiaComponent.get_pacientes_sesion - 1 pacientes encontrados
2025-07-31 12:28:18 - INFO - SesionTerapiaComponent.get_pacientes_sesion - 1 pacientes encontrados
2025-07-31 12:28:19 - INFO - SesionTerapiaComponent.get_pacientes_sesion - 0 pacientes encontrados
2025-07-31 12:28:19 - INFO - SesionTerapiaComponent.get_pacientes_sesion - 0 pacientes encontrados
2025-07-31 12:28:19 - INFO - SesionTerapiaComponent.get_pacientes_sesion - 0 pacientes encontrados
2025-07-31 12:28:19 - INFO - SesionTerapiaComponent.get_pacientes_sesion - 1 pacientes encontrados
2025-07-31 12:28:19 - INFO - SesionTerapiaComponent.get_pacientes_sesion - 2 pacientes encontrados
2025-07-31 12:28:19 - INFO - SesionTerapiaComponent.get_pacientes_sesion - 1 pacientes encontrados
2025-07-31 12:28:19 - INFO - SesionTerapiaComponent.get_pacientes_sesion - 2 pacientes encontrados
2025-07-31 12:28:19 - INFO - SesionTerapiaComponent.get_pacientes_sesion - 3 pacientes encontrados
2025-07-31 12:28:19 - INFO - SesionTerapiaService.get_sesiones - Sesiones obtenidas exitosamente
2025-07-31 12:28:22 - INFO - LoginComponent.get_user_by_id - Consulta para usuario ID: 1
2025-07-31 12:28:22 - INFO - PacienteService.get_pacientes - Iniciando
2025-07-31 12:28:22 - INFO - LoginComponent.get_user_by_id - Consulta para usuario ID: 1
2025-07-31 12:28:22 - INFO - PacienteService.get_personas_disponibles - Iniciando
2025-07-31 12:28:22 - INFO - LoginComponent.get_user_by_id - Consulta para usuario ID: 1
2025-07-31 12:28:22 - INFO - TutorService.get_tutores - Iniciando
2025-07-31 12:28:22 - INFO - LoginComponent.get_user_by_id - Consulta para usuario ID: 1
2025-07-31 12:28:22 - INFO - PacienteService.get_estadisticas - Iniciando
2025-07-31 12:28:22 - INFO - PacienteComponent.get_personas_disponibles_para_paciente - 35 personas disponibles
2025-07-31 12:28:22 - INFO - PacienteComponent.get_all_pacientes - 10 pacientes encontrados
2025-07-31 12:28:22 - INFO - PacienteService.get_personas_disponibles - Personas disponibles obtenidas
2025-07-31 12:28:22 - INFO - PacienteService.get_pacientes - Pacientes obtenidos exitosamente
2025-07-31 12:28:22 - INFO - PacienteComponent.get_estadisticas_pacientes - Estadísticas obtenidas
2025-07-31 12:28:22 - INFO - PacienteService.get_estadisticas - Estadísticas obtenidas
2025-07-31 12:28:22 - INFO - TutorComponent.get_all_tutores - 10 tutores encontrados
2025-07-31 12:28:22 - INFO - TutorService.get_tutores - Tutores obtenidos exitosamente
2025-07-31 12:28:23 - INFO - LoginComponent.get_user_by_id - Consulta para usuario ID: 1
2025-07-31 12:28:23 - INFO - PacienteService.get_personas_disponibles - Iniciando
2025-07-31 12:28:23 - INFO - LoginComponent.get_user_by_id - Consulta para usuario ID: 1
2025-07-31 12:28:23 - INFO - PacienteService.get_pacientes - Iniciando
2025-07-31 12:28:23 - INFO - PacienteComponent.get_personas_disponibles_para_paciente - 35 personas disponibles
2025-07-31 12:28:23 - INFO - PacienteService.get_personas_disponibles - Personas disponibles obtenidas
2025-07-31 12:28:23 - INFO - LoginComponent.get_user_by_id - Consulta para usuario ID: 1
2025-07-31 12:28:23 - INFO - PacienteService.get_estadisticas - Iniciando
2025-07-31 12:28:23 - INFO - PacienteComponent.get_all_pacientes - 10 pacientes encontrados
2025-07-31 12:28:23 - INFO - PacienteService.get_pacientes - Pacientes obtenidos exitosamente
2025-07-31 12:28:23 - INFO - LoginComponent.get_user_by_id - Consulta para usuario ID: 1
2025-07-31 12:28:23 - INFO - TutorService.get_tutores - Iniciando
2025-07-31 12:28:23 - INFO - TutorComponent.get_all_tutores - 10 tutores encontrados
2025-07-31 12:28:23 - INFO - TutorService.get_tutores - Tutores obtenidos exitosamente
2025-07-31 12:28:23 - INFO - PacienteComponent.get_estadisticas_pacientes - Estadísticas obtenidas
2025-07-31 12:28:23 - INFO - PacienteService.get_estadisticas - Estadísticas obtenidas
2025-07-31 12:28:26 - INFO - LoginComponent.get_user_by_id - Consulta para usuario ID: 1
2025-07-31 12:28:26 - INFO - PacienteService.get_pacientes - Iniciando
2025-07-31 12:28:26 - INFO - LoginComponent.get_user_by_id - Consulta para usuario ID: 1
2025-07-31 12:28:26 - INFO - TutorService.get_tutores - Iniciando
2025-07-31 12:28:26 - INFO - LoginComponent.get_user_by_id - Consulta para usuario ID: 1
2025-07-31 12:28:26 - INFO - PacienteService.get_personas_disponibles - Iniciando
2025-07-31 12:28:26 - INFO - PacienteComponent.get_personas_disponibles_para_paciente - 35 personas disponibles
2025-07-31 12:28:26 - INFO - TutorComponent.get_all_tutores - 10 tutores encontrados
2025-07-31 12:28:26 - INFO - TutorService.get_tutores - Tutores obtenidos exitosamente
2025-07-31 12:28:26 - INFO - PacienteService.get_personas_disponibles - Personas disponibles obtenidas
2025-07-31 12:28:26 - INFO - PacienteComponent.get_all_pacientes - 10 pacientes encontrados
2025-07-31 12:28:26 - INFO - PacienteService.get_pacientes - Pacientes obtenidos exitosamente
2025-07-31 12:28:26 - INFO - LoginComponent.get_user_by_id - Consulta para usuario ID: 1
2025-07-31 12:28:26 - INFO - PacienteService.get_estadisticas - Iniciando
2025-07-31 12:28:26 - INFO - PacienteComponent.get_estadisticas_pacientes - Estadísticas obtenidas
2025-07-31 12:28:26 - INFO - PacienteService.get_estadisticas - Estadísticas obtenidas
2025-07-31 12:28:33 - INFO - LoginComponent.get_user_by_id - Consulta para usuario ID: 1
2025-07-31 12:28:33 - INFO - PacienteService.get_pacientes - Iniciando
2025-07-31 12:28:33 - INFO - LoginComponent.get_user_by_id - Consulta para usuario ID: 1
2025-07-31 12:28:33 - INFO - LoginComponent.get_user_by_id - Consulta para usuario ID: 1
2025-07-31 12:28:33 - INFO - SesionTerapiaService.get_sesiones - Iniciando
2025-07-31 12:28:33 - INFO - EspecialidadService.get_especialidades - Iniciando
2025-07-31 12:28:33 - INFO - LoginComponent.get_user_by_id - Consulta para usuario ID: 1
2025-07-31 12:28:33 - INFO - PersonalService.get_personal - Iniciando
2025-07-31 12:28:33 - INFO - EspecialidadComponent.get_all_especialidades - 55 especialidades encontradas
2025-07-31 12:28:33 - INFO - EspecialidadService.get_especialidades - Especialidades obtenidas exitosamente
2025-07-31 12:28:33 - INFO - PacienteComponent.get_all_pacientes - 10 pacientes encontrados
2025-07-31 12:28:33 - INFO - PacienteService.get_pacientes - Pacientes obtenidos exitosamente
2025-07-31 12:28:33 - INFO - SesionTerapiaComponent.get_sesiones - Sesiones obtenidas exitosamente
2025-07-31 12:28:33 - INFO - SesionTerapiaComponent.get_pacientes_sesion - 1 pacientes encontrados
2025-07-31 12:28:33 - INFO - SesionTerapiaComponent.get_pacientes_sesion - 1 pacientes encontrados
2025-07-31 12:28:33 - INFO - SesionTerapiaComponent.get_pacientes_sesion - 1 pacientes encontrados
2025-07-31 12:28:33 - INFO - SesionTerapiaComponent.get_pacientes_sesion - 0 pacientes encontrados
2025-07-31 12:28:33 - INFO - SesionTerapiaComponent.get_pacientes_sesion - 1 pacientes encontrados
2025-07-31 12:28:33 - INFO - SesionTerapiaComponent.get_pacientes_sesion - 1 pacientes encontrados
2025-07-31 12:28:33 - INFO - SesionTerapiaComponent.get_pacientes_sesion - 1 pacientes encontrados
2025-07-31 12:28:33 - INFO - PersonalComponent.get_all_personal - 8 miembros del personal encontrados con especialidades
2025-07-31 12:28:33 - INFO - PersonalService.get_personal - Personal obtenido exitosamente
2025-07-31 12:28:33 - INFO - LoginComponent.get_user_by_id - Consulta para usuario ID: 1
2025-07-31 12:28:33 - INFO - EspecialidadService.get_especialidades - Iniciando
2025-07-31 12:28:33 - INFO - LoginComponent.get_user_by_id - Consulta para usuario ID: 1
2025-07-31 12:28:33 - INFO - PacienteService.get_pacientes - Iniciando
2025-07-31 12:28:33 - INFO - SesionTerapiaComponent.get_pacientes_sesion - 0 pacientes encontrados
2025-07-31 12:28:33 - INFO - EspecialidadComponent.get_all_especialidades - 55 especialidades encontradas
2025-07-31 12:28:33 - INFO - EspecialidadService.get_especialidades - Especialidades obtenidas exitosamente
2025-07-31 12:28:33 - INFO - PacienteComponent.get_all_pacientes - 10 pacientes encontrados
2025-07-31 12:28:33 - INFO - PacienteService.get_pacientes - Pacientes obtenidos exitosamente
2025-07-31 12:28:33 - INFO - SesionTerapiaComponent.get_pacientes_sesion - 0 pacientes encontrados
2025-07-31 12:28:33 - INFO - SesionTerapiaComponent.get_pacientes_sesion - 0 pacientes encontrados
2025-07-31 12:28:33 - INFO - LoginComponent.get_user_by_id - Consulta para usuario ID: 1
2025-07-31 12:28:33 - INFO - SesionTerapiaComponent.get_pacientes_sesion - 1 pacientes encontrados
2025-07-31 12:28:33 - INFO - PersonalService.get_personal - Iniciando
2025-07-31 12:28:34 - INFO - SesionTerapiaComponent.get_pacientes_sesion - 2 pacientes encontrados
2025-07-31 12:28:34 - INFO - SesionTerapiaComponent.get_pacientes_sesion - 1 pacientes encontrados
2025-07-31 12:28:34 - INFO - SesionTerapiaComponent.get_pacientes_sesion - 2 pacientes encontrados
2025-07-31 12:28:34 - INFO - SesionTerapiaComponent.get_pacientes_sesion - 3 pacientes encontrados
2025-07-31 12:28:34 - INFO - SesionTerapiaService.get_sesiones - Sesiones obtenidas exitosamente
2025-07-31 12:28:34 - INFO - PersonalComponent.get_all_personal - 8 miembros del personal encontrados con especialidades
2025-07-31 12:28:34 - INFO - PersonalService.get_personal - Personal obtenido exitosamente
2025-07-31 12:28:34 - INFO - LoginComponent.get_user_by_id - Consulta para usuario ID: 1
2025-07-31 12:28:34 - INFO - SesionTerapiaService.get_sesiones - Iniciando
2025-07-31 12:28:34 - INFO - SesionTerapiaComponent.get_sesiones - Sesiones obtenidas exitosamente
2025-07-31 12:28:34 - INFO - SesionTerapiaComponent.get_pacientes_sesion - 1 pacientes encontrados
2025-07-31 12:28:34 - INFO - SesionTerapiaComponent.get_pacientes_sesion - 1 pacientes encontrados
2025-07-31 12:28:34 - INFO - SesionTerapiaComponent.get_pacientes_sesion - 1 pacientes encontrados
2025-07-31 12:28:34 - INFO - SesionTerapiaComponent.get_pacientes_sesion - 0 pacientes encontrados
2025-07-31 12:28:34 - INFO - SesionTerapiaComponent.get_pacientes_sesion - 1 pacientes encontrados
2025-07-31 12:28:34 - INFO - SesionTerapiaComponent.get_pacientes_sesion - 1 pacientes encontrados
2025-07-31 12:28:35 - INFO - SesionTerapiaComponent.get_pacientes_sesion - 1 pacientes encontrados
2025-07-31 12:28:35 - INFO - SesionTerapiaComponent.get_pacientes_sesion - 0 pacientes encontrados
2025-07-31 12:28:35 - INFO - SesionTerapiaComponent.get_pacientes_sesion - 0 pacientes encontrados
2025-07-31 12:28:35 - INFO - SesionTerapiaComponent.get_pacientes_sesion - 0 pacientes encontrados
2025-07-31 12:28:35 - INFO - SesionTerapiaComponent.get_pacientes_sesion - 1 pacientes encontrados
2025-07-31 12:28:35 - INFO - SesionTerapiaComponent.get_pacientes_sesion - 2 pacientes encontrados
2025-07-31 12:28:35 - INFO - SesionTerapiaComponent.get_pacientes_sesion - 1 pacientes encontrados
2025-07-31 12:28:35 - INFO - SesionTerapiaComponent.get_pacientes_sesion - 2 pacientes encontrados
2025-07-31 12:28:35 - INFO - SesionTerapiaComponent.get_pacientes_sesion - 3 pacientes encontrados
2025-07-31 12:28:35 - INFO - SesionTerapiaService.get_sesiones - Sesiones obtenidas exitosamente
2025-07-31 12:33:18 - INFO - LoginComponent.get_user_by_id - Consulta para usuario ID: 1
2025-07-31 12:33:18 - INFO - SesionTerapiaService.get_sesiones - Iniciando
2025-07-31 12:33:18 - INFO - LoginComponent.get_user_by_id - Consulta para usuario ID: 1
2025-07-31 12:33:18 - INFO - EspecialidadService.get_especialidades - Iniciando
2025-07-31 12:33:18 - INFO - LoginComponent.get_user_by_id - Consulta para usuario ID: 1
2025-07-31 12:33:18 - INFO - LoginComponent.get_user_by_id - Consulta para usuario ID: 1
2025-07-31 12:33:18 - INFO - PacienteService.get_pacientes - Iniciando
2025-07-31 12:33:18 - INFO - PersonalService.get_personal - Iniciando
2025-07-31 12:33:18 - INFO - EspecialidadComponent.get_all_especialidades - 55 especialidades encontradas
2025-07-31 12:33:18 - INFO - EspecialidadService.get_especialidades - Especialidades obtenidas exitosamente
2025-07-31 12:33:18 - INFO - PacienteComponent.get_all_pacientes - 10 pacientes encontrados
2025-07-31 12:33:18 - INFO - PacienteService.get_pacientes - Pacientes obtenidos exitosamente
2025-07-31 12:33:18 - INFO - SesionTerapiaComponent.get_sesiones - Sesiones obtenidas exitosamente
2025-07-31 12:33:18 - INFO - SesionTerapiaComponent.get_pacientes_sesion - 1 pacientes encontrados
2025-07-31 12:33:18 - INFO - SesionTerapiaComponent.get_pacientes_sesion - 1 pacientes encontrados
2025-07-31 12:33:18 - INFO - SesionTerapiaComponent.get_pacientes_sesion - 1 pacientes encontrados
2025-07-31 12:33:18 - INFO - SesionTerapiaComponent.get_pacientes_sesion - 0 pacientes encontrados
2025-07-31 12:33:18 - INFO - SesionTerapiaComponent.get_pacientes_sesion - 1 pacientes encontrados
2025-07-31 12:33:18 - INFO - SesionTerapiaComponent.get_pacientes_sesion - 1 pacientes encontrados
2025-07-31 12:33:18 - INFO - PersonalComponent.get_all_personal - 8 miembros del personal encontrados con especialidades
2025-07-31 12:33:18 - INFO - PersonalService.get_personal - Personal obtenido exitosamente
2025-07-31 12:33:18 - INFO - SesionTerapiaComponent.get_pacientes_sesion - 1 pacientes encontrados
2025-07-31 12:33:18 - INFO - SesionTerapiaComponent.get_pacientes_sesion - 0 pacientes encontrados
2025-07-31 12:33:18 - INFO - SesionTerapiaComponent.get_pacientes_sesion - 0 pacientes encontrados
2025-07-31 12:33:18 - INFO - SesionTerapiaComponent.get_pacientes_sesion - 0 pacientes encontrados
2025-07-31 12:33:19 - INFO - SesionTerapiaComponent.get_pacientes_sesion - 1 pacientes encontrados
2025-07-31 12:33:19 - INFO - SesionTerapiaComponent.get_pacientes_sesion - 2 pacientes encontrados
2025-07-31 12:33:19 - INFO - SesionTerapiaComponent.get_pacientes_sesion - 1 pacientes encontrados
2025-07-31 12:33:19 - INFO - SesionTerapiaComponent.get_pacientes_sesion - 2 pacientes encontrados
2025-07-31 12:33:19 - INFO - SesionTerapiaComponent.get_pacientes_sesion - 3 pacientes encontrados
2025-07-31 12:33:19 - INFO - SesionTerapiaService.get_sesiones - Sesiones obtenidas exitosamente
2025-07-31 14:37:44 - INFO - LoginComponent.get_user_by_id - Consulta para usuario ID: 1
2025-07-31 14:37:44 - INFO - LoginComponent.get_user_by_id - Consulta para usuario ID: 1
2025-07-31 14:37:44 - INFO - PersonalService.get_personal - Iniciando
2025-07-31 14:37:44 - INFO - SesionPedagogicaService.get_sesiones - Iniciando
2025-07-31 14:37:44 - INFO - LoginComponent.get_user_by_id - Consulta para usuario ID: 1
2025-07-31 14:37:44 - INFO - EspecialidadService.get_especialidades_by_area - Área: pedagogico
2025-07-31 14:37:44 - INFO - LoginComponent.get_user_by_id - Consulta para usuario ID: 1
2025-07-31 14:37:44 - INFO - PacienteService.get_pacientes - Iniciando
2025-07-31 14:37:44 - INFO - EspecialidadComponent.get_especialidades_by_area - 34 especialidades de área pedagogico encontradas
2025-07-31 14:37:44 - INFO - EspecialidadService.get_especialidades_by_area - Especialidades de pedagogico obtenidas
2025-07-31 14:37:44 - INFO - PacienteComponent.get_all_pacientes - 10 pacientes encontrados
2025-07-31 14:37:44 - INFO - PacienteService.get_pacientes - Pacientes obtenidos exitosamente
2025-07-31 14:37:44 - INFO - SesionPedagogicaComponent.get_sesiones - Sesiones obtenidas exitosamente
2025-07-31 14:37:44 - INFO - SesionPedagogicaService.get_sesiones - Sesiones obtenidas exitosamente
2025-07-31 14:37:44 - INFO - LoginComponent.get_user_by_id - Consulta para usuario ID: 1
2025-07-31 14:37:44 - INFO - EspecialidadService.get_especialidades_by_area - Área: pedagogico
2025-07-31 14:37:44 - INFO - LoginComponent.get_user_by_id - Consulta para usuario ID: 1
2025-07-31 14:37:44 - INFO - PacienteService.get_pacientes - Iniciando
2025-07-31 14:37:45 - INFO - LoginComponent.get_user_by_id - Consulta para usuario ID: 1
2025-07-31 14:37:45 - INFO - SesionPedagogicaService.get_sesiones - Iniciando
2025-07-31 14:37:45 - INFO - PersonalComponent.get_all_personal - 8 miembros del personal encontrados con especialidades
2025-07-31 14:37:45 - INFO - PersonalService.get_personal - Personal obtenido exitosamente
2025-07-31 14:37:45 - INFO - EspecialidadComponent.get_especialidades_by_area - 34 especialidades de área pedagogico encontradas
2025-07-31 14:37:45 - INFO - EspecialidadService.get_especialidades_by_area - Especialidades de pedagogico obtenidas
2025-07-31 14:37:45 - INFO - PacienteComponent.get_all_pacientes - 10 pacientes encontrados
2025-07-31 14:37:45 - INFO - PacienteService.get_pacientes - Pacientes obtenidos exitosamente
2025-07-31 14:37:45 - INFO - SesionPedagogicaComponent.get_sesiones - Sesiones obtenidas exitosamente
2025-07-31 14:37:45 - INFO - SesionPedagogicaService.get_sesiones - Sesiones obtenidas exitosamente
2025-07-31 14:37:45 - INFO - LoginComponent.get_user_by_id - Consulta para usuario ID: 1
2025-07-31 14:37:45 - INFO - PersonalService.get_personal - Iniciando
2025-07-31 14:37:45 - INFO - LoginComponent.get_user_by_id - Consulta para usuario ID: 1
2025-07-31 14:37:45 - INFO - LoginComponent.get_user_by_id - Consulta para usuario ID: 1
2025-07-31 14:37:45 - INFO - SesionPedagogicaService.get_estadisticas - Iniciando
2025-07-31 14:37:45 - INFO - SesionPedagogicaComponent.get_estadisticas_sesiones - Estadísticas obtenidas
2025-07-31 14:37:45 - INFO - SesionPedagogicaService.get_estadisticas - Estadísticas obtenidas
2025-07-31 14:37:46 - INFO - PersonalComponent.get_all_personal - 8 miembros del personal encontrados con especialidades
2025-07-31 14:37:46 - INFO - PersonalService.get_personal - Personal obtenido exitosamente
2025-07-31 14:37:46 - INFO - LoginComponent.get_user_by_id - Consulta para usuario ID: 1
2025-07-31 14:37:46 - INFO - LoginComponent.get_user_by_id - Consulta para usuario ID: 1
2025-07-31 14:37:46 - INFO - SesionPedagogicaService.get_estadisticas - Iniciando
2025-07-31 14:37:46 - INFO - SesionPedagogicaComponent.get_estadisticas_sesiones - Estadísticas obtenidas
2025-07-31 14:37:46 - INFO - SesionPedagogicaService.get_estadisticas - Estadísticas obtenidas
